{ "data": { "request": [ {"query": "Lat 23.50 and Lon 120.42", "type": "LatLon" } ],  "weather": [ { "astronomy": [ {"moonrise": "04:37 AM", "moonset": "05:55 PM", "sunrise": "05:20 AM", "sunset": "06:30 PM" } ], "date": "2013-05-09",  "hourly": [ {"cloudcover": "47", "DewPointC": "19", "DewPointF": "67", "FeelsLikeC": "21", "FeelsLikeF": "70", "HeatIndexC": "24", "HeatIndexF": "76", "humidity": "88", "precipMM": "0.1", "pressure": "1012", "tempC": "21", "tempF": "70", "time": "200", "visibility": "10", "weatherCode": "116",  "weatherDesc": [ {"value": "Partly Cloudy" } ],  "weatherIconUrl": [ {"value": "http:\/\/cdn.worldweatheronline.net\/images\/wsymbols01_png_64\/wsymbol_0004_black_low_cloud.png" } ], "WindChillC": "21", "WindChillF": "70", "winddir16Point": "WNW", "winddirDegree": "301", "WindGustKmph": "4", "WindGustMiles": "2", "windspeedKmph": "2", "windspeedMiles": "1" }, {"cloudcover": "48", "DewPointC": "19", "DewPointF": "66", "FeelsLikeC": "21", "FeelsLikeF": "69", "HeatIndexC": "21", "HeatIndexF": "69", "humidity": "89", "precipMM": "0.0", "pressure": "1012", "tempC": "21", "tempF": "69", "time": "500", "visibility": "10", "weatherCode": "116",  "weatherDesc": [ {"value": "Partly Cloudy" } ],  "weatherIconUrl": [ {"value": "http:\/\/cdn.worldweatheronline.net\/images\/wsymbols01_png_64\/wsymbol_0004_black_low_cloud.png" } ], "WindChillC": "21", "WindChillF": "69", "winddir16Point": "W", "winddirDegree": "278", "WindGustKmph": "8", "WindGustMiles": "5", "windspeedKmph": "4", "windspeedMiles": "2" }, {"cloudcover": "33", "DewPointC": "22", "DewPointF": "71", "FeelsLikeC": "28", "FeelsLikeF": "82", "HeatIndexC": "28", "HeatIndexF": "82", "humidity": "79", "precipMM": "0.0", "pressure": "1012", "tempC": "24", "tempF": "74", "time": "800", "visibility": "10", "weatherCode": "116",  "weatherDesc": [ {"value": "Partly Cloudy" } ],  "weatherIconUrl": [ {"value": "http:\/\/cdn.worldweatheronline.net\/images\/wsymbols01_png_64\/wsymbol_0002_sunny_intervals.png" } ], "WindChillC": "26", "WindChillF": "78", "winddir16Point": "WNW", "winddirDegree": "295", "WindGustKmph": "10", "WindGustMiles": "6", "windspeedKmph": "8", "windspeedMiles": "5" }, {"cloudcover": "70", "DewPointC": "25", "DewPointF": "78", "FeelsLikeC": "39", "FeelsLikeF": "101", "HeatIndexC": "39", "HeatIndexF": "101", "humidity": "70", "precipMM": "0.0", "pressure": "1013", "tempC": "29", "tempF": "85", "time": "1100", "visibility": "10", "weatherCode": "119",  "weatherDesc": [ {"value": "Cloudy" } ],  "weatherIconUrl": [ {"value": "http:\/\/cdn.worldweatheronline.net\/images\/wsymbols01_png_64\/wsymbol_0003_white_cloud.png" } ], "WindChillC": "32", "WindChillF": "89", "winddir16Point": "WNW", "winddirDegree": "286", "WindGustKmph": "14", "WindGustMiles": "9", "windspeedKmph": "13", "windspeedMiles": "8" }, {"cloudcover": "31", "DewPointC": "25", "DewPointF": "78", "FeelsLikeC": "39", "FeelsLikeF": "103", "HeatIndexC": "39", "HeatIndexF": "103", "humidity": "69", "precipMM": "0.1", "pressure": "1011", "tempC": "29", "tempF": "85", "time": "1400", "visibility": "10", "weatherCode": "116",  "weatherDesc": [ {"value": "Partly Cloudy" } ],  "weatherIconUrl": [ {"value": "http:\/\/cdn.worldweatheronline.net\/images\/wsymbols01_png_64\/wsymbol_0002_sunny_intervals.png" } ], "WindChillC": "32", "WindChillF": "89", "winddir16Point": "WNW", "winddirDegree": "298", "WindGustKmph": "12", "WindGustMiles": "7", "windspeedKmph": "10", "windspeedMiles": "6" }, {"cloudcover": "48", "DewPointC": "25", "DewPointF": "76", "FeelsLikeC": "37", "FeelsLikeF": "99", "HeatIndexC": "37", "HeatIndexF": "99", "humidity": "68", "precipMM": "0.0", "pressure": "1009", "tempC": "29", "tempF": "84", "time": "1700", "visibility": "10", "weatherCode": "116",  "weatherDesc": [ {"value": "Partly Cloudy" } ],  "weatherIconUrl": [ {"value": "http:\/\/cdn.worldweatheronline.net\/images\/wsymbols01_png_64\/wsymbol_0002_sunny_intervals.png" } ], "WindChillC": "31", "WindChillF": "88", "winddir16Point": "W", "winddirDegree": "268", "WindGustKmph": "10", "WindGustMiles": "6", "windspeedKmph": "9", "windspeedMiles": "6" }, {"cloudcover": "13", "DewPointC": "23", "DewPointF": "74", "FeelsLikeC": "29", "FeelsLikeF": "85", "HeatIndexC": "29", "HeatIndexF": "85", "humidity": "82", "precipMM": "0.0", "pressure": "1010", "tempC": "26", "tempF": "79", "time": "2000", "visibility": "10", "weatherCode": "113",  "weatherDesc": [ {"value": "Clear" } ],  "weatherIconUrl": [ {"value": "http:\/\/cdn.worldweatheronline.net\/images\/wsymbols01_png_64\/wsymbol_0008_clear_sky_night.png" } ], "WindChillC": "26", "WindChillF": "79", "winddir16Point": "W", "winddirDegree": "278", "WindGustKmph": "7", "WindGustMiles": "4", "windspeedKmph": "6", "windspeedMiles": "4" }, {"cloudcover": "9", "DewPointC": "20", "DewPointF": "69", "FeelsLikeC": "25", "FeelsLikeF": "77", "HeatIndexC": "25", "HeatIndexF": "77", "humidity": "87", "precipMM": "0.1", "pressure": "1011", "tempC": "23", "tempF": "73", "time": "2300", "visibility": "10", "weatherCode": "113",  "weatherDesc": [ {"value": "Clear" } ],  "weatherIconUrl": [ {"value": "http:\/\/cdn.worldweatheronline.net\/images\/wsymbols01_png_64\/wsymbol_0008_clear_sky_night.png" } ], "WindChillC": "23", "WindChillF": "73", "winddir16Point": "SW", "winddirDegree": "231", "WindGustKmph": "8", "WindGustMiles": "5", "windspeedKmph": "4", "windspeedMiles": "2" } ], "maxtempC": "29", "maxtempF": "85", "mintempC": "21", "mintempF": "69" } ] }}