{ "data": { "request": [ {"query": "Lat 23.50 and Lon 120.42", "type": "LatLon" } ],  "weather": [ { "astronomy": [ {"moonrise": "09:08 AM", "moonset": "09:08 PM", "sunrise": "05:33 AM", "sunset": "06:34 PM" } ], "date": "2013-08-11",  "hourly": [ {"cloudcover": "7", "DewPointC": "21", "DewPointF": "69", "FeelsLikeC": "27", "FeelsLikeF": "80", "HeatIndexC": "27", "HeatIndexF": "80", "humidity": "77", "precipMM": "0.0", "pressure": "1010", "tempC": "25", "tempF": "77", "time": "200", "visibility": "10", "weatherCode": "113",  "weatherDesc": [ {"value": "Clear" } ],  "weatherIconUrl": [ {"value": "http:\/\/cdn.worldweatheronline.net\/images\/wsymbols01_png_64\/wsymbol_0008_clear_sky_night.png" } ], "WindChillC": "25", "WindChillF": "77", "winddir16Point": "SE", "winddirDegree": "138", "WindGustKmph": "6", "WindGustMiles": "4", "windspeedKmph": "3", "windspeedMiles": "2" }, {"cloudcover": "6", "DewPointC": "19", "DewPointF": "67", "FeelsLikeC": "26", "FeelsLikeF": "78", "HeatIndexC": "26", "HeatIndexF": "78", "humidity": "76", "precipMM": "0.0", "pressure": "1009", "tempC": "24", "tempF": "75", "time": "500", "visibility": "10", "weatherCode": "113",  "weatherDesc": [ {"value": "Clear" } ],  "weatherIconUrl": [ {"value": "http:\/\/cdn.worldweatheronline.net\/images\/wsymbols01_png_64\/wsymbol_0008_clear_sky_night.png" } ], "WindChillC": "24", "WindChillF": "75", "winddir16Point": "SSE", "winddirDegree": "146", "WindGustKmph": "4", "WindGustMiles": "2", "windspeedKmph": "2", "windspeedMiles": "1" }, {"cloudcover": "6", "DewPointC": "21", "DewPointF": "71", "FeelsLikeC": "32", "FeelsLikeF": "90", "HeatIndexC": "32", "HeatIndexF": "90", "humidity": "62", "precipMM": "0.0", "pressure": "1009", "tempC": "27", "tempF": "80", "time": "800", "visibility": "10", "weatherCode": "113",  "weatherDesc": [ {"value": "Sunny" } ],  "weatherIconUrl": [ {"value": "http:\/\/cdn.worldweatheronline.net\/images\/wsymbols01_png_64\/wsymbol_0001_sunny.png" } ], "WindChillC": "29", "WindChillF": "85", "winddir16Point": "NW", "winddirDegree": "324", "WindGustKmph": "9", "WindGustMiles": "6", "windspeedKmph": "8", "windspeedMiles": "5" }, {"cloudcover": "9", "DewPointC": "24", "DewPointF": "76", "FeelsLikeC": "42", "FeelsLikeF": "107", "HeatIndexC": "42", "HeatIndexF": "107", "humidity": "57", "precipMM": "0.0", "pressure": "1010", "tempC": "33", "tempF": "91", "time": "1100", "visibility": "10", "weatherCode": "113",  "weatherDesc": [ {"value": "Sunny" } ],  "weatherIconUrl": [ {"value": "http:\/\/cdn.worldweatheronline.net\/images\/wsymbols01_png_64\/wsymbol_0001_sunny.png" } ], "WindChillC": "34", "WindChillF": "94", "winddir16Point": "NW", "winddirDegree": "314", "WindGustKmph": "16", "WindGustMiles": "10", "windspeedKmph": "14", "windspeedMiles": "9" }, {"cloudcover": "14", "DewPointC": "25", "DewPointF": "77", "FeelsLikeC": "43", "FeelsLikeF": "110", "HeatIndexC": "43", "HeatIndexF": "110", "humidity": "56", "precipMM": "0.1", "pressure": "1009", "tempC": "34", "tempF": "93", "time": "1400", "visibility": "10", "weatherCode": "113",  "weatherDesc": [ {"value": "Sunny" } ],  "weatherIconUrl": [ {"value": "http:\/\/cdn.worldweatheronline.net\/images\/wsymbols01_png_64\/wsymbol_0001_sunny.png" } ], "WindChillC": "35", "WindChillF": "95", "winddir16Point": "NW", "winddirDegree": "312", "WindGustKmph": "19", "WindGustMiles": "12", "windspeedKmph": "16", "windspeedMiles": "10" }, {"cloudcover": "17", "DewPointC": "26", "DewPointF": "79", "FeelsLikeC": "45", "FeelsLikeF": "113", "HeatIndexC": "45", "HeatIndexF": "113", "humidity": "61", "precipMM": "1.6", "pressure": "1008", "tempC": "33", "tempF": "91", "time": "1700", "visibility": "9", "weatherCode": "176",  "weatherDesc": [ {"value": "Patchy rain nearby" } ],  "weatherIconUrl": [ {"value": "http:\/\/cdn.worldweatheronline.net\/images\/wsymbols01_png_64\/wsymbol_0009_light_rain_showers.png" } ], "WindChillC": "35", "WindChillF": "95", "winddir16Point": "NW", "winddirDegree": "314", "WindGustKmph": "13", "WindGustMiles": "8", "windspeedKmph": "9", "windspeedMiles": "6" }, {"cloudcover": "8", "DewPointC": "25", "DewPointF": "77", "FeelsLikeC": "36", "FeelsLikeF": "98", "HeatIndexC": "36", "HeatIndexF": "98", "humidity": "74", "precipMM": "0.1", "pressure": "1008", "tempC": "30", "tempF": "86", "time": "2000", "visibility": "10", "weatherCode": "113",  "weatherDesc": [ {"value": "Clear" } ],  "weatherIconUrl": [ {"value": "http:\/\/cdn.worldweatheronline.net\/images\/wsymbols01_png_64\/wsymbol_0008_clear_sky_night.png" } ], "WindChillC": "30", "WindChillF": "86", "winddir16Point": "NNW", "winddirDegree": "343", "WindGustKmph": "7", "WindGustMiles": "4", "windspeedKmph": "6", "windspeedMiles": "4" }, {"cloudcover": "8", "DewPointC": "23", "DewPointF": "73", "FeelsLikeC": "30", "FeelsLikeF": "86", "HeatIndexC": "30", "HeatIndexF": "86", "humidity": "77", "precipMM": "0.0", "pressure": "1009", "tempC": "27", "tempF": "81", "time": "2300", "visibility": "10", "weatherCode": "113",  "weatherDesc": [ {"value": "Clear" } ],  "weatherIconUrl": [ {"value": "http:\/\/cdn.worldweatheronline.net\/images\/wsymbols01_png_64\/wsymbol_0008_clear_sky_night.png" } ], "WindChillC": "27", "WindChillF": "81", "winddir16Point": "ENE", "winddirDegree": "76", "WindGustKmph": "4", "WindGustMiles": "2", "windspeedKmph": "2", "windspeedMiles": "1" } ], "maxtempC": "34", "maxtempF": "93", "mintempC": "24", "mintempF": "75" } ] }}