{ "data": { "request": [ {"query": "Lat 23.50 and Lon 120.42", "type": "LatLon" } ],  "weather": [ { "astronomy": [ {"moonrise": "07:08 PM", "moonset": "06:32 AM", "sunrise": "05:37 AM", "sunset": "06:25 PM" } ], "date": "2013-08-22",  "hourly": [ {"cloudcover": "68", "DewPointC": "24", "DewPointF": "76", "FeelsLikeC": "30", "FeelsLikeF": "85", "HeatIndexC": "30", "HeatIndexF": "85", "humidity": "91", "precipMM": "10.5", "pressure": "989", "tempC": "26", "tempF": "79", "time": "200", "visibility": "3", "weatherCode": "359",  "weatherDesc": [ {"value": "Torrential rain shower" } ],  "weatherIconUrl": [ {"value": "http:\/\/cdn.worldweatheronline.net\/images\/wsymbols01_png_64\/wsymbol_0034_cloudy_with_heavy_rain_night.png" } ], "WindChillC": "26", "WindChillF": "79", "winddir16Point": "SSW", "winddirDegree": "203", "WindGustKmph": "60", "WindGustMiles": "37", "windspeedKmph": "30", "windspeedMiles": "19" }, {"cloudcover": "94", "DewPointC": "24", "DewPointF": "74", "FeelsLikeC": "28", "FeelsLikeF": "83", "HeatIndexC": "28", "HeatIndexF": "83", "humidity": "92", "precipMM": "9.3", "pressure": "991", "tempC": "25", "tempF": "77", "time": "500", "visibility": "3", "weatherCode": "359",  "weatherDesc": [ {"value": "Torrential rain shower" } ],  "weatherIconUrl": [ {"value": "http:\/\/cdn.worldweatheronline.net\/images\/wsymbols01_png_64\/wsymbol_0034_cloudy_with_heavy_rain_night.png" } ], "WindChillC": "25", "WindChillF": "77", "winddir16Point": "S", "winddirDegree": "188", "WindGustKmph": "64", "WindGustMiles": "40", "windspeedKmph": "33", "windspeedMiles": "21" }, {"cloudcover": "52", "DewPointC": "25", "DewPointF": "78", "FeelsLikeC": "33", "FeelsLikeF": "91", "HeatIndexC": "33", "HeatIndexF": "91", "humidity": "87", "precipMM": "7.5", "pressure": "994", "tempC": "28", "tempF": "82", "time": "800", "visibility": "6", "weatherCode": "305",  "weatherDesc": [ {"value": "Heavy rain at times" } ],  "weatherIconUrl": [ {"value": "http:\/\/cdn.worldweatheronline.net\/images\/wsymbols01_png_64\/wsymbol_0010_heavy_rain_showers.png" } ], "WindChillC": "28", "WindChillF": "82", "winddir16Point": "S", "winddirDegree": "184", "WindGustKmph": "55", "WindGustMiles": "34", "windspeedKmph": "32", "windspeedMiles": "20" }, {"cloudcover": "44", "DewPointC": "25", "DewPointF": "78", "FeelsLikeC": "37", "FeelsLikeF": "99", "HeatIndexC": "37", "HeatIndexF": "99", "humidity": "73", "precipMM": "1.1", "pressure": "996", "tempC": "31", "tempF": "87", "time": "1100", "visibility": "10", "weatherCode": "353",  "weatherDesc": [ {"value": "Light rain shower" } ],  "weatherIconUrl": [ {"value": "http:\/\/cdn.worldweatheronline.net\/images\/wsymbols01_png_64\/wsymbol_0009_light_rain_showers.png" } ], "WindChillC": "31", "WindChillF": "87", "winddir16Point": "SSW", "winddirDegree": "193", "WindGustKmph": "51", "WindGustMiles": "32", "windspeedKmph": "39", "windspeedMiles": "24" }, {"cloudcover": "28", "DewPointC": "26", "DewPointF": "78", "FeelsLikeC": "38", "FeelsLikeF": "100", "HeatIndexC": "38", "HeatIndexF": "100", "humidity": "74", "precipMM": "1.1", "pressure": "996", "tempC": "31", "tempF": "87", "time": "1400", "visibility": "9", "weatherCode": "176",  "weatherDesc": [ {"value": "Patchy rain nearby" } ],  "weatherIconUrl": [ {"value": "http:\/\/cdn.worldweatheronline.net\/images\/wsymbols01_png_64\/wsymbol_0009_light_rain_showers.png" } ], "WindChillC": "31", "WindChillF": "87", "winddir16Point": "SSW", "winddirDegree": "196", "WindGustKmph": "50", "WindGustMiles": "31", "windspeedKmph": "38", "windspeedMiles": "24" }, {"cloudcover": "73", "DewPointC": "24", "DewPointF": "76", "FeelsLikeC": "34", "FeelsLikeF": "92", "HeatIndexC": "34", "HeatIndexF": "92", "humidity": "77", "precipMM": "0.8", "pressure": "997", "tempC": "29", "tempF": "84", "time": "1700", "visibility": "10", "weatherCode": "353",  "weatherDesc": [ {"value": "Light rain shower" } ],  "weatherIconUrl": [ {"value": "http:\/\/cdn.worldweatheronline.net\/images\/wsymbols01_png_64\/wsymbol_0009_light_rain_showers.png" } ], "WindChillC": "29", "WindChillF": "84", "winddir16Point": "SSW", "winddirDegree": "193", "WindGustKmph": "42", "WindGustMiles": "26", "windspeedKmph": "33", "windspeedMiles": "21" }, {"cloudcover": "23", "DewPointC": "23", "DewPointF": "74", "FeelsLikeC": "30", "FeelsLikeF": "86", "HeatIndexC": "30", "HeatIndexF": "86", "humidity": "81", "precipMM": "0.4", "pressure": "1000", "tempC": "27", "tempF": "80", "time": "2000", "visibility": "9", "weatherCode": "176",  "weatherDesc": [ {"value": "Patchy rain nearby" } ],  "weatherIconUrl": [ {"value": "http:\/\/cdn.worldweatheronline.net\/images\/wsymbols01_png_64\/wsymbol_0025_light_rain_showers_night.png" } ], "WindChillC": "27", "WindChillF": "80", "winddir16Point": "S", "winddirDegree": "176", "WindGustKmph": "30", "WindGustMiles": "18", "windspeedKmph": "22", "windspeedMiles": "14" }, {"cloudcover": "14", "DewPointC": "22", "DewPointF": "72", "FeelsLikeC": "28", "FeelsLikeF": "83", "HeatIndexC": "28", "HeatIndexF": "83", "humidity": "80", "precipMM": "0.2", "pressure": "1001", "tempC": "26", "tempF": "78", "time": "2300", "visibility": "9", "weatherCode": "176",  "weatherDesc": [ {"value": "Patchy rain nearby" } ],  "weatherIconUrl": [ {"value": "http:\/\/cdn.worldweatheronline.net\/images\/wsymbols01_png_64\/wsymbol_0025_light_rain_showers_night.png" } ], "WindChillC": "26", "WindChillF": "78", "winddir16Point": "S", "winddirDegree": "169", "WindGustKmph": "31", "WindGustMiles": "19", "windspeedKmph": "20", "windspeedMiles": "13" } ], "maxtempC": "31", "maxtempF": "87", "mintempC": "25", "mintempF": "77" } ] }}