{ "data": { "request": [ {"query": "Lat 23.50 and Lon 120.42", "type": "LatLon" } ],  "weather": [ { "astronomy": [ {"moonrise": "01:28 AM", "moonset": "03:05 PM", "sunrise": "05:29 AM", "sunset": "06:40 PM" } ], "date": "2013-08-02",  "hourly": [ {"cloudcover": "46", "DewPointC": "20", "DewPointF": "67", "FeelsLikeC": "27", "FeelsLikeF": "80", "HeatIndexC": "27", "HeatIndexF": "80", "humidity": "72", "precipMM": "0.5", "pressure": "1007", "tempC": "25", "tempF": "77", "time": "200", "visibility": "5", "weatherCode": "263",  "weatherDesc": [ {"value": "Patchy light drizzle" } ],  "weatherIconUrl": [ {"value": "http:\/\/cdn.worldweatheronline.net\/images\/wsymbols01_png_64\/wsymbol_0025_light_rain_showers_night.png" } ], "WindChillC": "25", "WindChillF": "77", "winddir16Point": "SSE", "winddirDegree": "147", "WindGustKmph": "18", "WindGustMiles": "11", "windspeedKmph": "9", "windspeedMiles": "5" }, {"cloudcover": "44", "DewPointC": "19", "DewPointF": "67", "FeelsLikeC": "27", "FeelsLikeF": "80", "HeatIndexC": "27", "HeatIndexF": "80", "humidity": "70", "precipMM": "0.1", "pressure": "1007", "tempC": "25", "tempF": "77", "time": "500", "visibility": "10", "weatherCode": "116",  "weatherDesc": [ {"value": "Partly Cloudy" } ],  "weatherIconUrl": [ {"value": "http:\/\/cdn.worldweatheronline.net\/images\/wsymbols01_png_64\/wsymbol_0004_black_low_cloud.png" } ], "WindChillC": "25", "WindChillF": "77", "winddir16Point": "E", "winddirDegree": "97", "WindGustKmph": "17", "WindGustMiles": "11", "windspeedKmph": "8", "windspeedMiles": "5" }, {"cloudcover": "25", "DewPointC": "22", "DewPointF": "72", "FeelsLikeC": "34", "FeelsLikeF": "94", "HeatIndexC": "34", "HeatIndexF": "94", "humidity": "62", "precipMM": "0.1", "pressure": "1008", "tempC": "28", "tempF": "83", "time": "800", "visibility": "10", "weatherCode": "116",  "weatherDesc": [ {"value": "Partly Cloudy" } ],  "weatherIconUrl": [ {"value": "http:\/\/cdn.worldweatheronline.net\/images\/wsymbols01_png_64\/wsymbol_0002_sunny_intervals.png" } ], "WindChillC": "31", "WindChillF": "87", "winddir16Point": "SE", "winddirDegree": "134", "WindGustKmph": "5", "WindGustMiles": "3", "windspeedKmph": "4", "windspeedMiles": "2" }, {"cloudcover": "33", "DewPointC": "24", "DewPointF": "75", "FeelsLikeC": "42", "FeelsLikeF": "108", "HeatIndexC": "42", "HeatIndexF": "108", "humidity": "52", "precipMM": "0.1", "pressure": "1009", "tempC": "33", "tempF": "92", "time": "1100", "visibility": "10", "weatherCode": "116",  "weatherDesc": [ {"value": "Partly Cloudy" } ],  "weatherIconUrl": [ {"value": "http:\/\/cdn.worldweatheronline.net\/images\/wsymbols01_png_64\/wsymbol_0002_sunny_intervals.png" } ], "WindChillC": "35", "WindChillF": "95", "winddir16Point": "SSW", "winddirDegree": "203", "WindGustKmph": "4", "WindGustMiles": "2", "windspeedKmph": "4", "windspeedMiles": "2" }, {"cloudcover": "45", "DewPointC": "25", "DewPointF": "76", "FeelsLikeC": "44", "FeelsLikeF": "111", "HeatIndexC": "44", "HeatIndexF": "111", "humidity": "53", "precipMM": "0.6", "pressure": "1009", "tempC": "33", "tempF": "92", "time": "1400", "visibility": "5", "weatherCode": "263",  "weatherDesc": [ {"value": "Patchy light drizzle" } ],  "weatherIconUrl": [ {"value": "http:\/\/cdn.worldweatheronline.net\/images\/wsymbols01_png_64\/wsymbol_0009_light_rain_showers.png" } ], "WindChillC": "36", "WindChillF": "96", "winddir16Point": "SW", "winddirDegree": "224", "WindGustKmph": "6", "WindGustMiles": "4", "windspeedKmph": "5", "windspeedMiles": "3" }, {"cloudcover": "22", "DewPointC": "25", "DewPointF": "77", "FeelsLikeC": "43", "FeelsLikeF": "109", "HeatIndexC": "43", "HeatIndexF": "109", "humidity": "57", "precipMM": "0.3", "pressure": "1009", "tempC": "33", "tempF": "91", "time": "1700", "visibility": "9", "weatherCode": "176",  "weatherDesc": [ {"value": "Patchy rain nearby" } ],  "weatherIconUrl": [ {"value": "http:\/\/cdn.worldweatheronline.net\/images\/wsymbols01_png_64\/wsymbol_0009_light_rain_showers.png" } ], "WindChillC": "35", "WindChillF": "94", "winddir16Point": "WNW", "winddirDegree": "282", "WindGustKmph": "8", "WindGustMiles": "5", "windspeedKmph": "7", "windspeedMiles": "4" }, {"cloudcover": "18", "DewPointC": "24", "DewPointF": "75", "FeelsLikeC": "34", "FeelsLikeF": "93", "HeatIndexC": "34", "HeatIndexF": "93", "humidity": "73", "precipMM": "0.2", "pressure": "1011", "tempC": "29", "tempF": "85", "time": "2000", "visibility": "9", "weatherCode": "176",  "weatherDesc": [ {"value": "Patchy rain nearby" } ],  "weatherIconUrl": [ {"value": "http:\/\/cdn.worldweatheronline.net\/images\/wsymbols01_png_64\/wsymbol_0025_light_rain_showers_night.png" } ], "WindChillC": "29", "WindChillF": "85", "winddir16Point": "NW", "winddirDegree": "316", "WindGustKmph": "5", "WindGustMiles": "3", "windspeedKmph": "4", "windspeedMiles": "2" }, {"cloudcover": "15", "DewPointC": "22", "DewPointF": "71", "FeelsLikeC": "29", "FeelsLikeF": "83", "HeatIndexC": "29", "HeatIndexF": "83", "humidity": "77", "precipMM": "0.0", "pressure": "1012", "tempC": "26", "tempF": "79", "time": "2300", "visibility": "10", "weatherCode": "113",  "weatherDesc": [ {"value": "Clear" } ],  "weatherIconUrl": [ {"value": "http:\/\/cdn.worldweatheronline.net\/images\/wsymbols01_png_64\/wsymbol_0008_clear_sky_night.png" } ], "WindChillC": "26", "WindChillF": "79", "winddir16Point": "N", "winddirDegree": "351", "WindGustKmph": "1", "WindGustMiles": "1", "windspeedKmph": "1", "windspeedMiles": "0" } ], "maxtempC": "33", "maxtempF": "92", "mintempC": "25", "mintempF": "77" } ] }}