{ "data": { "request": [ {"query": "Lat 23.50 and Lon 120.42", "type": "LatLon" } ],  "weather": [ { "astronomy": [ {"moonrise": "09:23 PM", "moonset": "08:14 AM", "sunrise": "06:20 AM", "sunset": "06:01 PM" } ], "date": "2013-03-01",  "hourly": [ {"cloudcover": "5", "DewPointC": "13", "DewPointF": "56", "FeelsLikeC": "17", "FeelsLikeF": "62", "HeatIndexC": "17", "HeatIndexF": "62", "humidity": "82", "precipMM": "0.0", "pressure": "1015", "tempC": "17", "tempF": "62", "time": "200", "visibility": "10", "weatherCode": "113",  "weatherDesc": [ {"value": "Clear" } ],  "weatherIconUrl": [ {"value": "http:\/\/cdn.worldweatheronline.net\/images\/wsymbols01_png_64\/wsymbol_0008_clear_sky_night.png" } ], "WindChillC": "17", "WindChillF": "62", "winddir16Point": "ENE", "winddirDegree": "58", "WindGustKmph": "5", "WindGustMiles": "3", "windspeedKmph": "3", "windspeedMiles": "2" }, {"cloudcover": "15", "DewPointC": "9", "DewPointF": "48", "FeelsLikeC": "16", "FeelsLikeF": "61", "HeatIndexC": "16", "HeatIndexF": "61", "humidity": "64", "precipMM": "0.0", "pressure": "1015", "tempC": "16", "tempF": "61", "time": "500", "visibility": "10", "weatherCode": "113",  "weatherDesc": [ {"value": "Clear" } ],  "weatherIconUrl": [ {"value": "http:\/\/cdn.worldweatheronline.net\/images\/wsymbols01_png_64\/wsymbol_0008_clear_sky_night.png" } ], "WindChillC": "16", "WindChillF": "61", "winddir16Point": "NE", "winddirDegree": "51", "WindGustKmph": "12", "WindGustMiles": "8", "windspeedKmph": "6", "windspeedMiles": "4" }, {"cloudcover": "21", "DewPointC": "11", "DewPointF": "51", "FeelsLikeC": "21", "FeelsLikeF": "70", "HeatIndexC": "24", "HeatIndexF": "76", "humidity": "51", "precipMM": "0.0", "pressure": "1015", "tempC": "20", "tempF": "68", "time": "800", "visibility": "10", "weatherCode": "113",  "weatherDesc": [ {"value": "Sunny" } ],  "weatherIconUrl": [ {"value": "http:\/\/cdn.worldweatheronline.net\/images\/wsymbols01_png_64\/wsymbol_0001_sunny.png" } ], "WindChillC": "21", "WindChillF": "70", "winddir16Point": "N", "winddirDegree": "11", "WindGustKmph": "4", "WindGustMiles": "2", "windspeedKmph": "3", "windspeedMiles": "2" }, {"cloudcover": "14", "DewPointC": "15", "DewPointF": "58", "FeelsLikeC": "27", "FeelsLikeF": "81", "HeatIndexC": "27", "HeatIndexF": "81", "humidity": "48", "precipMM": "0.0", "pressure": "1016", "tempC": "25", "tempF": "76", "time": "1100", "visibility": "10", "weatherCode": "113",  "weatherDesc": [ {"value": "Sunny" } ],  "weatherIconUrl": [ {"value": "http:\/\/cdn.worldweatheronline.net\/images\/wsymbols01_png_64\/wsymbol_0001_sunny.png" } ], "WindChillC": "27", "WindChillF": "80", "winddir16Point": "WNW", "winddirDegree": "287", "WindGustKmph": "9", "WindGustMiles": "5", "windspeedKmph": "8", "windspeedMiles": "5" }, {"cloudcover": "11", "DewPointC": "16", "DewPointF": "61", "FeelsLikeC": "30", "FeelsLikeF": "85", "HeatIndexC": "30", "HeatIndexF": "85", "humidity": "45", "precipMM": "0.0", "pressure": "1014", "tempC": "27", "tempF": "81", "time": "1400", "visibility": "10", "weatherCode": "113",  "weatherDesc": [ {"value": "Sunny" } ],  "weatherIconUrl": [ {"value": "http:\/\/cdn.worldweatheronline.net\/images\/wsymbols01_png_64\/wsymbol_0001_sunny.png" } ], "WindChillC": "29", "WindChillF": "84", "winddir16Point": "W", "winddirDegree": "274", "WindGustKmph": "12", "WindGustMiles": "7", "windspeedKmph": "10", "windspeedMiles": "6" }, {"cloudcover": "11", "DewPointC": "17", "DewPointF": "63", "FeelsLikeC": "28", "FeelsLikeF": "83", "HeatIndexC": "28", "HeatIndexF": "83", "humidity": "53", "precipMM": "0.0", "pressure": "1014", "tempC": "25", "tempF": "78", "time": "1700", "visibility": "10", "weatherCode": "113",  "weatherDesc": [ {"value": "Sunny" } ],  "weatherIconUrl": [ {"value": "http:\/\/cdn.worldweatheronline.net\/images\/wsymbols01_png_64\/wsymbol_0001_sunny.png" } ], "WindChillC": "27", "WindChillF": "81", "winddir16Point": "WNW", "winddirDegree": "296", "WindGustKmph": "11", "WindGustMiles": "7", "windspeedKmph": "9", "windspeedMiles": "6" }, {"cloudcover": "11", "DewPointC": "16", "DewPointF": "61", "FeelsLikeC": "22", "FeelsLikeF": "71", "HeatIndexC": "24", "HeatIndexF": "76", "humidity": "70", "precipMM": "0.0", "pressure": "1016", "tempC": "22", "tempF": "71", "time": "2000", "visibility": "10", "weatherCode": "113",  "weatherDesc": [ {"value": "Clear" } ],  "weatherIconUrl": [ {"value": "http:\/\/cdn.worldweatheronline.net\/images\/wsymbols01_png_64\/wsymbol_0008_clear_sky_night.png" } ], "WindChillC": "22", "WindChillF": "71", "winddir16Point": "NE", "winddirDegree": "34", "WindGustKmph": "7", "WindGustMiles": "4", "windspeedKmph": "4", "windspeedMiles": "2" }, {"cloudcover": "17", "DewPointC": "12", "DewPointF": "54", "FeelsLikeC": "18", "FeelsLikeF": "64", "HeatIndexC": "18", "HeatIndexF": "64", "humidity": "71", "precipMM": "0.0", "pressure": "1018", "tempC": "18", "tempF": "64", "time": "2300", "visibility": "10", "weatherCode": "113",  "weatherDesc": [ {"value": "Clear" } ],  "weatherIconUrl": [ {"value": "http:\/\/cdn.worldweatheronline.net\/images\/wsymbols01_png_64\/wsymbol_0008_clear_sky_night.png" } ], "WindChillC": "18", "WindChillF": "64", "winddir16Point": "NNE", "winddirDegree": "20", "WindGustKmph": "19", "WindGustMiles": "12", "windspeedKmph": "9", "windspeedMiles": "6" } ], "maxtempC": "27", "maxtempF": "81", "mintempC": "16", "mintempF": "61" } ] }}