{ "data": { "request": [ {"query": "Lat 23.50 and Lon 120.42", "type": "LatLon" } ],  "weather": [ { "astronomy": [ {"moonrise": "07:33 PM", "moonset": "05:51 AM", "sunrise": "05:13 AM", "sunset": "06:48 PM" } ], "date": "2013-06-24",  "hourly": [ {"cloudcover": "26", "DewPointC": "19", "DewPointF": "67", "FeelsLikeC": "26", "FeelsLikeF": "78", "HeatIndexC": "26", "HeatIndexF": "78", "humidity": "75", "precipMM": "0.4", "pressure": "1008", "tempC": "24", "tempF": "75", "time": "200", "visibility": "9", "weatherCode": "176",  "weatherDesc": [ {"value": "Patchy rain nearby" } ],  "weatherIconUrl": [ {"value": "http:\/\/cdn.worldweatheronline.net\/images\/wsymbols01_png_64\/wsymbol_0025_light_rain_showers_night.png" } ], "WindChillC": "24", "WindChillF": "75", "winddir16Point": "S", "winddirDegree": "176", "WindGustKmph": "30", "WindGustMiles": "18", "windspeedKmph": "14", "windspeedMiles": "9" }, {"cloudcover": "28", "DewPointC": "19", "DewPointF": "67", "FeelsLikeC": "25", "FeelsLikeF": "78", "HeatIndexC": "25", "HeatIndexF": "78", "humidity": "77", "precipMM": "0.4", "pressure": "1008", "tempC": "23", "tempF": "74", "time": "500", "visibility": "9", "weatherCode": "176",  "weatherDesc": [ {"value": "Patchy rain nearby" } ],  "weatherIconUrl": [ {"value": "http:\/\/cdn.worldweatheronline.net\/images\/wsymbols01_png_64\/wsymbol_0025_light_rain_showers_night.png" } ], "WindChillC": "23", "WindChillF": "74", "winddir16Point": "S", "winddirDegree": "175", "WindGustKmph": "32", "WindGustMiles": "20", "windspeedKmph": "15", "windspeedMiles": "9" }, {"cloudcover": "30", "DewPointC": "21", "DewPointF": "71", "FeelsLikeC": "30", "FeelsLikeF": "87", "HeatIndexC": "30", "HeatIndexF": "87", "humidity": "68", "precipMM": "0.7", "pressure": "1009", "tempC": "26", "tempF": "79", "time": "800", "visibility": "9", "weatherCode": "176",  "weatherDesc": [ {"value": "Patchy rain nearby" } ],  "weatherIconUrl": [ {"value": "http:\/\/cdn.worldweatheronline.net\/images\/wsymbols01_png_64\/wsymbol_0009_light_rain_showers.png" } ], "WindChillC": "28", "WindChillF": "82", "winddir16Point": "SSW", "winddirDegree": "193", "WindGustKmph": "30", "WindGustMiles": "19", "windspeedKmph": "24", "windspeedMiles": "15" }, {"cloudcover": "27", "DewPointC": "24", "DewPointF": "74", "FeelsLikeC": "38", "FeelsLikeF": "100", "HeatIndexC": "38", "HeatIndexF": "100", "humidity": "60", "precipMM": "0.8", "pressure": "1009", "tempC": "31", "tempF": "89", "time": "1100", "visibility": "9", "weatherCode": "176",  "weatherDesc": [ {"value": "Patchy rain nearby" } ],  "weatherIconUrl": [ {"value": "http:\/\/cdn.worldweatheronline.net\/images\/wsymbols01_png_64\/wsymbol_0009_light_rain_showers.png" } ], "WindChillC": "32", "WindChillF": "90", "winddir16Point": "SSW", "winddirDegree": "204", "WindGustKmph": "36", "WindGustMiles": "23", "windspeedKmph": "28", "windspeedMiles": "18" }, {"cloudcover": "18", "DewPointC": "24", "DewPointF": "75", "FeelsLikeC": "39", "FeelsLikeF": "102", "HeatIndexC": "39", "HeatIndexF": "102", "humidity": "60", "precipMM": "0.2", "pressure": "1008", "tempC": "32", "tempF": "89", "time": "1400", "visibility": "9", "weatherCode": "176",  "weatherDesc": [ {"value": "Patchy rain nearby" } ],  "weatherIconUrl": [ {"value": "http:\/\/cdn.worldweatheronline.net\/images\/wsymbols01_png_64\/wsymbol_0009_light_rain_showers.png" } ], "WindChillC": "33", "WindChillF": "91", "winddir16Point": "SSW", "winddirDegree": "205", "WindGustKmph": "36", "WindGustMiles": "22", "windspeedKmph": "31", "windspeedMiles": "19" }, {"cloudcover": "16", "DewPointC": "23", "DewPointF": "74", "FeelsLikeC": "36", "FeelsLikeF": "97", "HeatIndexC": "36", "HeatIndexF": "97", "humidity": "64", "precipMM": "0.1", "pressure": "1007", "tempC": "30", "tempF": "86", "time": "1700", "visibility": "10", "weatherCode": "113",  "weatherDesc": [ {"value": "Sunny" } ],  "weatherIconUrl": [ {"value": "http:\/\/cdn.worldweatheronline.net\/images\/wsymbols01_png_64\/wsymbol_0001_sunny.png" } ], "WindChillC": "31", "WindChillF": "88", "winddir16Point": "SSW", "winddirDegree": "195", "WindGustKmph": "31", "WindGustMiles": "19", "windspeedKmph": "27", "windspeedMiles": "17" }, {"cloudcover": "18", "DewPointC": "21", "DewPointF": "70", "FeelsLikeC": "28", "FeelsLikeF": "83", "HeatIndexC": "28", "HeatIndexF": "83", "humidity": "73", "precipMM": "0.0", "pressure": "1007", "tempC": "26", "tempF": "79", "time": "2000", "visibility": "10", "weatherCode": "113",  "weatherDesc": [ {"value": "Clear" } ],  "weatherIconUrl": [ {"value": "http:\/\/cdn.worldweatheronline.net\/images\/wsymbols01_png_64\/wsymbol_0008_clear_sky_night.png" } ], "WindChillC": "26", "WindChillF": "79", "winddir16Point": "S", "winddirDegree": "185", "WindGustKmph": "33", "WindGustMiles": "21", "windspeedKmph": "21", "windspeedMiles": "13" }, {"cloudcover": "68", "DewPointC": "19", "DewPointF": "67", "FeelsLikeC": "26", "FeelsLikeF": "79", "HeatIndexC": "26", "HeatIndexF": "79", "humidity": "74", "precipMM": "0.7", "pressure": "1008", "tempC": "24", "tempF": "76", "time": "2300", "visibility": "10", "weatherCode": "353",  "weatherDesc": [ {"value": "Light rain shower" } ],  "weatherIconUrl": [ {"value": "http:\/\/cdn.worldweatheronline.net\/images\/wsymbols01_png_64\/wsymbol_0025_light_rain_showers_night.png" } ], "WindChillC": "24", "WindChillF": "76", "winddir16Point": "S", "winddirDegree": "171", "WindGustKmph": "57", "WindGustMiles": "35", "windspeedKmph": "27", "windspeedMiles": "17" } ], "maxtempC": "32", "maxtempF": "89", "mintempC": "23", "mintempF": "74" } ] }}