{ "data": { "request": [ {"query": "Lat 23.50 and Lon 120.42", "type": "LatLon" } ],  "weather": [ { "astronomy": [ {"moonrise": "09:12 PM", "moonset": "09:28 AM", "sunrise": "05:38 AM", "sunset": "06:23 PM" } ], "date": "2013-08-25",  "hourly": [ {"cloudcover": "31", "DewPointC": "22", "DewPointF": "71", "FeelsLikeC": "27", "FeelsLikeF": "80", "HeatIndexC": "27", "HeatIndexF": "80", "humidity": "83", "precipMM": "0.2", "pressure": "1009", "tempC": "25", "tempF": "76", "time": "200", "visibility": "9", "weatherCode": "176",  "weatherDesc": [ {"value": "Patchy rain nearby" } ],  "weatherIconUrl": [ {"value": "http:\/\/cdn.worldweatheronline.net\/images\/wsymbols01_png_64\/wsymbol_0025_light_rain_showers_night.png" } ], "WindChillC": "25", "WindChillF": "76", "winddir16Point": "SSW", "winddirDegree": "208", "WindGustKmph": "6", "WindGustMiles": "4", "windspeedKmph": "3", "windspeedMiles": "2" }, {"cloudcover": "15", "DewPointC": "21", "DewPointF": "70", "FeelsLikeC": "26", "FeelsLikeF": "79", "HeatIndexC": "26", "HeatIndexF": "79", "humidity": "84", "precipMM": "0.0", "pressure": "1008", "tempC": "24", "tempF": "75", "time": "500", "visibility": "10", "weatherCode": "113",  "weatherDesc": [ {"value": "Clear" } ],  "weatherIconUrl": [ {"value": "http:\/\/cdn.worldweatheronline.net\/images\/wsymbols01_png_64\/wsymbol_0008_clear_sky_night.png" } ], "WindChillC": "24", "WindChillF": "75", "winddir16Point": "NNW", "winddirDegree": "334", "WindGustKmph": "7", "WindGustMiles": "4", "windspeedKmph": "3", "windspeedMiles": "2" }, {"cloudcover": "11", "DewPointC": "22", "DewPointF": "72", "FeelsLikeC": "31", "FeelsLikeF": "88", "HeatIndexC": "31", "HeatIndexF": "88", "humidity": "71", "precipMM": "0.0", "pressure": "1008", "tempC": "28", "tempF": "83", "time": "800", "visibility": "10", "weatherCode": "113",  "weatherDesc": [ {"value": "Sunny" } ],  "weatherIconUrl": [ {"value": "http:\/\/cdn.worldweatheronline.net\/images\/wsymbols01_png_64\/wsymbol_0001_sunny.png" } ], "WindChillC": "28", "WindChillF": "83", "winddir16Point": "NW", "winddirDegree": "313", "WindGustKmph": "6", "WindGustMiles": "4", "windspeedKmph": "5", "windspeedMiles": "3" }, {"cloudcover": "20", "DewPointC": "26", "DewPointF": "80", "FeelsLikeC": "44", "FeelsLikeF": "111", "HeatIndexC": "44", "HeatIndexF": "111", "humidity": "64", "precipMM": "0.0", "pressure": "1009", "tempC": "34", "tempF": "93", "time": "1100", "visibility": "10", "weatherCode": "113",  "weatherDesc": [ {"value": "Sunny" } ],  "weatherIconUrl": [ {"value": "http:\/\/cdn.worldweatheronline.net\/images\/wsymbols01_png_64\/wsymbol_0001_sunny.png" } ], "WindChillC": "34", "WindChillF": "93", "winddir16Point": "WNW", "winddirDegree": "293", "WindGustKmph": "16", "WindGustMiles": "10", "windspeedKmph": "14", "windspeedMiles": "9" }, {"cloudcover": "41", "DewPointC": "26", "DewPointF": "80", "FeelsLikeC": "43", "FeelsLikeF": "110", "HeatIndexC": "43", "HeatIndexF": "110", "humidity": "67", "precipMM": "1.7", "pressure": "1007", "tempC": "34", "tempF": "92", "time": "1400", "visibility": "10", "weatherCode": "353",  "weatherDesc": [ {"value": "Light rain shower" } ],  "weatherIconUrl": [ {"value": "http:\/\/cdn.worldweatheronline.net\/images\/wsymbols01_png_64\/wsymbol_0009_light_rain_showers.png" } ], "WindChillC": "34", "WindChillF": "92", "winddir16Point": "WNW", "winddirDegree": "298", "WindGustKmph": "23", "WindGustMiles": "14", "windspeedKmph": "16", "windspeedMiles": "10" }, {"cloudcover": "36", "DewPointC": "26", "DewPointF": "79", "FeelsLikeC": "40", "FeelsLikeF": "104", "HeatIndexC": "40", "HeatIndexF": "104", "humidity": "73", "precipMM": "2.2", "pressure": "1006", "tempC": "32", "tempF": "89", "time": "1700", "visibility": "9", "weatherCode": "176",  "weatherDesc": [ {"value": "Patchy rain nearby" } ],  "weatherIconUrl": [ {"value": "http:\/\/cdn.worldweatheronline.net\/images\/wsymbols01_png_64\/wsymbol_0009_light_rain_showers.png" } ], "WindChillC": "32", "WindChillF": "89", "winddir16Point": "WNW", "winddirDegree": "296", "WindGustKmph": "21", "WindGustMiles": "13", "windspeedKmph": "14", "windspeedMiles": "9" }, {"cloudcover": "20", "DewPointC": "24", "DewPointF": "75", "FeelsLikeC": "30", "FeelsLikeF": "87", "HeatIndexC": "30", "HeatIndexF": "87", "humidity": "83", "precipMM": "3.9", "pressure": "1007", "tempC": "27", "tempF": "80", "time": "2000", "visibility": "7", "weatherCode": "356",  "weatherDesc": [ {"value": "Moderate or heavy rain shower" } ],  "weatherIconUrl": [ {"value": "http:\/\/cdn.worldweatheronline.net\/images\/wsymbols01_png_64\/wsymbol_0026_heavy_rain_showers_night.png" } ], "WindChillC": "27", "WindChillF": "80", "winddir16Point": "NW", "winddirDegree": "306", "WindGustKmph": "15", "WindGustMiles": "10", "windspeedKmph": "9", "windspeedMiles": "6" }, {"cloudcover": "14", "DewPointC": "23", "DewPointF": "74", "FeelsLikeC": "29", "FeelsLikeF": "85", "HeatIndexC": "29", "HeatIndexF": "85", "humidity": "85", "precipMM": "1.7", "pressure": "1009", "tempC": "26", "tempF": "79", "time": "2300", "visibility": "9", "weatherCode": "176",  "weatherDesc": [ {"value": "Patchy rain nearby" } ],  "weatherIconUrl": [ {"value": "http:\/\/cdn.worldweatheronline.net\/images\/wsymbols01_png_64\/wsymbol_0025_light_rain_showers_night.png" } ], "WindChillC": "26", "WindChillF": "79", "winddir16Point": "WNW", "winddirDegree": "298", "WindGustKmph": "8", "WindGustMiles": "5", "windspeedKmph": "5", "windspeedMiles": "3" } ], "maxtempC": "34", "maxtempF": "93", "mintempC": "24", "mintempF": "75" } ] }}