{ "data": { "request": [ {"query": "Lat 23.50 and Lon 120.42", "type": "LatLon" } ],  "weather": [ { "astronomy": [ {"moonrise": "04:53 PM", "moonset": "04:00 AM", "sunrise": "05:30 AM", "sunset": "06:23 PM" } ], "date": "2013-04-24",  "hourly": [ {"cloudcover": "7", "DewPointC": "18", "DewPointF": "64", "FeelsLikeC": "20", "FeelsLikeF": "69", "HeatIndexC": "20", "HeatIndexF": "69", "humidity": "86", "precipMM": "0.0", "pressure": "1014", "tempC": "20", "tempF": "69", "time": "200", "visibility": "10", "weatherCode": "113",  "weatherDesc": [ {"value": "Clear" } ],  "weatherIconUrl": [ {"value": "http:\/\/cdn.worldweatheronline.net\/images\/wsymbols01_png_64\/wsymbol_0008_clear_sky_night.png" } ], "WindChillC": "20", "WindChillF": "69", "winddir16Point": "SW", "winddirDegree": "216", "WindGustKmph": "6", "WindGustMiles": "4", "windspeedKmph": "3", "windspeedMiles": "2" }, {"cloudcover": "6", "DewPointC": "17", "DewPointF": "63", "FeelsLikeC": "19", "FeelsLikeF": "67", "HeatIndexC": "19", "HeatIndexF": "67", "humidity": "87", "precipMM": "0.0", "pressure": "1013", "tempC": "19", "tempF": "67", "time": "500", "visibility": "10", "weatherCode": "113",  "weatherDesc": [ {"value": "Clear" } ],  "weatherIconUrl": [ {"value": "http:\/\/cdn.worldweatheronline.net\/images\/wsymbols01_png_64\/wsymbol_0008_clear_sky_night.png" } ], "WindChillC": "19", "WindChillF": "67", "winddir16Point": "SSE", "winddirDegree": "158", "WindGustKmph": "5", "WindGustMiles": "3", "windspeedKmph": "2", "windspeedMiles": "1" }, {"cloudcover": "5", "DewPointC": "19", "DewPointF": "66", "FeelsLikeC": "27", "FeelsLikeF": "80", "HeatIndexC": "27", "HeatIndexF": "80", "humidity": "67", "precipMM": "0.0", "pressure": "1014", "tempC": "24", "tempF": "74", "time": "800", "visibility": "10", "weatherCode": "113",  "weatherDesc": [ {"value": "Sunny" } ],  "weatherIconUrl": [ {"value": "http:\/\/cdn.worldweatheronline.net\/images\/wsymbols01_png_64\/wsymbol_0001_sunny.png" } ], "WindChillC": "25", "WindChillF": "78", "winddir16Point": "SSW", "winddirDegree": "213", "WindGustKmph": "6", "WindGustMiles": "4", "windspeedKmph": "6", "windspeedMiles": "4" }, {"cloudcover": "4", "DewPointC": "23", "DewPointF": "73", "FeelsLikeC": "35", "FeelsLikeF": "96", "HeatIndexC": "35", "HeatIndexF": "96", "humidity": "60", "precipMM": "0.0", "pressure": "1014", "tempC": "30", "tempF": "85", "time": "1100", "visibility": "10", "weatherCode": "113",  "weatherDesc": [ {"value": "Sunny" } ],  "weatherIconUrl": [ {"value": "http:\/\/cdn.worldweatheronline.net\/images\/wsymbols01_png_64\/wsymbol_0001_sunny.png" } ], "WindChillC": "31", "WindChillF": "88", "winddir16Point": "WSW", "winddirDegree": "248", "WindGustKmph": "18", "WindGustMiles": "11", "windspeedKmph": "16", "windspeedMiles": "10" }, {"cloudcover": "4", "DewPointC": "23", "DewPointF": "73", "FeelsLikeC": "35", "FeelsLikeF": "95", "HeatIndexC": "35", "HeatIndexF": "95", "humidity": "62", "precipMM": "0.0", "pressure": "1012", "tempC": "30", "tempF": "86", "time": "1400", "visibility": "10", "weatherCode": "113",  "weatherDesc": [ {"value": "Sunny" } ],  "weatherIconUrl": [ {"value": "http:\/\/cdn.worldweatheronline.net\/images\/wsymbols01_png_64\/wsymbol_0001_sunny.png" } ], "WindChillC": "31", "WindChillF": "87", "winddir16Point": "WSW", "winddirDegree": "254", "WindGustKmph": "19", "WindGustMiles": "12", "windspeedKmph": "16", "windspeedMiles": "10" }, {"cloudcover": "3", "DewPointC": "24", "DewPointF": "75", "FeelsLikeC": "35", "FeelsLikeF": "94", "HeatIndexC": "35", "HeatIndexF": "94", "humidity": "70", "precipMM": "0.0", "pressure": "1010", "tempC": "28", "tempF": "82", "time": "1700", "visibility": "10", "weatherCode": "113",  "weatherDesc": [ {"value": "Sunny" } ],  "weatherIconUrl": [ {"value": "http:\/\/cdn.worldweatheronline.net\/images\/wsymbols01_png_64\/wsymbol_0001_sunny.png" } ], "WindChillC": "30", "WindChillF": "86", "winddir16Point": "WSW", "winddirDegree": "255", "WindGustKmph": "14", "WindGustMiles": "9", "windspeedKmph": "13", "windspeedMiles": "8" }, {"cloudcover": "4", "DewPointC": "23", "DewPointF": "74", "FeelsLikeC": "29", "FeelsLikeF": "84", "HeatIndexC": "29", "HeatIndexF": "84", "humidity": "84", "precipMM": "0.0", "pressure": "1011", "tempC": "26", "tempF": "79", "time": "2000", "visibility": "10", "weatherCode": "113",  "weatherDesc": [ {"value": "Clear" } ],  "weatherIconUrl": [ {"value": "http:\/\/cdn.worldweatheronline.net\/images\/wsymbols01_png_64\/wsymbol_0008_clear_sky_night.png" } ], "WindChillC": "26", "WindChillF": "79", "winddir16Point": "SSW", "winddirDegree": "199", "WindGustKmph": "6", "WindGustMiles": "4", "windspeedKmph": "5", "windspeedMiles": "3" }, {"cloudcover": "7", "DewPointC": "20", "DewPointF": "68", "FeelsLikeC": "25", "FeelsLikeF": "77", "HeatIndexC": "25", "HeatIndexF": "77", "humidity": "83", "precipMM": "0.0", "pressure": "1012", "tempC": "23", "tempF": "73", "time": "2300", "visibility": "10", "weatherCode": "113",  "weatherDesc": [ {"value": "Clear" } ],  "weatherIconUrl": [ {"value": "http:\/\/cdn.worldweatheronline.net\/images\/wsymbols01_png_64\/wsymbol_0008_clear_sky_night.png" } ], "WindChillC": "23", "WindChillF": "73", "winddir16Point": "E", "winddirDegree": "97", "WindGustKmph": "4", "WindGustMiles": "2", "windspeedKmph": "2", "windspeedMiles": "1" } ], "maxtempC": "30", "maxtempF": "86", "mintempC": "19", "mintempF": "67" } ] }}