{ "data": { "request": [ {"query": "Lat 23.50 and Lon 120.42", "type": "LatLon" } ],  "weather": [ { "astronomy": [ {"moonrise": "02:39 AM", "moonset": "01:56 PM", "sunrise": "06:42 AM", "sunset": "05:28 PM" } ], "date": "2013-01-08",  "hourly": [ {"cloudcover": "21", "DewPointC": "12", "DewPointF": "54", "FeelsLikeC": "15", "FeelsLikeF": "59", "HeatIndexC": "15", "HeatIndexF": "59", "humidity": "84", "precipMM": "0.3", "pressure": "1016", "tempC": "15", "tempF": "59", "time": "200", "visibility": "9", "weatherCode": "176",  "weatherDesc": [ {"value": "Patchy rain nearby" } ],  "weatherIconUrl": [ {"value": "http:\/\/cdn.worldweatheronline.net\/images\/wsymbols01_png_64\/wsymbol_0025_light_rain_showers_night.png" } ], "WindChillC": "15", "WindChillF": "59", "winddir16Point": "N", "winddirDegree": "353", "WindGustKmph": "17", "WindGustMiles": "11", "windspeedKmph": "8", "windspeedMiles": "5" }, {"cloudcover": "14", "DewPointC": "13", "DewPointF": "55", "FeelsLikeC": "15", "FeelsLikeF": "58", "HeatIndexC": "15", "HeatIndexF": "59", "humidity": "86", "precipMM": "0.2", "pressure": "1016", "tempC": "15", "tempF": "59", "time": "500", "visibility": "9", "weatherCode": "176",  "weatherDesc": [ {"value": "Patchy rain nearby" } ],  "weatherIconUrl": [ {"value": "http:\/\/cdn.worldweatheronline.net\/images\/wsymbols01_png_64\/wsymbol_0025_light_rain_showers_night.png" } ], "WindChillC": "15", "WindChillF": "58", "winddir16Point": "NNE", "winddirDegree": "17", "WindGustKmph": "17", "WindGustMiles": "10", "windspeedKmph": "8", "windspeedMiles": "5" }, {"cloudcover": "16", "DewPointC": "15", "DewPointF": "59", "FeelsLikeC": "19", "FeelsLikeF": "66", "HeatIndexC": "19", "HeatIndexF": "66", "humidity": "79", "precipMM": "0.2", "pressure": "1017", "tempC": "17", "tempF": "63", "time": "800", "visibility": "9", "weatherCode": "176",  "weatherDesc": [ {"value": "Patchy rain nearby" } ],  "weatherIconUrl": [ {"value": "http:\/\/cdn.worldweatheronline.net\/images\/wsymbols01_png_64\/wsymbol_0009_light_rain_showers.png" } ], "WindChillC": "19", "WindChillF": "66", "winddir16Point": "N", "winddirDegree": "9", "WindGustKmph": "15", "WindGustMiles": "9", "windspeedKmph": "9", "windspeedMiles": "6" }, {"cloudcover": "18", "DewPointC": "18", "DewPointF": "64", "FeelsLikeC": "25", "FeelsLikeF": "77", "HeatIndexC": "25", "HeatIndexF": "77", "humidity": "71", "precipMM": "0.1", "pressure": "1017", "tempC": "22", "tempF": "72", "time": "1100", "visibility": "10", "weatherCode": "113",  "weatherDesc": [ {"value": "Sunny" } ],  "weatherIconUrl": [ {"value": "http:\/\/cdn.worldweatheronline.net\/images\/wsymbols01_png_64\/wsymbol_0001_sunny.png" } ], "WindChillC": "23", "WindChillF": "74", "winddir16Point": "NNW", "winddirDegree": "338", "WindGustKmph": "17", "WindGustMiles": "11", "windspeedKmph": "15", "windspeedMiles": "9" }, {"cloudcover": "29", "DewPointC": "18", "DewPointF": "64", "FeelsLikeC": "26", "FeelsLikeF": "78", "HeatIndexC": "26", "HeatIndexF": "78", "humidity": "69", "precipMM": "0.1", "pressure": "1015", "tempC": "23", "tempF": "73", "time": "1400", "visibility": "10", "weatherCode": "116",  "weatherDesc": [ {"value": "Partly Cloudy" } ],  "weatherIconUrl": [ {"value": "http:\/\/cdn.worldweatheronline.net\/images\/wsymbols01_png_64\/wsymbol_0002_sunny_intervals.png" } ], "WindChillC": "24", "WindChillF": "75", "winddir16Point": "NNW", "winddirDegree": "335", "WindGustKmph": "19", "WindGustMiles": "12", "windspeedKmph": "17", "windspeedMiles": "10" }, {"cloudcover": "31", "DewPointC": "18", "DewPointF": "64", "FeelsLikeC": "22", "FeelsLikeF": "72", "HeatIndexC": "25", "HeatIndexF": "76", "humidity": "77", "precipMM": "0.0", "pressure": "1016", "tempC": "20", "tempF": "69", "time": "1700", "visibility": "10", "weatherCode": "116",  "weatherDesc": [ {"value": "Partly Cloudy" } ],  "weatherIconUrl": [ {"value": "http:\/\/cdn.worldweatheronline.net\/images\/wsymbols01_png_64\/wsymbol_0002_sunny_intervals.png" } ], "WindChillC": "22", "WindChillF": "72", "winddir16Point": "N", "winddirDegree": "351", "WindGustKmph": "15", "WindGustMiles": "10", "windspeedKmph": "13", "windspeedMiles": "8" }, {"cloudcover": "38", "DewPointC": "14", "DewPointF": "58", "FeelsLikeC": "18", "FeelsLikeF": "64", "HeatIndexC": "18", "HeatIndexF": "64", "humidity": "80", "precipMM": "0.0", "pressure": "1017", "tempC": "18", "tempF": "64", "time": "2000", "visibility": "10", "weatherCode": "116",  "weatherDesc": [ {"value": "Partly Cloudy" } ],  "weatherIconUrl": [ {"value": "http:\/\/cdn.worldweatheronline.net\/images\/wsymbols01_png_64\/wsymbol_0004_black_low_cloud.png" } ], "WindChillC": "18", "WindChillF": "64", "winddir16Point": "N", "winddirDegree": "8", "WindGustKmph": "19", "WindGustMiles": "12", "windspeedKmph": "10", "windspeedMiles": "6" }, {"cloudcover": "49", "DewPointC": "12", "DewPointF": "53", "FeelsLikeC": "14", "FeelsLikeF": "58", "HeatIndexC": "15", "HeatIndexF": "59", "humidity": "81", "precipMM": "0.1", "pressure": "1018", "tempC": "15", "tempF": "59", "time": "2300", "visibility": "10", "weatherCode": "116",  "weatherDesc": [ {"value": "Partly Cloudy" } ],  "weatherIconUrl": [ {"value": "http:\/\/cdn.worldweatheronline.net\/images\/wsymbols01_png_64\/wsymbol_0004_black_low_cloud.png" } ], "WindChillC": "14", "WindChillF": "58", "winddir16Point": "N", "winddirDegree": "351", "WindGustKmph": "23", "WindGustMiles": "15", "windspeedKmph": "11", "windspeedMiles": "7" } ], "maxtempC": "23", "maxtempF": "73", "mintempC": "15", "mintempF": "59" } ] }}