{ "data": { "request": [ {"query": "Lat 23.50 and Lon 120.42", "type": "LatLon" } ],  "weather": [ { "astronomy": [ {"moonrise": "12:04 AM", "moonset": "12:06 PM", "sunrise": "06:38 AM", "sunset": "05:20 PM" } ], "date": "2013-12-26",  "hourly": [ {"cloudcover": "21", "DewPointC": "11", "DewPointF": "51", "FeelsLikeC": "12", "FeelsLikeF": "54", "HeatIndexC": "13", "HeatIndexF": "56", "humidity": "86", "precipMM": "0.2", "pressure": "1017", "tempC": "13", "tempF": "56", "time": "200", "visibility": "9", "weatherCode": "176",  "weatherDesc": [ {"value": "Patchy rain nearby" } ],  "weatherIconUrl": [ {"value": "http:\/\/cdn.worldweatheronline.net\/images\/wsymbols01_png_64\/wsymbol_0025_light_rain_showers_night.png" } ], "WindChillC": "12", "WindChillF": "54", "winddir16Point": "N", "winddirDegree": "354", "WindGustKmph": "25", "WindGustMiles": "15", "windspeedKmph": "12", "windspeedMiles": "7" }, {"cloudcover": "31", "DewPointC": "11", "DewPointF": "51", "FeelsLikeC": "11", "FeelsLikeF": "53", "HeatIndexC": "13", "HeatIndexF": "55", "humidity": "86", "precipMM": "0.2", "pressure": "1016", "tempC": "13", "tempF": "55", "time": "500", "visibility": "9", "weatherCode": "176",  "weatherDesc": [ {"value": "Patchy rain nearby" } ],  "weatherIconUrl": [ {"value": "http:\/\/cdn.worldweatheronline.net\/images\/wsymbols01_png_64\/wsymbol_0025_light_rain_showers_night.png" } ], "WindChillC": "11", "WindChillF": "53", "winddir16Point": "N", "winddirDegree": "5", "WindGustKmph": "36", "WindGustMiles": "22", "windspeedKmph": "17", "windspeedMiles": "11" }, {"cloudcover": "10", "DewPointC": "12", "DewPointF": "54", "FeelsLikeC": "15", "FeelsLikeF": "60", "HeatIndexC": "15", "HeatIndexF": "60", "humidity": "81", "precipMM": "0.1", "pressure": "1017", "tempC": "15", "tempF": "60", "time": "800", "visibility": "10", "weatherCode": "113",  "weatherDesc": [ {"value": "Sunny" } ],  "weatherIconUrl": [ {"value": "http:\/\/cdn.worldweatheronline.net\/images\/wsymbols01_png_64\/wsymbol_0001_sunny.png" } ], "WindChillC": "15", "WindChillF": "60", "winddir16Point": "NNE", "winddirDegree": "23", "WindGustKmph": "28", "WindGustMiles": "17", "windspeedKmph": "16", "windspeedMiles": "10" }, {"cloudcover": "3", "DewPointC": "16", "DewPointF": "60", "FeelsLikeC": "25", "FeelsLikeF": "76", "HeatIndexC": "25", "HeatIndexF": "76", "humidity": "65", "precipMM": "0.0", "pressure": "1017", "tempC": "23", "tempF": "73", "time": "1100", "visibility": "10", "weatherCode": "113",  "weatherDesc": [ {"value": "Sunny" } ],  "weatherIconUrl": [ {"value": "http:\/\/cdn.worldweatheronline.net\/images\/wsymbols01_png_64\/wsymbol_0001_sunny.png" } ], "WindChillC": "23", "WindChillF": "73", "winddir16Point": "NNW", "winddirDegree": "340", "WindGustKmph": "21", "WindGustMiles": "13", "windspeedKmph": "18", "windspeedMiles": "11" }, {"cloudcover": "2", "DewPointC": "15", "DewPointF": "60", "FeelsLikeC": "25", "FeelsLikeF": "76", "HeatIndexC": "25", "HeatIndexF": "76", "humidity": "66", "precipMM": "0.0", "pressure": "1015", "tempC": "22", "tempF": "72", "time": "1400", "visibility": "10", "weatherCode": "113",  "weatherDesc": [ {"value": "Sunny" } ],  "weatherIconUrl": [ {"value": "http:\/\/cdn.worldweatheronline.net\/images\/wsymbols01_png_64\/wsymbol_0001_sunny.png" } ], "WindChillC": "22", "WindChillF": "72", "winddir16Point": "NNW", "winddirDegree": "338", "WindGustKmph": "27", "WindGustMiles": "17", "windspeedKmph": "24", "windspeedMiles": "15" }, {"cloudcover": "2", "DewPointC": "13", "DewPointF": "55", "FeelsLikeC": "17", "FeelsLikeF": "63", "HeatIndexC": "17", "HeatIndexF": "63", "humidity": "75", "precipMM": "0.0", "pressure": "1017", "tempC": "17", "tempF": "63", "time": "1700", "visibility": "10", "weatherCode": "113",  "weatherDesc": [ {"value": "Sunny" } ],  "weatherIconUrl": [ {"value": "http:\/\/cdn.worldweatheronline.net\/images\/wsymbols01_png_64\/wsymbol_0001_sunny.png" } ], "WindChillC": "17", "WindChillF": "63", "winddir16Point": "NNW", "winddirDegree": "348", "WindGustKmph": "30", "WindGustMiles": "19", "windspeedKmph": "26", "windspeedMiles": "16" }, {"cloudcover": "4", "DewPointC": "9", "DewPointF": "48", "FeelsLikeC": "12", "FeelsLikeF": "53", "HeatIndexC": "13", "HeatIndexF": "56", "humidity": "74", "precipMM": "0.0", "pressure": "1019", "tempC": "13", "tempF": "56", "time": "2000", "visibility": "10", "weatherCode": "113",  "weatherDesc": [ {"value": "Clear" } ],  "weatherIconUrl": [ {"value": "http:\/\/cdn.worldweatheronline.net\/images\/wsymbols01_png_64\/wsymbol_0008_clear_sky_night.png" } ], "WindChillC": "12", "WindChillF": "53", "winddir16Point": "N", "winddirDegree": "358", "WindGustKmph": "31", "WindGustMiles": "19", "windspeedKmph": "19", "windspeedMiles": "12" }, {"cloudcover": "5", "DewPointC": "7", "DewPointF": "44", "FeelsLikeC": "10", "FeelsLikeF": "50", "HeatIndexC": "11", "HeatIndexF": "53", "humidity": "74", "precipMM": "0.0", "pressure": "1020", "tempC": "11", "tempF": "53", "time": "2300", "visibility": "10", "weatherCode": "113",  "weatherDesc": [ {"value": "Clear" } ],  "weatherIconUrl": [ {"value": "http:\/\/cdn.worldweatheronline.net\/images\/wsymbols01_png_64\/wsymbol_0008_clear_sky_night.png" } ], "WindChillC": "10", "WindChillF": "50", "winddir16Point": "N", "winddirDegree": "5", "WindGustKmph": "29", "WindGustMiles": "18", "windspeedKmph": "14", "windspeedMiles": "9" } ], "maxtempC": "23", "maxtempF": "73", "mintempC": "11", "mintempF": "53" } ] }}