{ "data": { "request": [ {"query": "Lat 23.50 and Lon 120.42", "type": "LatLon" } ],  "weather": [ { "astronomy": [ {"moonrise": "06:22 AM", "moonset": "07:57 PM", "sunrise": "05:11 AM", "sunset": "06:44 PM" } ], "date": "2013-06-10",  "hourly": [ {"cloudcover": "14", "DewPointC": "21", "DewPointF": "70", "FeelsLikeC": "28", "FeelsLikeF": "82", "HeatIndexC": "28", "HeatIndexF": "82", "humidity": "76", "precipMM": "0.0", "pressure": "1003", "tempC": "26", "tempF": "78", "time": "200", "visibility": "10", "weatherCode": "113",  "weatherDesc": [ {"value": "Clear" } ],  "weatherIconUrl": [ {"value": "http:\/\/cdn.worldweatheronline.net\/images\/wsymbols01_png_64\/wsymbol_0008_clear_sky_night.png" } ], "WindChillC": "26", "WindChillF": "78", "winddir16Point": "S", "winddirDegree": "187", "WindGustKmph": "18", "WindGustMiles": "11", "windspeedKmph": "10", "windspeedMiles": "6" }, {"cloudcover": "18", "DewPointC": "19", "DewPointF": "66", "FeelsLikeC": "25", "FeelsLikeF": "77", "HeatIndexC": "25", "HeatIndexF": "77", "humidity": "78", "precipMM": "0.0", "pressure": "1002", "tempC": "23", "tempF": "73", "time": "500", "visibility": "10", "weatherCode": "113",  "weatherDesc": [ {"value": "Clear" } ],  "weatherIconUrl": [ {"value": "http:\/\/cdn.worldweatheronline.net\/images\/wsymbols01_png_64\/wsymbol_0008_clear_sky_night.png" } ], "WindChillC": "23", "WindChillF": "73", "winddir16Point": "S", "winddirDegree": "169", "WindGustKmph": "20", "WindGustMiles": "12", "windspeedKmph": "9", "windspeedMiles": "6" }, {"cloudcover": "28", "DewPointC": "22", "DewPointF": "71", "FeelsLikeC": "33", "FeelsLikeF": "91", "HeatIndexC": "33", "HeatIndexF": "91", "humidity": "65", "precipMM": "0.2", "pressure": "1003", "tempC": "27", "tempF": "81", "time": "800", "visibility": "9", "weatherCode": "176",  "weatherDesc": [ {"value": "Patchy rain nearby" } ],  "weatherIconUrl": [ {"value": "http:\/\/cdn.worldweatheronline.net\/images\/wsymbols01_png_64\/wsymbol_0009_light_rain_showers.png" } ], "WindChillC": "29", "WindChillF": "85", "winddir16Point": "SW", "winddirDegree": "216", "WindGustKmph": "11", "WindGustMiles": "7", "windspeedKmph": "9", "windspeedMiles": "6" }, {"cloudcover": "19", "DewPointC": "24", "DewPointF": "76", "FeelsLikeC": "41", "FeelsLikeF": "106", "HeatIndexC": "41", "HeatIndexF": "106", "humidity": "57", "precipMM": "0.0", "pressure": "1003", "tempC": "33", "tempF": "91", "time": "1100", "visibility": "10", "weatherCode": "113",  "weatherDesc": [ {"value": "Sunny" } ],  "weatherIconUrl": [ {"value": "http:\/\/cdn.worldweatheronline.net\/images\/wsymbols01_png_64\/wsymbol_0001_sunny.png" } ], "WindChillC": "34", "WindChillF": "93", "winddir16Point": "WSW", "winddirDegree": "251", "WindGustKmph": "15", "WindGustMiles": "10", "windspeedKmph": "13", "windspeedMiles": "8" }, {"cloudcover": "23", "DewPointC": "25", "DewPointF": "77", "FeelsLikeC": "43", "FeelsLikeF": "110", "HeatIndexC": "43", "HeatIndexF": "110", "humidity": "56", "precipMM": "0.2", "pressure": "1003", "tempC": "34", "tempF": "92", "time": "1400", "visibility": "9", "weatherCode": "176",  "weatherDesc": [ {"value": "Patchy rain nearby" } ],  "weatherIconUrl": [ {"value": "http:\/\/cdn.worldweatheronline.net\/images\/wsymbols01_png_64\/wsymbol_0009_light_rain_showers.png" } ], "WindChillC": "35", "WindChillF": "95", "winddir16Point": "WSW", "winddirDegree": "252", "WindGustKmph": "21", "WindGustMiles": "13", "windspeedKmph": "18", "windspeedMiles": "11" }, {"cloudcover": "23", "DewPointC": "25", "DewPointF": "77", "FeelsLikeC": "41", "FeelsLikeF": "106", "HeatIndexC": "41", "HeatIndexF": "106", "humidity": "62", "precipMM": "0.3", "pressure": "1002", "tempC": "32", "tempF": "89", "time": "1700", "visibility": "9", "weatherCode": "176",  "weatherDesc": [ {"value": "Patchy rain nearby" } ],  "weatherIconUrl": [ {"value": "http:\/\/cdn.worldweatheronline.net\/images\/wsymbols01_png_64\/wsymbol_0009_light_rain_showers.png" } ], "WindChillC": "33", "WindChillF": "92", "winddir16Point": "WSW", "winddirDegree": "250", "WindGustKmph": "17", "WindGustMiles": "10", "windspeedKmph": "14", "windspeedMiles": "9" }, {"cloudcover": "19", "DewPointC": "22", "DewPointF": "72", "FeelsLikeC": "31", "FeelsLikeF": "88", "HeatIndexC": "31", "HeatIndexF": "88", "humidity": "71", "precipMM": "0.1", "pressure": "1004", "tempC": "28", "tempF": "83", "time": "2000", "visibility": "10", "weatherCode": "113",  "weatherDesc": [ {"value": "Clear" } ],  "weatherIconUrl": [ {"value": "http:\/\/cdn.worldweatheronline.net\/images\/wsymbols01_png_64\/wsymbol_0008_clear_sky_night.png" } ], "WindChillC": "28", "WindChillF": "83", "winddir16Point": "SSW", "winddirDegree": "208", "WindGustKmph": "8", "WindGustMiles": "5", "windspeedKmph": "7", "windspeedMiles": "4" }, {"cloudcover": "17", "DewPointC": "22", "DewPointF": "72", "FeelsLikeC": "30", "FeelsLikeF": "86", "HeatIndexC": "30", "HeatIndexF": "86", "humidity": "74", "precipMM": "0.2", "pressure": "1005", "tempC": "27", "tempF": "81", "time": "2300", "visibility": "10", "weatherCode": "113",  "weatherDesc": [ {"value": "Clear" } ],  "weatherIconUrl": [ {"value": "http:\/\/cdn.worldweatheronline.net\/images\/wsymbols01_png_64\/wsymbol_0008_clear_sky_night.png" } ], "WindChillC": "27", "WindChillF": "81", "winddir16Point": "SW", "winddirDegree": "217", "WindGustKmph": "13", "WindGustMiles": "8", "windspeedKmph": "9", "windspeedMiles": "6" } ], "maxtempC": "34", "maxtempF": "92", "mintempC": "23", "mintempF": "73" } ] }}