{ "data": { "request": [ {"query": "Lat 23.50 and Lon 120.42", "type": "LatLon" } ],  "weather": [ { "astronomy": [ {"moonrise": "07:37 AM", "moonset": "09:15 PM", "sunrise": "05:18 AM", "sunset": "06:32 PM" } ], "date": "2013-05-13",  "hourly": [ {"cloudcover": "36", "DewPointC": "19", "DewPointF": "65", "FeelsLikeC": "21", "FeelsLikeF": "70", "HeatIndexC": "24", "HeatIndexF": "76", "humidity": "84", "precipMM": "0.5", "pressure": "1008", "tempC": "21", "tempF": "70", "time": "200", "visibility": "9", "weatherCode": "176",  "weatherDesc": [ {"value": "Patchy rain nearby" } ],  "weatherIconUrl": [ {"value": "http:\/\/cdn.worldweatheronline.net\/images\/wsymbols01_png_64\/wsymbol_0025_light_rain_showers_night.png" } ], "WindChillC": "21", "WindChillF": "70", "winddir16Point": "S", "winddirDegree": "172", "WindGustKmph": "26", "WindGustMiles": "16", "windspeedKmph": "12", "windspeedMiles": "8" }, {"cloudcover": "21", "DewPointC": "18", "DewPointF": "64", "FeelsLikeC": "20", "FeelsLikeF": "69", "HeatIndexC": "20", "HeatIndexF": "69", "humidity": "86", "precipMM": "0.0", "pressure": "1007", "tempC": "20", "tempF": "69", "time": "500", "visibility": "10", "weatherCode": "113",  "weatherDesc": [ {"value": "Clear" } ],  "weatherIconUrl": [ {"value": "http:\/\/cdn.worldweatheronline.net\/images\/wsymbols01_png_64\/wsymbol_0008_clear_sky_night.png" } ], "WindChillC": "20", "WindChillF": "69", "winddir16Point": "SSE", "winddirDegree": "166", "WindGustKmph": "24", "WindGustMiles": "15", "windspeedKmph": "12", "windspeedMiles": "7" }, {"cloudcover": "17", "DewPointC": "21", "DewPointF": "70", "FeelsLikeC": "29", "FeelsLikeF": "83", "HeatIndexC": "29", "HeatIndexF": "83", "humidity": "72", "precipMM": "0.6", "pressure": "1008", "tempC": "24", "tempF": "75", "time": "800", "visibility": "9", "weatherCode": "176",  "weatherDesc": [ {"value": "Patchy rain nearby" } ],  "weatherIconUrl": [ {"value": "http:\/\/cdn.worldweatheronline.net\/images\/wsymbols01_png_64\/wsymbol_0009_light_rain_showers.png" } ], "WindChillC": "26", "WindChillF": "80", "winddir16Point": "SSW", "winddirDegree": "209", "WindGustKmph": "13", "WindGustMiles": "8", "windspeedKmph": "10", "windspeedMiles": "6" }, {"cloudcover": "15", "DewPointC": "25", "DewPointF": "76", "FeelsLikeC": "38", "FeelsLikeF": "100", "HeatIndexC": "38", "HeatIndexF": "100", "humidity": "66", "precipMM": "0.3", "pressure": "1009", "tempC": "29", "tempF": "85", "time": "1100", "visibility": "9", "weatherCode": "176",  "weatherDesc": [ {"value": "Patchy rain nearby" } ],  "weatherIconUrl": [ {"value": "http:\/\/cdn.worldweatheronline.net\/images\/wsymbols01_png_64\/wsymbol_0009_light_rain_showers.png" } ], "WindChillC": "32", "WindChillF": "89", "winddir16Point": "WSW", "winddirDegree": "249", "WindGustKmph": "16", "WindGustMiles": "10", "windspeedKmph": "14", "windspeedMiles": "9" }, {"cloudcover": "22", "DewPointC": "25", "DewPointF": "77", "FeelsLikeC": "39", "FeelsLikeF": "103", "HeatIndexC": "39", "HeatIndexF": "103", "humidity": "64", "precipMM": "0.1", "pressure": "1008", "tempC": "30", "tempF": "87", "time": "1400", "visibility": "10", "weatherCode": "113",  "weatherDesc": [ {"value": "Sunny" } ],  "weatherIconUrl": [ {"value": "http:\/\/cdn.worldweatheronline.net\/images\/wsymbols01_png_64\/wsymbol_0001_sunny.png" } ], "WindChillC": "32", "WindChillF": "90", "winddir16Point": "WSW", "winddirDegree": "257", "WindGustKmph": "16", "WindGustMiles": "10", "windspeedKmph": "14", "windspeedMiles": "9" }, {"cloudcover": "9", "DewPointC": "25", "DewPointF": "77", "FeelsLikeC": "37", "FeelsLikeF": "99", "HeatIndexC": "37", "HeatIndexF": "99", "humidity": "70", "precipMM": "0.1", "pressure": "1007", "tempC": "29", "tempF": "84", "time": "1700", "visibility": "10", "weatherCode": "113",  "weatherDesc": [ {"value": "Sunny" } ],  "weatherIconUrl": [ {"value": "http:\/\/cdn.worldweatheronline.net\/images\/wsymbols01_png_64\/wsymbol_0001_sunny.png" } ], "WindChillC": "31", "WindChillF": "88", "winddir16Point": "W", "winddirDegree": "265", "WindGustKmph": "14", "WindGustMiles": "9", "windspeedKmph": "12", "windspeedMiles": "7" }, {"cloudcover": "9", "DewPointC": "23", "DewPointF": "74", "FeelsLikeC": "30", "FeelsLikeF": "85", "HeatIndexC": "30", "HeatIndexF": "85", "humidity": "84", "precipMM": "0.0", "pressure": "1008", "tempC": "26", "tempF": "80", "time": "2000", "visibility": "10", "weatherCode": "113",  "weatherDesc": [ {"value": "Clear" } ],  "weatherIconUrl": [ {"value": "http:\/\/cdn.worldweatheronline.net\/images\/wsymbols01_png_64\/wsymbol_0008_clear_sky_night.png" } ], "WindChillC": "26", "WindChillF": "80", "winddir16Point": "WSW", "winddirDegree": "251", "WindGustKmph": "7", "WindGustMiles": "4", "windspeedKmph": "6", "windspeedMiles": "4" }, {"cloudcover": "6", "DewPointC": "21", "DewPointF": "71", "FeelsLikeC": "26", "FeelsLikeF": "79", "HeatIndexC": "26", "HeatIndexF": "79", "humidity": "86", "precipMM": "0.0", "pressure": "1009", "tempC": "24", "tempF": "75", "time": "2300", "visibility": "10", "weatherCode": "113",  "weatherDesc": [ {"value": "Clear" } ],  "weatherIconUrl": [ {"value": "http:\/\/cdn.worldweatheronline.net\/images\/wsymbols01_png_64\/wsymbol_0008_clear_sky_night.png" } ], "WindChillC": "24", "WindChillF": "75", "winddir16Point": "SW", "winddirDegree": "230", "WindGustKmph": "9", "WindGustMiles": "6", "windspeedKmph": "5", "windspeedMiles": "3" } ], "maxtempC": "30", "maxtempF": "87", "mintempC": "20", "mintempF": "69" } ] }}