{ "data": { "request": [ {"query": "Lat 23.50 and Lon 120.42", "type": "LatLon" } ],  "weather": [ { "astronomy": [ {"moonrise": "10:04 AM", "moonset": "09:49 PM", "sunrise": "05:33 AM", "sunset": "06:33 PM" } ], "date": "2013-08-12",  "hourly": [ {"cloudcover": "10", "DewPointC": "21", "DewPointF": "70", "FeelsLikeC": "27", "FeelsLikeF": "81", "HeatIndexC": "27", "HeatIndexF": "81", "humidity": "78", "precipMM": "0.1", "pressure": "1009", "tempC": "25", "tempF": "77", "time": "200", "visibility": "10", "weatherCode": "113",  "weatherDesc": [ {"value": "Clear" } ],  "weatherIconUrl": [ {"value": "http:\/\/cdn.worldweatheronline.net\/images\/wsymbols01_png_64\/wsymbol_0008_clear_sky_night.png" } ], "WindChillC": "25", "WindChillF": "77", "winddir16Point": "SE", "winddirDegree": "145", "WindGustKmph": "2", "WindGustMiles": "1", "windspeedKmph": "1", "windspeedMiles": "1" }, {"cloudcover": "5", "DewPointC": "19", "DewPointF": "67", "FeelsLikeC": "26", "FeelsLikeF": "79", "HeatIndexC": "26", "HeatIndexF": "79", "humidity": "74", "precipMM": "0.0", "pressure": "1008", "tempC": "24", "tempF": "76", "time": "500", "visibility": "10", "weatherCode": "113",  "weatherDesc": [ {"value": "Clear" } ],  "weatherIconUrl": [ {"value": "http:\/\/cdn.worldweatheronline.net\/images\/wsymbols01_png_64\/wsymbol_0008_clear_sky_night.png" } ], "WindChillC": "24", "WindChillF": "76", "winddir16Point": "NE", "winddirDegree": "45", "WindGustKmph": "10", "WindGustMiles": "6", "windspeedKmph": "5", "windspeedMiles": "3" }, {"cloudcover": "4", "DewPointC": "22", "DewPointF": "71", "FeelsLikeC": "34", "FeelsLikeF": "93", "HeatIndexC": "34", "HeatIndexF": "93", "humidity": "59", "precipMM": "0.0", "pressure": "1008", "tempC": "28", "tempF": "83", "time": "800", "visibility": "10", "weatherCode": "113",  "weatherDesc": [ {"value": "Sunny" } ],  "weatherIconUrl": [ {"value": "http:\/\/cdn.worldweatheronline.net\/images\/wsymbols01_png_64\/wsymbol_0001_sunny.png" } ], "WindChillC": "31", "WindChillF": "87", "winddir16Point": "N", "winddirDegree": "352", "WindGustKmph": "5", "WindGustMiles": "3", "windspeedKmph": "4", "windspeedMiles": "2" }, {"cloudcover": "12", "DewPointC": "24", "DewPointF": "75", "FeelsLikeC": "43", "FeelsLikeF": "110", "HeatIndexC": "43", "HeatIndexF": "110", "humidity": "51", "precipMM": "0.0", "pressure": "1008", "tempC": "34", "tempF": "94", "time": "1100", "visibility": "10", "weatherCode": "113",  "weatherDesc": [ {"value": "Sunny" } ],  "weatherIconUrl": [ {"value": "http:\/\/cdn.worldweatheronline.net\/images\/wsymbols01_png_64\/wsymbol_0001_sunny.png" } ], "WindChillC": "36", "WindChillF": "96", "winddir16Point": "WNW", "winddirDegree": "303", "WindGustKmph": "14", "WindGustMiles": "9", "windspeedKmph": "12", "windspeedMiles": "7" }, {"cloudcover": "26", "DewPointC": "25", "DewPointF": "77", "FeelsLikeC": "45", "FeelsLikeF": "113", "HeatIndexC": "45", "HeatIndexF": "113", "humidity": "53", "precipMM": "1.0", "pressure": "1006", "tempC": "35", "tempF": "95", "time": "1400", "visibility": "9", "weatherCode": "176",  "weatherDesc": [ {"value": "Patchy rain nearby" } ],  "weatherIconUrl": [ {"value": "http:\/\/cdn.worldweatheronline.net\/images\/wsymbols01_png_64\/wsymbol_0009_light_rain_showers.png" } ], "WindChillC": "36", "WindChillF": "97", "winddir16Point": "NW", "winddirDegree": "309", "WindGustKmph": "17", "WindGustMiles": "11", "windspeedKmph": "13", "windspeedMiles": "8" }, {"cloudcover": "25", "DewPointC": "26", "DewPointF": "78", "FeelsLikeC": "46", "FeelsLikeF": "114", "HeatIndexC": "46", "HeatIndexF": "114", "humidity": "57", "precipMM": "0.9", "pressure": "1006", "tempC": "34", "tempF": "93", "time": "1700", "visibility": "10", "weatherCode": "386",  "weatherDesc": [ {"value": "Patchy light rain in area with thunder" } ],  "weatherIconUrl": [ {"value": "http:\/\/cdn.worldweatheronline.net\/images\/wsymbols01_png_64\/wsymbol_0016_thundery_showers.png" } ], "WindChillC": "36", "WindChillF": "96", "winddir16Point": "NNW", "winddirDegree": "338", "WindGustKmph": "13", "WindGustMiles": "8", "windspeedKmph": "10", "windspeedMiles": "6" }, {"cloudcover": "38", "DewPointC": "25", "DewPointF": "77", "FeelsLikeC": "38", "FeelsLikeF": "100", "HeatIndexC": "38", "HeatIndexF": "100", "humidity": "70", "precipMM": "0.3", "pressure": "1006", "tempC": "31", "tempF": "88", "time": "2000", "visibility": "9", "weatherCode": "176",  "weatherDesc": [ {"value": "Patchy rain nearby" } ],  "weatherIconUrl": [ {"value": "http:\/\/cdn.worldweatheronline.net\/images\/wsymbols01_png_64\/wsymbol_0025_light_rain_showers_night.png" } ], "WindChillC": "31", "WindChillF": "88", "winddir16Point": "NE", "winddirDegree": "48", "WindGustKmph": "3", "WindGustMiles": "2", "windspeedKmph": "2", "windspeedMiles": "1" }, {"cloudcover": "44", "DewPointC": "20", "DewPointF": "69", "FeelsLikeC": "29", "FeelsLikeF": "85", "HeatIndexC": "29", "HeatIndexF": "85", "humidity": "65", "precipMM": "0.1", "pressure": "1007", "tempC": "27", "tempF": "81", "time": "2300", "visibility": "10", "weatherCode": "116",  "weatherDesc": [ {"value": "Partly Cloudy" } ],  "weatherIconUrl": [ {"value": "http:\/\/cdn.worldweatheronline.net\/images\/wsymbols01_png_64\/wsymbol_0004_black_low_cloud.png" } ], "WindChillC": "27", "WindChillF": "81", "winddir16Point": "ESE", "winddirDegree": "120", "WindGustKmph": "14", "WindGustMiles": "9", "windspeedKmph": "7", "windspeedMiles": "4" } ], "maxtempC": "35", "maxtempF": "95", "mintempC": "24", "mintempF": "76" } ] }}