{ "data": { "request": [ {"query": "Lat 23.50 and Lon 120.42", "type": "LatLon" } ],  "weather": [ { "astronomy": [ {"moonrise": "04:23 AM", "moonset": "05:15 PM", "sunrise": "05:41 AM", "sunset": "06:13 PM" } ], "date": "2013-09-04",  "hourly": [ {"cloudcover": "5", "DewPointC": "18", "DewPointF": "65", "FeelsLikeC": "22", "FeelsLikeF": "71", "HeatIndexC": "25", "HeatIndexF": "76", "humidity": "80", "precipMM": "0.0", "pressure": "1009", "tempC": "22", "tempF": "71", "time": "200", "visibility": "10", "weatherCode": "113",  "weatherDesc": [ {"value": "Clear" } ],  "weatherIconUrl": [ {"value": "http:\/\/cdn.worldweatheronline.net\/images\/wsymbols01_png_64\/wsymbol_0008_clear_sky_night.png" } ], "WindChillC": "22", "WindChillF": "71", "winddir16Point": "WNW", "winddirDegree": "297", "WindGustKmph": "5", "WindGustMiles": "3", "windspeedKmph": "3", "windspeedMiles": "2" }, {"cloudcover": "6", "DewPointC": "18", "DewPointF": "64", "FeelsLikeC": "21", "FeelsLikeF": "69", "HeatIndexC": "21", "HeatIndexF": "69", "humidity": "83", "precipMM": "0.0", "pressure": "1009", "tempC": "21", "tempF": "69", "time": "500", "visibility": "10", "weatherCode": "113",  "weatherDesc": [ {"value": "Clear" } ],  "weatherIconUrl": [ {"value": "http:\/\/cdn.worldweatheronline.net\/images\/wsymbols01_png_64\/wsymbol_0008_clear_sky_night.png" } ], "WindChillC": "21", "WindChillF": "69", "winddir16Point": "NE", "winddirDegree": "54", "WindGustKmph": "7", "WindGustMiles": "4", "windspeedKmph": "3", "windspeedMiles": "2" }, {"cloudcover": "11", "DewPointC": "19", "DewPointF": "66", "FeelsLikeC": "28", "FeelsLikeF": "82", "HeatIndexC": "28", "HeatIndexF": "82", "humidity": "63", "precipMM": "0.0", "pressure": "1010", "tempC": "26", "tempF": "80", "time": "800", "visibility": "10", "weatherCode": "113",  "weatherDesc": [ {"value": "Sunny" } ],  "weatherIconUrl": [ {"value": "http:\/\/cdn.worldweatheronline.net\/images\/wsymbols01_png_64\/wsymbol_0001_sunny.png" } ], "WindChillC": "26", "WindChillF": "80", "winddir16Point": "NNW", "winddirDegree": "334", "WindGustKmph": "5", "WindGustMiles": "3", "windspeedKmph": "4", "windspeedMiles": "2" }, {"cloudcover": "14", "DewPointC": "21", "DewPointF": "70", "FeelsLikeC": "36", "FeelsLikeF": "96", "HeatIndexC": "36", "HeatIndexF": "96", "humidity": "53", "precipMM": "0.0", "pressure": "1011", "tempC": "32", "tempF": "90", "time": "1100", "visibility": "10", "weatherCode": "113",  "weatherDesc": [ {"value": "Sunny" } ],  "weatherIconUrl": [ {"value": "http:\/\/cdn.worldweatheronline.net\/images\/wsymbols01_png_64\/wsymbol_0001_sunny.png" } ], "WindChillC": "32", "WindChillF": "90", "winddir16Point": "NW", "winddirDegree": "305", "WindGustKmph": "12", "WindGustMiles": "7", "windspeedKmph": "10", "windspeedMiles": "6" }, {"cloudcover": "20", "DewPointC": "21", "DewPointF": "70", "FeelsLikeC": "37", "FeelsLikeF": "98", "HeatIndexC": "37", "HeatIndexF": "98", "humidity": "50", "precipMM": "0.0", "pressure": "1010", "tempC": "33", "tempF": "91", "time": "1400", "visibility": "10", "weatherCode": "113",  "weatherDesc": [ {"value": "Sunny" } ],  "weatherIconUrl": [ {"value": "http:\/\/cdn.worldweatheronline.net\/images\/wsymbols01_png_64\/wsymbol_0001_sunny.png" } ], "WindChillC": "33", "WindChillF": "91", "winddir16Point": "NW", "winddirDegree": "306", "WindGustKmph": "15", "WindGustMiles": "9", "windspeedKmph": "13", "windspeedMiles": "8" }, {"cloudcover": "21", "DewPointC": "22", "DewPointF": "71", "FeelsLikeC": "35", "FeelsLikeF": "94", "HeatIndexC": "35", "HeatIndexF": "94", "humidity": "57", "precipMM": "0.0", "pressure": "1009", "tempC": "31", "tempF": "88", "time": "1700", "visibility": "10", "weatherCode": "113",  "weatherDesc": [ {"value": "Sunny" } ],  "weatherIconUrl": [ {"value": "http:\/\/cdn.worldweatheronline.net\/images\/wsymbols01_png_64\/wsymbol_0001_sunny.png" } ], "WindChillC": "31", "WindChillF": "88", "winddir16Point": "NW", "winddirDegree": "318", "WindGustKmph": "14", "WindGustMiles": "9", "windspeedKmph": "12", "windspeedMiles": "7" }, {"cloudcover": "16", "DewPointC": "21", "DewPointF": "70", "FeelsLikeC": "29", "FeelsLikeF": "84", "HeatIndexC": "29", "HeatIndexF": "84", "humidity": "72", "precipMM": "0.1", "pressure": "1011", "tempC": "27", "tempF": "80", "time": "2000", "visibility": "10", "weatherCode": "113",  "weatherDesc": [ {"value": "Clear" } ],  "weatherIconUrl": [ {"value": "http:\/\/cdn.worldweatheronline.net\/images\/wsymbols01_png_64\/wsymbol_0008_clear_sky_night.png" } ], "WindChillC": "27", "WindChillF": "80", "winddir16Point": "NNW", "winddirDegree": "340", "WindGustKmph": "10", "WindGustMiles": "6", "windspeedKmph": "8", "windspeedMiles": "5" }, {"cloudcover": "15", "DewPointC": "19", "DewPointF": "67", "FeelsLikeC": "26", "FeelsLikeF": "79", "HeatIndexC": "26", "HeatIndexF": "79", "humidity": "75", "precipMM": "0.0", "pressure": "1011", "tempC": "24", "tempF": "75", "time": "2300", "visibility": "10", "weatherCode": "113",  "weatherDesc": [ {"value": "Clear" } ],  "weatherIconUrl": [ {"value": "http:\/\/cdn.worldweatheronline.net\/images\/wsymbols01_png_64\/wsymbol_0008_clear_sky_night.png" } ], "WindChillC": "24", "WindChillF": "75", "winddir16Point": "WNW", "winddirDegree": "291", "WindGustKmph": "8", "WindGustMiles": "5", "windspeedKmph": "4", "windspeedMiles": "2" } ], "maxtempC": "33", "maxtempF": "91", "mintempC": "21", "mintempF": "69" } ] }}