{ "data": { "request": [ {"query": "Lat 23.50 and Lon 120.42", "type": "LatLon" } ],  "weather": [ { "astronomy": [ {"moonrise": "11:01 AM", "moonset": "No moonset", "sunrise": "06:04 AM", "sunset": "06:09 PM" } ], "date": "2013-03-19",  "hourly": [ {"cloudcover": "3", "DewPointC": "15", "DewPointF": "60", "FeelsLikeC": "19", "FeelsLikeF": "67", "HeatIndexC": "19", "HeatIndexF": "67", "humidity": "77", "precipMM": "0.0", "pressure": "1012", "tempC": "19", "tempF": "67", "time": "200", "visibility": "10", "weatherCode": "113",  "weatherDesc": [ {"value": "Clear" } ],  "weatherIconUrl": [ {"value": "http:\/\/cdn.worldweatheronline.net\/images\/wsymbols01_png_64\/wsymbol_0008_clear_sky_night.png" } ], "WindChillC": "19", "WindChillF": "67", "winddir16Point": "S", "winddirDegree": "174", "WindGustKmph": "16", "WindGustMiles": "10", "windspeedKmph": "8", "windspeedMiles": "5" }, {"cloudcover": "4", "DewPointC": "15", "DewPointF": "59", "FeelsLikeC": "19", "FeelsLikeF": "65", "HeatIndexC": "19", "HeatIndexF": "65", "humidity": "80", "precipMM": "0.0", "pressure": "1012", "tempC": "19", "tempF": "65", "time": "500", "visibility": "10", "weatherCode": "113",  "weatherDesc": [ {"value": "Clear" } ],  "weatherIconUrl": [ {"value": "http:\/\/cdn.worldweatheronline.net\/images\/wsymbols01_png_64\/wsymbol_0008_clear_sky_night.png" } ], "WindChillC": "19", "WindChillF": "65", "winddir16Point": "SSE", "winddirDegree": "167", "WindGustKmph": "15", "WindGustMiles": "9", "windspeedKmph": "7", "windspeedMiles": "4" }, {"cloudcover": "4", "DewPointC": "18", "DewPointF": "64", "FeelsLikeC": "26", "FeelsLikeF": "79", "HeatIndexC": "26", "HeatIndexF": "79", "humidity": "66", "precipMM": "0.0", "pressure": "1013", "tempC": "22", "tempF": "72", "time": "800", "visibility": "10", "weatherCode": "113",  "weatherDesc": [ {"value": "Sunny" } ],  "weatherIconUrl": [ {"value": "http:\/\/cdn.worldweatheronline.net\/images\/wsymbols01_png_64\/wsymbol_0001_sunny.png" } ], "WindChillC": "24", "WindChillF": "76", "winddir16Point": "S", "winddirDegree": "177", "WindGustKmph": "9", "WindGustMiles": "5", "windspeedKmph": "8", "windspeedMiles": "5" }, {"cloudcover": "5", "DewPointC": "19", "DewPointF": "65", "FeelsLikeC": "30", "FeelsLikeF": "86", "HeatIndexC": "30", "HeatIndexF": "86", "humidity": "55", "precipMM": "0.0", "pressure": "1014", "tempC": "28", "tempF": "82", "time": "1100", "visibility": "10", "weatherCode": "113",  "weatherDesc": [ {"value": "Sunny" } ],  "weatherIconUrl": [ {"value": "http:\/\/cdn.worldweatheronline.net\/images\/wsymbols01_png_64\/wsymbol_0001_sunny.png" } ], "WindChillC": "29", "WindChillF": "83", "winddir16Point": "SW", "winddirDegree": "233", "WindGustKmph": "19", "WindGustMiles": "12", "windspeedKmph": "17", "windspeedMiles": "11" }, {"cloudcover": "6", "DewPointC": "20", "DewPointF": "68", "FeelsLikeC": "33", "FeelsLikeF": "91", "HeatIndexC": "33", "HeatIndexF": "91", "humidity": "55", "precipMM": "0.0", "pressure": "1012", "tempC": "29", "tempF": "84", "time": "1400", "visibility": "10", "weatherCode": "113",  "weatherDesc": [ {"value": "Sunny" } ],  "weatherIconUrl": [ {"value": "http:\/\/cdn.worldweatheronline.net\/images\/wsymbols01_png_64\/wsymbol_0001_sunny.png" } ], "WindChillC": "30", "WindChillF": "87", "winddir16Point": "SW", "winddirDegree": "236", "WindGustKmph": "22", "WindGustMiles": "13", "windspeedKmph": "19", "windspeedMiles": "12" }, {"cloudcover": "7", "DewPointC": "20", "DewPointF": "68", "FeelsLikeC": "30", "FeelsLikeF": "85", "HeatIndexC": "30", "HeatIndexF": "85", "humidity": "62", "precipMM": "0.0", "pressure": "1011", "tempC": "27", "tempF": "80", "time": "1700", "visibility": "10", "weatherCode": "113",  "weatherDesc": [ {"value": "Sunny" } ],  "weatherIconUrl": [ {"value": "http:\/\/cdn.worldweatheronline.net\/images\/wsymbols01_png_64\/wsymbol_0001_sunny.png" } ], "WindChillC": "28", "WindChillF": "82", "winddir16Point": "SW", "winddirDegree": "227", "WindGustKmph": "17", "WindGustMiles": "11", "windspeedKmph": "15", "windspeedMiles": "9" }, {"cloudcover": "6", "DewPointC": "19", "DewPointF": "66", "FeelsLikeC": "25", "FeelsLikeF": "77", "HeatIndexC": "25", "HeatIndexF": "77", "humidity": "78", "precipMM": "0.0", "pressure": "1012", "tempC": "23", "tempF": "74", "time": "2000", "visibility": "10", "weatherCode": "113",  "weatherDesc": [ {"value": "Clear" } ],  "weatherIconUrl": [ {"value": "http:\/\/cdn.worldweatheronline.net\/images\/wsymbols01_png_64\/wsymbol_0008_clear_sky_night.png" } ], "WindChillC": "23", "WindChillF": "74", "winddir16Point": "S", "winddirDegree": "188", "WindGustKmph": "16", "WindGustMiles": "10", "windspeedKmph": "10", "windspeedMiles": "6" }, {"cloudcover": "5", "DewPointC": "16", "DewPointF": "61", "FeelsLikeC": "20", "FeelsLikeF": "69", "HeatIndexC": "20", "HeatIndexF": "69", "humidity": "76", "precipMM": "0.0", "pressure": "1012", "tempC": "20", "tempF": "69", "time": "2300", "visibility": "10", "weatherCode": "113",  "weatherDesc": [ {"value": "Clear" } ],  "weatherIconUrl": [ {"value": "http:\/\/cdn.worldweatheronline.net\/images\/wsymbols01_png_64\/wsymbol_0008_clear_sky_night.png" } ], "WindChillC": "20", "WindChillF": "69", "winddir16Point": "SSE", "winddirDegree": "165", "WindGustKmph": "23", "WindGustMiles": "14", "windspeedKmph": "11", "windspeedMiles": "7" } ], "maxtempC": "29", "maxtempF": "84", "mintempC": "19", "mintempF": "65" } ] }}