{ "data": { "request": [ {"query": "Lat 23.50 and Lon 120.42", "type": "LatLon" } ],  "weather": [ { "astronomy": [ {"moonrise": "11:23 PM", "moonset": "12:09 PM", "sunrise": "05:39 AM", "sunset": "06:20 PM" } ], "date": "2013-08-28",  "hourly": [ {"cloudcover": "40", "DewPointC": "23", "DewPointF": "74", "FeelsLikeC": "29", "FeelsLikeF": "85", "HeatIndexC": "29", "HeatIndexF": "85", "humidity": "83", "precipMM": "0.6", "pressure": "1005", "tempC": "26", "tempF": "79", "time": "200", "visibility": "9", "weatherCode": "176",  "weatherDesc": [ {"value": "Patchy rain nearby" } ],  "weatherIconUrl": [ {"value": "http:\/\/cdn.worldweatheronline.net\/images\/wsymbols01_png_64\/wsymbol_0025_light_rain_showers_night.png" } ], "WindChillC": "26", "WindChillF": "79", "winddir16Point": "W", "winddirDegree": "260", "WindGustKmph": "2", "WindGustMiles": "1", "windspeedKmph": "1", "windspeedMiles": "1" }, {"cloudcover": "15", "DewPointC": "22", "DewPointF": "72", "FeelsLikeC": "28", "FeelsLikeF": "82", "HeatIndexC": "28", "HeatIndexF": "82", "humidity": "81", "precipMM": "0.6", "pressure": "1004", "tempC": "26", "tempF": "78", "time": "500", "visibility": "9", "weatherCode": "176",  "weatherDesc": [ {"value": "Patchy rain nearby" } ],  "weatherIconUrl": [ {"value": "http:\/\/cdn.worldweatheronline.net\/images\/wsymbols01_png_64\/wsymbol_0025_light_rain_showers_night.png" } ], "WindChillC": "26", "WindChillF": "78", "winddir16Point": "E", "winddirDegree": "86", "WindGustKmph": "2", "WindGustMiles": "1", "windspeedKmph": "1", "windspeedMiles": "1" }, {"cloudcover": "10", "DewPointC": "22", "DewPointF": "72", "FeelsLikeC": "32", "FeelsLikeF": "89", "HeatIndexC": "32", "HeatIndexF": "89", "humidity": "68", "precipMM": "0.3", "pressure": "1004", "tempC": "29", "tempF": "83", "time": "800", "visibility": "10", "weatherCode": "113",  "weatherDesc": [ {"value": "Sunny" } ],  "weatherIconUrl": [ {"value": "http:\/\/cdn.worldweatheronline.net\/images\/wsymbols01_png_64\/wsymbol_0001_sunny.png" } ], "WindChillC": "29", "WindChillF": "83", "winddir16Point": "NW", "winddirDegree": "309", "WindGustKmph": "7", "WindGustMiles": "4", "windspeedKmph": "6", "windspeedMiles": "4" }, {"cloudcover": "8", "DewPointC": "26", "DewPointF": "79", "FeelsLikeC": "45", "FeelsLikeF": "114", "HeatIndexC": "45", "HeatIndexF": "114", "humidity": "61", "precipMM": "0.2", "pressure": "1003", "tempC": "35", "tempF": "95", "time": "1100", "visibility": "10", "weatherCode": "113",  "weatherDesc": [ {"value": "Sunny" } ],  "weatherIconUrl": [ {"value": "http:\/\/cdn.worldweatheronline.net\/images\/wsymbols01_png_64\/wsymbol_0001_sunny.png" } ], "WindChillC": "35", "WindChillF": "95", "winddir16Point": "WNW", "winddirDegree": "304", "WindGustKmph": "18", "WindGustMiles": "11", "windspeedKmph": "15", "windspeedMiles": "9" }, {"cloudcover": "43", "DewPointC": "27", "DewPointF": "80", "FeelsLikeC": "47", "FeelsLikeF": "116", "HeatIndexC": "47", "HeatIndexF": "116", "humidity": "61", "precipMM": "1.6", "pressure": "1002", "tempC": "35", "tempF": "96", "time": "1400", "visibility": "10", "weatherCode": "353",  "weatherDesc": [ {"value": "Light rain shower" } ],  "weatherIconUrl": [ {"value": "http:\/\/cdn.worldweatheronline.net\/images\/wsymbols01_png_64\/wsymbol_0009_light_rain_showers.png" } ], "WindChillC": "35", "WindChillF": "96", "winddir16Point": "NW", "winddirDegree": "306", "WindGustKmph": "25", "WindGustMiles": "16", "windspeedKmph": "18", "windspeedMiles": "11" }, {"cloudcover": "15", "DewPointC": "27", "DewPointF": "80", "FeelsLikeC": "43", "FeelsLikeF": "109", "HeatIndexC": "43", "HeatIndexF": "109", "humidity": "71", "precipMM": "2.3", "pressure": "1000", "tempC": "33", "tempF": "91", "time": "1700", "visibility": "9", "weatherCode": "176",  "weatherDesc": [ {"value": "Patchy rain nearby" } ],  "weatherIconUrl": [ {"value": "http:\/\/cdn.worldweatheronline.net\/images\/wsymbols01_png_64\/wsymbol_0009_light_rain_showers.png" } ], "WindChillC": "33", "WindChillF": "91", "winddir16Point": "WNW", "winddirDegree": "299", "WindGustKmph": "24", "WindGustMiles": "15", "windspeedKmph": "15", "windspeedMiles": "10" }, {"cloudcover": "19", "DewPointC": "24", "DewPointF": "76", "FeelsLikeC": "31", "FeelsLikeF": "89", "HeatIndexC": "31", "HeatIndexF": "89", "humidity": "83", "precipMM": "2.8", "pressure": "1001", "tempC": "27", "tempF": "81", "time": "2000", "visibility": "7", "weatherCode": "356",  "weatherDesc": [ {"value": "Moderate or heavy rain shower" } ],  "weatherIconUrl": [ {"value": "http:\/\/cdn.worldweatheronline.net\/images\/wsymbols01_png_64\/wsymbol_0026_heavy_rain_showers_night.png" } ], "WindChillC": "27", "WindChillF": "81", "winddir16Point": "W", "winddirDegree": "274", "WindGustKmph": "14", "WindGustMiles": "9", "windspeedKmph": "9", "windspeedMiles": "6" }, {"cloudcover": "33", "DewPointC": "24", "DewPointF": "75", "FeelsLikeC": "30", "FeelsLikeF": "85", "HeatIndexC": "30", "HeatIndexF": "85", "humidity": "85", "precipMM": "1.7", "pressure": "1001", "tempC": "26", "tempF": "80", "time": "2300", "visibility": "9", "weatherCode": "176",  "weatherDesc": [ {"value": "Patchy rain nearby" } ],  "weatherIconUrl": [ {"value": "http:\/\/cdn.worldweatheronline.net\/images\/wsymbols01_png_64\/wsymbol_0025_light_rain_showers_night.png" } ], "WindChillC": "26", "WindChillF": "80", "winddir16Point": "W", "winddirDegree": "262", "WindGustKmph": "11", "WindGustMiles": "7", "windspeedKmph": "8", "windspeedMiles": "5" } ], "maxtempC": "35", "maxtempF": "96", "mintempC": "26", "mintempF": "78" } ] }}