{ "data": { "request": [ {"query": "Lat 23.50 and Lon 120.42", "type": "LatLon" } ],  "weather": [ { "astronomy": [ {"moonrise": "02:37 AM", "moonset": "03:51 PM", "sunrise": "05:11 AM", "sunset": "06:42 PM" } ], "date": "2013-06-05",  "hourly": [ {"cloudcover": "26", "DewPointC": "20", "DewPointF": "67", "FeelsLikeC": "25", "FeelsLikeF": "78", "HeatIndexC": "25", "HeatIndexF": "78", "humidity": "79", "precipMM": "0.0", "pressure": "1011", "tempC": "23", "tempF": "74", "time": "200", "visibility": "10", "weatherCode": "116",  "weatherDesc": [ {"value": "Partly Cloudy" } ],  "weatherIconUrl": [ {"value": "http:\/\/cdn.worldweatheronline.net\/images\/wsymbols01_png_64\/wsymbol_0004_black_low_cloud.png" } ], "WindChillC": "23", "WindChillF": "74", "winddir16Point": "SSW", "winddirDegree": "192", "WindGustKmph": "12", "WindGustMiles": "8", "windspeedKmph": "6", "windspeedMiles": "4" }, {"cloudcover": "46", "DewPointC": "20", "DewPointF": "67", "FeelsLikeC": "25", "FeelsLikeF": "76", "HeatIndexC": "25", "HeatIndexF": "76", "humidity": "84", "precipMM": "0.2", "pressure": "1011", "tempC": "22", "tempF": "72", "time": "500", "visibility": "9", "weatherCode": "176",  "weatherDesc": [ {"value": "Patchy rain nearby" } ],  "weatherIconUrl": [ {"value": "http:\/\/cdn.worldweatheronline.net\/images\/wsymbols01_png_64\/wsymbol_0025_light_rain_showers_night.png" } ], "WindChillC": "22", "WindChillF": "72", "winddir16Point": "SSE", "winddirDegree": "165", "WindGustKmph": "7", "WindGustMiles": "4", "windspeedKmph": "3", "windspeedMiles": "2" }, {"cloudcover": "46", "DewPointC": "21", "DewPointF": "69", "FeelsLikeC": "29", "FeelsLikeF": "85", "HeatIndexC": "29", "HeatIndexF": "85", "humidity": "68", "precipMM": "0.2", "pressure": "1012", "tempC": "25", "tempF": "77", "time": "800", "visibility": "5", "weatherCode": "263",  "weatherDesc": [ {"value": "Patchy light drizzle" } ],  "weatherIconUrl": [ {"value": "http:\/\/cdn.worldweatheronline.net\/images\/wsymbols01_png_64\/wsymbol_0009_light_rain_showers.png" } ], "WindChillC": "27", "WindChillF": "81", "winddir16Point": "SSE", "winddirDegree": "163", "WindGustKmph": "6", "WindGustMiles": "4", "windspeedKmph": "5", "windspeedMiles": "3" }, {"cloudcover": "34", "DewPointC": "22", "DewPointF": "71", "FeelsLikeC": "37", "FeelsLikeF": "98", "HeatIndexC": "37", "HeatIndexF": "98", "humidity": "53", "precipMM": "0.4", "pressure": "1012", "tempC": "30", "tempF": "87", "time": "1100", "visibility": "9", "weatherCode": "176",  "weatherDesc": [ {"value": "Patchy rain nearby" } ],  "weatherIconUrl": [ {"value": "http:\/\/cdn.worldweatheronline.net\/images\/wsymbols01_png_64\/wsymbol_0009_light_rain_showers.png" } ], "WindChillC": "33", "WindChillF": "91", "winddir16Point": "SW", "winddirDegree": "228", "WindGustKmph": "8", "WindGustMiles": "5", "windspeedKmph": "6", "windspeedMiles": "4" }, {"cloudcover": "47", "DewPointC": "22", "DewPointF": "72", "FeelsLikeC": "35", "FeelsLikeF": "94", "HeatIndexC": "35", "HeatIndexF": "94", "humidity": "62", "precipMM": "1.2", "pressure": "1012", "tempC": "28", "tempF": "82", "time": "1400", "visibility": "9", "weatherCode": "293",  "weatherDesc": [ {"value": "Patchy light rain" } ],  "weatherIconUrl": [ {"value": "http:\/\/cdn.worldweatheronline.net\/images\/wsymbols01_png_64\/wsymbol_0017_cloudy_with_light_rain.png" } ], "WindChillC": "31", "WindChillF": "87", "winddir16Point": "NNW", "winddirDegree": "329", "WindGustKmph": "8", "WindGustMiles": "5", "windspeedKmph": "7", "windspeedMiles": "4" }, {"cloudcover": "46", "DewPointC": "23", "DewPointF": "74", "FeelsLikeC": "34", "FeelsLikeF": "93", "HeatIndexC": "34", "HeatIndexF": "93", "humidity": "67", "precipMM": "2.1", "pressure": "1011", "tempC": "27", "tempF": "81", "time": "1700", "visibility": "9", "weatherCode": "293",  "weatherDesc": [ {"value": "Patchy light rain" } ],  "weatherIconUrl": [ {"value": "http:\/\/cdn.worldweatheronline.net\/images\/wsymbols01_png_64\/wsymbol_0017_cloudy_with_light_rain.png" } ], "WindChillC": "30", "WindChillF": "86", "winddir16Point": "ESE", "winddirDegree": "116", "WindGustKmph": "5", "WindGustMiles": "3", "windspeedKmph": "4", "windspeedMiles": "3" }, {"cloudcover": "41", "DewPointC": "20", "DewPointF": "68", "FeelsLikeC": "27", "FeelsLikeF": "81", "HeatIndexC": "27", "HeatIndexF": "81", "humidity": "70", "precipMM": "0.3", "pressure": "1011", "tempC": "26", "tempF": "78", "time": "2000", "visibility": "5", "weatherCode": "263",  "weatherDesc": [ {"value": "Patchy light drizzle" } ],  "weatherIconUrl": [ {"value": "http:\/\/cdn.worldweatheronline.net\/images\/wsymbols01_png_64\/wsymbol_0025_light_rain_showers_night.png" } ], "WindChillC": "26", "WindChillF": "78", "winddir16Point": "S", "winddirDegree": "174", "WindGustKmph": "8", "WindGustMiles": "5", "windspeedKmph": "5", "windspeedMiles": "3" }, {"cloudcover": "17", "DewPointC": "18", "DewPointF": "64", "FeelsLikeC": "25", "FeelsLikeF": "77", "HeatIndexC": "25", "HeatIndexF": "77", "humidity": "75", "precipMM": "0.0", "pressure": "1012", "tempC": "23", "tempF": "73", "time": "2300", "visibility": "10", "weatherCode": "113",  "weatherDesc": [ {"value": "Clear" } ],  "weatherIconUrl": [ {"value": "http:\/\/cdn.worldweatheronline.net\/images\/wsymbols01_png_64\/wsymbol_0008_clear_sky_night.png" } ], "WindChillC": "23", "WindChillF": "73", "winddir16Point": "SSE", "winddirDegree": "164", "WindGustKmph": "1", "WindGustMiles": "1", "windspeedKmph": "1", "windspeedMiles": "0" } ], "maxtempC": "30", "maxtempF": "87", "mintempC": "22", "mintempF": "72" } ] }}