{ "data": { "request": [ {"query": "Lat 23.50 and Lon 120.42", "type": "LatLon" } ],  "weather": [ { "astronomy": [ {"moonrise": "04:31 PM", "moonset": "05:18 AM", "sunrise": "06:33 AM", "sunset": "05:15 PM" } ], "date": "2013-12-16",  "hourly": [ {"cloudcover": "12", "DewPointC": "15", "DewPointF": "58", "FeelsLikeC": "17", "FeelsLikeF": "63", "HeatIndexC": "17", "HeatIndexF": "63", "humidity": "83", "precipMM": "0.0", "pressure": "1016", "tempC": "17", "tempF": "63", "time": "200", "visibility": "10", "weatherCode": "113",  "weatherDesc": [ {"value": "Clear" } ],  "weatherIconUrl": [ {"value": "http:\/\/cdn.worldweatheronline.net\/images\/wsymbols01_png_64\/wsymbol_0008_clear_sky_night.png" } ], "WindChillC": "17", "WindChillF": "63", "winddir16Point": "NE", "winddirDegree": "47", "WindGustKmph": "13", "WindGustMiles": "8", "windspeedKmph": "6", "windspeedMiles": "4" }, {"cloudcover": "7", "DewPointC": "15", "DewPointF": "58", "FeelsLikeC": "18", "FeelsLikeF": "64", "HeatIndexC": "18", "HeatIndexF": "64", "humidity": "82", "precipMM": "0.0", "pressure": "1014", "tempC": "18", "tempF": "64", "time": "500", "visibility": "10", "weatherCode": "113",  "weatherDesc": [ {"value": "Clear" } ],  "weatherIconUrl": [ {"value": "http:\/\/cdn.worldweatheronline.net\/images\/wsymbols01_png_64\/wsymbol_0008_clear_sky_night.png" } ], "WindChillC": "18", "WindChillF": "64", "winddir16Point": "E", "winddirDegree": "94", "WindGustKmph": "15", "WindGustMiles": "9", "windspeedKmph": "7", "windspeedMiles": "4" }, {"cloudcover": "9", "DewPointC": "18", "DewPointF": "64", "FeelsLikeC": "25", "FeelsLikeF": "77", "HeatIndexC": "25", "HeatIndexF": "77", "humidity": "73", "precipMM": "0.0", "pressure": "1014", "tempC": "23", "tempF": "73", "time": "800", "visibility": "10", "weatherCode": "113",  "weatherDesc": [ {"value": "Sunny" } ],  "weatherIconUrl": [ {"value": "http:\/\/cdn.worldweatheronline.net\/images\/wsymbols01_png_64\/wsymbol_0001_sunny.png" } ], "WindChillC": "23", "WindChillF": "73", "winddir16Point": "S", "winddirDegree": "183", "WindGustKmph": "9", "WindGustMiles": "5", "windspeedKmph": "6", "windspeedMiles": "4" }, {"cloudcover": "18", "DewPointC": "21", "DewPointF": "69", "FeelsLikeC": "29", "FeelsLikeF": "85", "HeatIndexC": "29", "HeatIndexF": "85", "humidity": "68", "precipMM": "0.0", "pressure": "1013", "tempC": "27", "tempF": "81", "time": "1100", "visibility": "10", "weatherCode": "113",  "weatherDesc": [ {"value": "Sunny" } ],  "weatherIconUrl": [ {"value": "http:\/\/cdn.worldweatheronline.net\/images\/wsymbols01_png_64\/wsymbol_0001_sunny.png" } ], "WindChillC": "27", "WindChillF": "81", "winddir16Point": "WNW", "winddirDegree": "281", "WindGustKmph": "14", "WindGustMiles": "9", "windspeedKmph": "12", "windspeedMiles": "7" }, {"cloudcover": "24", "DewPointC": "22", "DewPointF": "71", "FeelsLikeC": "31", "FeelsLikeF": "87", "HeatIndexC": "31", "HeatIndexF": "87", "humidity": "69", "precipMM": "0.0", "pressure": "1012", "tempC": "28", "tempF": "82", "time": "1400", "visibility": "10", "weatherCode": "113",  "weatherDesc": [ {"value": "Sunny" } ],  "weatherIconUrl": [ {"value": "http:\/\/cdn.worldweatheronline.net\/images\/wsymbols01_png_64\/wsymbol_0001_sunny.png" } ], "WindChillC": "28", "WindChillF": "82", "winddir16Point": "NW", "winddirDegree": "310", "WindGustKmph": "16", "WindGustMiles": "10", "windspeedKmph": "14", "windspeedMiles": "9" }, {"cloudcover": "30", "DewPointC": "20", "DewPointF": "69", "FeelsLikeC": "26", "FeelsLikeF": "79", "HeatIndexC": "26", "HeatIndexF": "79", "humidity": "79", "precipMM": "0.2", "pressure": "1012", "tempC": "24", "tempF": "76", "time": "1700", "visibility": "9", "weatherCode": "176",  "weatherDesc": [ {"value": "Patchy rain nearby" } ],  "weatherIconUrl": [ {"value": "http:\/\/cdn.worldweatheronline.net\/images\/wsymbols01_png_64\/wsymbol_0009_light_rain_showers.png" } ], "WindChillC": "24", "WindChillF": "76", "winddir16Point": "N", "winddirDegree": "352", "WindGustKmph": "17", "WindGustMiles": "11", "windspeedKmph": "15", "windspeedMiles": "9" }, {"cloudcover": "11", "DewPointC": "16", "DewPointF": "61", "FeelsLikeC": "20", "FeelsLikeF": "67", "HeatIndexC": "20", "HeatIndexF": "67", "humidity": "81", "precipMM": "0.1", "pressure": "1013", "tempC": "20", "tempF": "67", "time": "2000", "visibility": "10", "weatherCode": "113",  "weatherDesc": [ {"value": "Clear" } ],  "weatherIconUrl": [ {"value": "http:\/\/cdn.worldweatheronline.net\/images\/wsymbols01_png_64\/wsymbol_0008_clear_sky_night.png" } ], "WindChillC": "20", "WindChillF": "67", "winddir16Point": "N", "winddirDegree": "8", "WindGustKmph": "27", "WindGustMiles": "17", "windspeedKmph": "15", "windspeedMiles": "9" }, {"cloudcover": "20", "DewPointC": "14", "DewPointF": "57", "FeelsLikeC": "18", "FeelsLikeF": "64", "HeatIndexC": "18", "HeatIndexF": "64", "humidity": "80", "precipMM": "0.1", "pressure": "1013", "tempC": "18", "tempF": "64", "time": "2300", "visibility": "10", "weatherCode": "113",  "weatherDesc": [ {"value": "Clear" } ],  "weatherIconUrl": [ {"value": "http:\/\/cdn.worldweatheronline.net\/images\/wsymbols01_png_64\/wsymbol_0008_clear_sky_night.png" } ], "WindChillC": "18", "WindChillF": "64", "winddir16Point": "NNW", "winddirDegree": "340", "WindGustKmph": "29", "WindGustMiles": "18", "windspeedKmph": "14", "windspeedMiles": "9" } ], "maxtempC": "28", "maxtempF": "82", "mintempC": "17", "mintempF": "63" } ] }}