{ "data": { "request": [ {"query": "Lat 23.50 and Lon 120.42", "type": "LatLon" } ],  "weather": [ { "astronomy": [ {"moonrise": "12:16 AM", "moonset": "11:32 AM", "sunrise": "05:49 AM", "sunset": "06:15 PM" } ], "date": "2013-04-03",  "hourly": [ {"cloudcover": "45", "DewPointC": "14", "DewPointF": "57", "FeelsLikeC": "19", "FeelsLikeF": "66", "HeatIndexC": "19", "HeatIndexF": "66", "humidity": "72", "precipMM": "0.0", "pressure": "1015", "tempC": "19", "tempF": "66", "time": "200", "visibility": "10", "weatherCode": "116",  "weatherDesc": [ {"value": "Partly Cloudy" } ],  "weatherIconUrl": [ {"value": "http:\/\/cdn.worldweatheronline.net\/images\/wsymbols01_png_64\/wsymbol_0004_black_low_cloud.png" } ], "WindChillC": "19", "WindChillF": "66", "winddir16Point": "NW", "winddirDegree": "324", "WindGustKmph": "10", "WindGustMiles": "6", "windspeedKmph": "5", "windspeedMiles": "3" }, {"cloudcover": "28", "DewPointC": "14", "DewPointF": "57", "FeelsLikeC": "19", "FeelsLikeF": "66", "HeatIndexC": "19", "HeatIndexF": "66", "humidity": "73", "precipMM": "0.1", "pressure": "1013", "tempC": "19", "tempF": "66", "time": "500", "visibility": "10", "weatherCode": "116",  "weatherDesc": [ {"value": "Partly Cloudy" } ],  "weatherIconUrl": [ {"value": "http:\/\/cdn.worldweatheronline.net\/images\/wsymbols01_png_64\/wsymbol_0004_black_low_cloud.png" } ], "WindChillC": "19", "WindChillF": "66", "winddir16Point": "ENE", "winddirDegree": "69", "WindGustKmph": "8", "WindGustMiles": "5", "windspeedKmph": "4", "windspeedMiles": "2" }, {"cloudcover": "26", "DewPointC": "16", "DewPointF": "61", "FeelsLikeC": "23", "FeelsLikeF": "74", "HeatIndexC": "25", "HeatIndexF": "77", "humidity": "64", "precipMM": "0.3", "pressure": "1014", "tempC": "21", "tempF": "70", "time": "800", "visibility": "9", "weatherCode": "176",  "weatherDesc": [ {"value": "Patchy rain nearby" } ],  "weatherIconUrl": [ {"value": "http:\/\/cdn.worldweatheronline.net\/images\/wsymbols01_png_64\/wsymbol_0009_light_rain_showers.png" } ], "WindChillC": "23", "WindChillF": "74", "winddir16Point": "WNW", "winddirDegree": "290", "WindGustKmph": "4", "WindGustMiles": "2", "windspeedKmph": "3", "windspeedMiles": "2" }, {"cloudcover": "20", "DewPointC": "20", "DewPointF": "68", "FeelsLikeC": "30", "FeelsLikeF": "85", "HeatIndexC": "30", "HeatIndexF": "85", "humidity": "62", "precipMM": "0.3", "pressure": "1015", "tempC": "26", "tempF": "79", "time": "1100", "visibility": "9", "weatherCode": "176",  "weatherDesc": [ {"value": "Patchy rain nearby" } ],  "weatherIconUrl": [ {"value": "http:\/\/cdn.worldweatheronline.net\/images\/wsymbols01_png_64\/wsymbol_0009_light_rain_showers.png" } ], "WindChillC": "28", "WindChillF": "82", "winddir16Point": "WNW", "winddirDegree": "294", "WindGustKmph": "14", "WindGustMiles": "9", "windspeedKmph": "12", "windspeedMiles": "8" }, {"cloudcover": "14", "DewPointC": "20", "DewPointF": "69", "FeelsLikeC": "31", "FeelsLikeF": "88", "HeatIndexC": "31", "HeatIndexF": "88", "humidity": "61", "precipMM": "0.5", "pressure": "1013", "tempC": "27", "tempF": "81", "time": "1400", "visibility": "9", "weatherCode": "176",  "weatherDesc": [ {"value": "Patchy rain nearby" } ],  "weatherIconUrl": [ {"value": "http:\/\/cdn.worldweatheronline.net\/images\/wsymbols01_png_64\/wsymbol_0009_light_rain_showers.png" } ], "WindChillC": "29", "WindChillF": "84", "winddir16Point": "NW", "winddirDegree": "310", "WindGustKmph": "19", "WindGustMiles": "12", "windspeedKmph": "15", "windspeedMiles": "10" }, {"cloudcover": "27", "DewPointC": "19", "DewPointF": "67", "FeelsLikeC": "28", "FeelsLikeF": "83", "HeatIndexC": "28", "HeatIndexF": "83", "humidity": "64", "precipMM": "0.6", "pressure": "1012", "tempC": "25", "tempF": "78", "time": "1700", "visibility": "9", "weatherCode": "176",  "weatherDesc": [ {"value": "Patchy rain nearby" } ],  "weatherIconUrl": [ {"value": "http:\/\/cdn.worldweatheronline.net\/images\/wsymbols01_png_64\/wsymbol_0009_light_rain_showers.png" } ], "WindChillC": "27", "WindChillF": "80", "winddir16Point": "NW", "winddirDegree": "316", "WindGustKmph": "17", "WindGustMiles": "11", "windspeedKmph": "14", "windspeedMiles": "9" }, {"cloudcover": "11", "DewPointC": "17", "DewPointF": "63", "FeelsLikeC": "25", "FeelsLikeF": "76", "HeatIndexC": "25", "HeatIndexF": "76", "humidity": "73", "precipMM": "0.2", "pressure": "1012", "tempC": "22", "tempF": "72", "time": "2000", "visibility": "10", "weatherCode": "113",  "weatherDesc": [ {"value": "Clear" } ],  "weatherIconUrl": [ {"value": "http:\/\/cdn.worldweatheronline.net\/images\/wsymbols01_png_64\/wsymbol_0008_clear_sky_night.png" } ], "WindChillC": "22", "WindChillF": "72", "winddir16Point": "N", "winddirDegree": "353", "WindGustKmph": "7", "WindGustMiles": "4", "windspeedKmph": "5", "windspeedMiles": "3" }, {"cloudcover": "11", "DewPointC": "17", "DewPointF": "62", "FeelsLikeC": "21", "FeelsLikeF": "69", "HeatIndexC": "21", "HeatIndexF": "69", "humidity": "77", "precipMM": "0.0", "pressure": "1012", "tempC": "21", "tempF": "69", "time": "2300", "visibility": "10", "weatherCode": "113",  "weatherDesc": [ {"value": "Clear" } ],  "weatherIconUrl": [ {"value": "http:\/\/cdn.worldweatheronline.net\/images\/wsymbols01_png_64\/wsymbol_0008_clear_sky_night.png" } ], "WindChillC": "21", "WindChillF": "69", "winddir16Point": "NE", "winddirDegree": "48", "WindGustKmph": "1", "WindGustMiles": "0", "windspeedKmph": "0", "windspeedMiles": "0" } ], "maxtempC": "27", "maxtempF": "81", "mintempC": "19", "mintempF": "66" } ] }}