{ "data": { "request": [ {"query": "Lat 23.50 and Lon 120.42", "type": "LatLon" } ],  "weather": [ { "astronomy": [ {"moonrise": "02:55 AM", "moonset": "02:20 PM", "sunrise": "06:39 AM", "sunset": "05:22 PM" } ], "date": "2013-12-29",  "hourly": [ {"cloudcover": "13", "DewPointC": "7", "DewPointF": "44", "FeelsLikeC": "8", "FeelsLikeF": "47", "HeatIndexC": "10", "HeatIndexF": "49", "humidity": "82", "precipMM": "0.0", "pressure": "1020", "tempC": "10", "tempF": "49", "time": "200", "visibility": "10", "weatherCode": "113",  "weatherDesc": [ {"value": "Clear" } ],  "weatherIconUrl": [ {"value": "http:\/\/cdn.worldweatheronline.net\/images\/wsymbols01_png_64\/wsymbol_0008_clear_sky_night.png" } ], "WindChillC": "8", "WindChillF": "47", "winddir16Point": "N", "winddirDegree": "350", "WindGustKmph": "17", "WindGustMiles": "11", "windspeedKmph": "8", "windspeedMiles": "5" }, {"cloudcover": "18", "DewPointC": "6", "DewPointF": "43", "FeelsLikeC": "7", "FeelsLikeF": "45", "HeatIndexC": "9", "HeatIndexF": "48", "humidity": "81", "precipMM": "0.0", "pressure": "1021", "tempC": "9", "tempF": "48", "time": "500", "visibility": "10", "weatherCode": "113",  "weatherDesc": [ {"value": "Clear" } ],  "weatherIconUrl": [ {"value": "http:\/\/cdn.worldweatheronline.net\/images\/wsymbols01_png_64\/wsymbol_0008_clear_sky_night.png" } ], "WindChillC": "7", "WindChillF": "45", "winddir16Point": "N", "winddirDegree": "4", "WindGustKmph": "23", "WindGustMiles": "14", "windspeedKmph": "11", "windspeedMiles": "7" }, {"cloudcover": "13", "DewPointC": "9", "DewPointF": "48", "FeelsLikeC": "13", "FeelsLikeF": "55", "HeatIndexC": "13", "HeatIndexF": "56", "humidity": "73", "precipMM": "0.0", "pressure": "1021", "tempC": "13", "tempF": "56", "time": "800", "visibility": "10", "weatherCode": "113",  "weatherDesc": [ {"value": "Sunny" } ],  "weatherIconUrl": [ {"value": "http:\/\/cdn.worldweatheronline.net\/images\/wsymbols01_png_64\/wsymbol_0001_sunny.png" } ], "WindChillC": "13", "WindChillF": "55", "winddir16Point": "NNE", "winddirDegree": "14", "WindGustKmph": "14", "WindGustMiles": "9", "windspeedKmph": "9", "windspeedMiles": "6" }, {"cloudcover": "9", "DewPointC": "12", "DewPointF": "54", "FeelsLikeC": "20", "FeelsLikeF": "68", "HeatIndexC": "20", "HeatIndexF": "68", "humidity": "62", "precipMM": "0.0", "pressure": "1022", "tempC": "20", "tempF": "68", "time": "1100", "visibility": "10", "weatherCode": "113",  "weatherDesc": [ {"value": "Sunny" } ],  "weatherIconUrl": [ {"value": "http:\/\/cdn.worldweatheronline.net\/images\/wsymbols01_png_64\/wsymbol_0001_sunny.png" } ], "WindChillC": "20", "WindChillF": "68", "winddir16Point": "NNW", "winddirDegree": "330", "WindGustKmph": "17", "WindGustMiles": "11", "windspeedKmph": "15", "windspeedMiles": "9" }, {"cloudcover": "7", "DewPointC": "12", "DewPointF": "53", "FeelsLikeC": "19", "FeelsLikeF": "67", "HeatIndexC": "19", "HeatIndexF": "67", "humidity": "61", "precipMM": "0.0", "pressure": "1020", "tempC": "19", "tempF": "67", "time": "1400", "visibility": "10", "weatherCode": "113",  "weatherDesc": [ {"value": "Sunny" } ],  "weatherIconUrl": [ {"value": "http:\/\/cdn.worldweatheronline.net\/images\/wsymbols01_png_64\/wsymbol_0001_sunny.png" } ], "WindChillC": "19", "WindChillF": "67", "winddir16Point": "NNW", "winddirDegree": "335", "WindGustKmph": "21", "WindGustMiles": "13", "windspeedKmph": "18", "windspeedMiles": "11" }, {"cloudcover": "7", "DewPointC": "11", "DewPointF": "52", "FeelsLikeC": "17", "FeelsLikeF": "62", "HeatIndexC": "17", "HeatIndexF": "62", "humidity": "70", "precipMM": "0.0", "pressure": "1020", "tempC": "17", "tempF": "62", "time": "1700", "visibility": "10", "weatherCode": "113",  "weatherDesc": [ {"value": "Sunny" } ],  "weatherIconUrl": [ {"value": "http:\/\/cdn.worldweatheronline.net\/images\/wsymbols01_png_64\/wsymbol_0001_sunny.png" } ], "WindChillC": "17", "WindChillF": "62", "winddir16Point": "NNW", "winddirDegree": "346", "WindGustKmph": "17", "WindGustMiles": "10", "windspeedKmph": "14", "windspeedMiles": "9" }, {"cloudcover": "4", "DewPointC": "9", "DewPointF": "48", "FeelsLikeC": "12", "FeelsLikeF": "53", "HeatIndexC": "12", "HeatIndexF": "54", "humidity": "78", "precipMM": "0.0", "pressure": "1021", "tempC": "12", "tempF": "54", "time": "2000", "visibility": "10", "weatherCode": "113",  "weatherDesc": [ {"value": "Clear" } ],  "weatherIconUrl": [ {"value": "http:\/\/cdn.worldweatheronline.net\/images\/wsymbols01_png_64\/wsymbol_0008_clear_sky_night.png" } ], "WindChillC": "12", "WindChillF": "53", "winddir16Point": "NNE", "winddirDegree": "19", "WindGustKmph": "16", "WindGustMiles": "10", "windspeedKmph": "8", "windspeedMiles": "5" }, {"cloudcover": "3", "DewPointC": "8", "DewPointF": "46", "FeelsLikeC": "11", "FeelsLikeF": "51", "HeatIndexC": "11", "HeatIndexF": "52", "humidity": "80", "precipMM": "0.0", "pressure": "1021", "tempC": "11", "tempF": "52", "time": "2300", "visibility": "10", "weatherCode": "113",  "weatherDesc": [ {"value": "Clear" } ],  "weatherIconUrl": [ {"value": "http:\/\/cdn.worldweatheronline.net\/images\/wsymbols01_png_64\/wsymbol_0008_clear_sky_night.png" } ], "WindChillC": "11", "WindChillF": "51", "winddir16Point": "NE", "winddirDegree": "36", "WindGustKmph": "14", "WindGustMiles": "9", "windspeedKmph": "6", "windspeedMiles": "4" } ], "maxtempC": "20", "maxtempF": "68", "mintempC": "9", "mintempF": "48" } ] }}