{ "data": { "request": [ {"query": "Lat 23.50 and Lon 120.42", "type": "LatLon" } ],  "weather": [ { "astronomy": [ {"moonrise": "12:17 PM", "moonset": "No moonset", "sunrise": "06:29 AM", "sunset": "05:13 PM" } ], "date": "2013-12-10",  "hourly": [ {"cloudcover": "9", "DewPointC": "9", "DewPointF": "48", "FeelsLikeC": "15", "FeelsLikeF": "59", "HeatIndexC": "15", "HeatIndexF": "59", "humidity": "67", "precipMM": "0.0", "pressure": "1014", "tempC": "15", "tempF": "59", "time": "200", "visibility": "10", "weatherCode": "113",  "weatherDesc": [ {"value": "Clear" } ],  "weatherIconUrl": [ {"value": "http:\/\/cdn.worldweatheronline.net\/images\/wsymbols01_png_64\/wsymbol_0008_clear_sky_night.png" } ], "WindChillC": "15", "WindChillF": "59", "winddir16Point": "E", "winddirDegree": "89", "WindGustKmph": "19", "WindGustMiles": "12", "windspeedKmph": "9", "windspeedMiles": "6" }, {"cloudcover": "12", "DewPointC": "8", "DewPointF": "47", "FeelsLikeC": "15", "FeelsLikeF": "58", "HeatIndexC": "15", "HeatIndexF": "59", "humidity": "65", "precipMM": "0.0", "pressure": "1014", "tempC": "15", "tempF": "59", "time": "500", "visibility": "10", "weatherCode": "113",  "weatherDesc": [ {"value": "Clear" } ],  "weatherIconUrl": [ {"value": "http:\/\/cdn.worldweatheronline.net\/images\/wsymbols01_png_64\/wsymbol_0008_clear_sky_night.png" } ], "WindChillC": "15", "WindChillF": "58", "winddir16Point": "ENE", "winddirDegree": "76", "WindGustKmph": "20", "WindGustMiles": "12", "windspeedKmph": "9", "windspeedMiles": "6" }, {"cloudcover": "9", "DewPointC": "11", "DewPointF": "52", "FeelsLikeC": "20", "FeelsLikeF": "67", "HeatIndexC": "20", "HeatIndexF": "67", "humidity": "59", "precipMM": "0.0", "pressure": "1015", "tempC": "20", "tempF": "67", "time": "800", "visibility": "10", "weatherCode": "113",  "weatherDesc": [ {"value": "Sunny" } ],  "weatherIconUrl": [ {"value": "http:\/\/cdn.worldweatheronline.net\/images\/wsymbols01_png_64\/wsymbol_0001_sunny.png" } ], "WindChillC": "20", "WindChillF": "67", "winddir16Point": "ENE", "winddirDegree": "76", "WindGustKmph": "13", "WindGustMiles": "8", "windspeedKmph": "8", "windspeedMiles": "5" }, {"cloudcover": "24", "DewPointC": "11", "DewPointF": "51", "FeelsLikeC": "25", "FeelsLikeF": "76", "HeatIndexC": "25", "HeatIndexF": "76", "humidity": "45", "precipMM": "0.0", "pressure": "1016", "tempC": "23", "tempF": "73", "time": "1100", "visibility": "10", "weatherCode": "113",  "weatherDesc": [ {"value": "Sunny" } ],  "weatherIconUrl": [ {"value": "http:\/\/cdn.worldweatheronline.net\/images\/wsymbols01_png_64\/wsymbol_0001_sunny.png" } ], "WindChillC": "23", "WindChillF": "73", "winddir16Point": "NNW", "winddirDegree": "332", "WindGustKmph": "14", "WindGustMiles": "9", "windspeedKmph": "13", "windspeedMiles": "8" }, {"cloudcover": "28", "DewPointC": "14", "DewPointF": "57", "FeelsLikeC": "26", "FeelsLikeF": "79", "HeatIndexC": "26", "HeatIndexF": "79", "humidity": "48", "precipMM": "0.0", "pressure": "1014", "tempC": "26", "tempF": "78", "time": "1400", "visibility": "10", "weatherCode": "116",  "weatherDesc": [ {"value": "Partly Cloudy" } ],  "weatherIconUrl": [ {"value": "http:\/\/cdn.worldweatheronline.net\/images\/wsymbols01_png_64\/wsymbol_0002_sunny_intervals.png" } ], "WindChillC": "26", "WindChillF": "78", "winddir16Point": "NNW", "winddirDegree": "328", "WindGustKmph": "16", "WindGustMiles": "10", "windspeedKmph": "14", "windspeedMiles": "9" }, {"cloudcover": "27", "DewPointC": "14", "DewPointF": "57", "FeelsLikeC": "21", "FeelsLikeF": "70", "HeatIndexC": "21", "HeatIndexF": "70", "humidity": "65", "precipMM": "0.0", "pressure": "1014", "tempC": "21", "tempF": "70", "time": "1700", "visibility": "10", "weatherCode": "116",  "weatherDesc": [ {"value": "Partly Cloudy" } ],  "weatherIconUrl": [ {"value": "http:\/\/cdn.worldweatheronline.net\/images\/wsymbols01_png_64\/wsymbol_0002_sunny_intervals.png" } ], "WindChillC": "21", "WindChillF": "70", "winddir16Point": "NNW", "winddirDegree": "337", "WindGustKmph": "13", "WindGustMiles": "8", "windspeedKmph": "10", "windspeedMiles": "6" }, {"cloudcover": "32", "DewPointC": "10", "DewPointF": "50", "FeelsLikeC": "16", "FeelsLikeF": "60", "HeatIndexC": "16", "HeatIndexF": "60", "humidity": "69", "precipMM": "0.0", "pressure": "1016", "tempC": "16", "tempF": "60", "time": "2000", "visibility": "10", "weatherCode": "116",  "weatherDesc": [ {"value": "Partly Cloudy" } ],  "weatherIconUrl": [ {"value": "http:\/\/cdn.worldweatheronline.net\/images\/wsymbols01_png_64\/wsymbol_0004_black_low_cloud.png" } ], "WindChillC": "16", "WindChillF": "60", "winddir16Point": "NNE", "winddirDegree": "21", "WindGustKmph": "19", "WindGustMiles": "12", "windspeedKmph": "9", "windspeedMiles": "6" }, {"cloudcover": "47", "DewPointC": "9", "DewPointF": "49", "FeelsLikeC": "15", "FeelsLikeF": "58", "HeatIndexC": "15", "HeatIndexF": "59", "humidity": "69", "precipMM": "0.0", "pressure": "1016", "tempC": "15", "tempF": "59", "time": "2300", "visibility": "10", "weatherCode": "116",  "weatherDesc": [ {"value": "Partly Cloudy" } ],  "weatherIconUrl": [ {"value": "http:\/\/cdn.worldweatheronline.net\/images\/wsymbols01_png_64\/wsymbol_0004_black_low_cloud.png" } ], "WindChillC": "15", "WindChillF": "58", "winddir16Point": "NNE", "winddirDegree": "21", "WindGustKmph": "18", "WindGustMiles": "11", "windspeedKmph": "9", "windspeedMiles": "5" } ], "maxtempC": "26", "maxtempF": "78", "mintempC": "15", "mintempF": "59" } ] }}