{ "data": { "request": [ {"query": "Lat 23.50 and Lon 120.42", "type": "LatLon" } ],  "weather": [ { "astronomy": [ {"moonrise": "02:02 PM", "moonset": "02:02 AM", "sunrise": "05:33 AM", "sunset": "06:22 PM" } ], "date": "2013-04-21",  "hourly": [ {"cloudcover": "28", "DewPointC": "17", "DewPointF": "63", "FeelsLikeC": "21", "FeelsLikeF": "69", "HeatIndexC": "21", "HeatIndexF": "69", "humidity": "81", "precipMM": "0.3", "pressure": "1014", "tempC": "21", "tempF": "69", "time": "200", "visibility": "9", "weatherCode": "176",  "weatherDesc": [ {"value": "Patchy rain nearby" } ],  "weatherIconUrl": [ {"value": "http:\/\/cdn.worldweatheronline.net\/images\/wsymbols01_png_64\/wsymbol_0025_light_rain_showers_night.png" } ], "WindChillC": "21", "WindChillF": "69", "winddir16Point": "N", "winddirDegree": "1", "WindGustKmph": "17", "WindGustMiles": "10", "windspeedKmph": "10", "windspeedMiles": "6" }, {"cloudcover": "26", "DewPointC": "17", "DewPointF": "62", "FeelsLikeC": "20", "FeelsLikeF": "68", "HeatIndexC": "20", "HeatIndexF": "68", "humidity": "80", "precipMM": "0.0", "pressure": "1014", "tempC": "20", "tempF": "68", "time": "500", "visibility": "10", "weatherCode": "116",  "weatherDesc": [ {"value": "Partly Cloudy" } ],  "weatherIconUrl": [ {"value": "http:\/\/cdn.worldweatheronline.net\/images\/wsymbols01_png_64\/wsymbol_0004_black_low_cloud.png" } ], "WindChillC": "20", "WindChillF": "68", "winddir16Point": "NNE", "winddirDegree": "20", "WindGustKmph": "14", "WindGustMiles": "9", "windspeedKmph": "7", "windspeedMiles": "4" }, {"cloudcover": "29", "DewPointC": "17", "DewPointF": "62", "FeelsLikeC": "23", "FeelsLikeF": "73", "HeatIndexC": "25", "HeatIndexF": "77", "humidity": "68", "precipMM": "0.0", "pressure": "1016", "tempC": "21", "tempF": "70", "time": "800", "visibility": "10", "weatherCode": "116",  "weatherDesc": [ {"value": "Partly Cloudy" } ],  "weatherIconUrl": [ {"value": "http:\/\/cdn.worldweatheronline.net\/images\/wsymbols01_png_64\/wsymbol_0002_sunny_intervals.png" } ], "WindChillC": "23", "WindChillF": "73", "winddir16Point": "NNW", "winddirDegree": "339", "WindGustKmph": "14", "WindGustMiles": "9", "windspeedKmph": "11", "windspeedMiles": "7" }, {"cloudcover": "29", "DewPointC": "20", "DewPointF": "67", "FeelsLikeC": "30", "FeelsLikeF": "86", "HeatIndexC": "30", "HeatIndexF": "86", "humidity": "60", "precipMM": "0.0", "pressure": "1017", "tempC": "27", "tempF": "81", "time": "1100", "visibility": "10", "weatherCode": "116",  "weatherDesc": [ {"value": "Partly Cloudy" } ],  "weatherIconUrl": [ {"value": "http:\/\/cdn.worldweatheronline.net\/images\/wsymbols01_png_64\/wsymbol_0002_sunny_intervals.png" } ], "WindChillC": "28", "WindChillF": "83", "winddir16Point": "NNW", "winddirDegree": "328", "WindGustKmph": "18", "WindGustMiles": "11", "windspeedKmph": "16", "windspeedMiles": "10" }, {"cloudcover": "20", "DewPointC": "20", "DewPointF": "68", "FeelsLikeC": "31", "FeelsLikeF": "87", "HeatIndexC": "31", "HeatIndexF": "87", "humidity": "60", "precipMM": "0.0", "pressure": "1015", "tempC": "28", "tempF": "82", "time": "1400", "visibility": "10", "weatherCode": "113",  "weatherDesc": [ {"value": "Sunny" } ],  "weatherIconUrl": [ {"value": "http:\/\/cdn.worldweatheronline.net\/images\/wsymbols01_png_64\/wsymbol_0001_sunny.png" } ], "WindChillC": "29", "WindChillF": "83", "winddir16Point": "NW", "winddirDegree": "322", "WindGustKmph": "23", "WindGustMiles": "14", "windspeedKmph": "20", "windspeedMiles": "13" }, {"cloudcover": "20", "DewPointC": "19", "DewPointF": "66", "FeelsLikeC": "27", "FeelsLikeF": "80", "HeatIndexC": "27", "HeatIndexF": "80", "humidity": "66", "precipMM": "0.2", "pressure": "1014", "tempC": "24", "tempF": "76", "time": "1700", "visibility": "9", "weatherCode": "176",  "weatherDesc": [ {"value": "Patchy rain nearby" } ],  "weatherIconUrl": [ {"value": "http:\/\/cdn.worldweatheronline.net\/images\/wsymbols01_png_64\/wsymbol_0009_light_rain_showers.png" } ], "WindChillC": "25", "WindChillF": "78", "winddir16Point": "NNW", "winddirDegree": "332", "WindGustKmph": "22", "WindGustMiles": "13", "windspeedKmph": "19", "windspeedMiles": "12" }, {"cloudcover": "21", "DewPointC": "16", "DewPointF": "61", "FeelsLikeC": "21", "FeelsLikeF": "70", "HeatIndexC": "24", "HeatIndexF": "76", "humidity": "72", "precipMM": "0.1", "pressure": "1016", "tempC": "21", "tempF": "70", "time": "2000", "visibility": "10", "weatherCode": "113",  "weatherDesc": [ {"value": "Clear" } ],  "weatherIconUrl": [ {"value": "http:\/\/cdn.worldweatheronline.net\/images\/wsymbols01_png_64\/wsymbol_0008_clear_sky_night.png" } ], "WindChillC": "21", "WindChillF": "70", "winddir16Point": "NNW", "winddirDegree": "349", "WindGustKmph": "16", "WindGustMiles": "10", "windspeedKmph": "12", "windspeedMiles": "8" }, {"cloudcover": "19", "DewPointC": "16", "DewPointF": "61", "FeelsLikeC": "21", "FeelsLikeF": "70", "HeatIndexC": "21", "HeatIndexF": "70", "humidity": "73", "precipMM": "0.1", "pressure": "1017", "tempC": "21", "tempF": "70", "time": "2300", "visibility": "10", "weatherCode": "113",  "weatherDesc": [ {"value": "Clear" } ],  "weatherIconUrl": [ {"value": "http:\/\/cdn.worldweatheronline.net\/images\/wsymbols01_png_64\/wsymbol_0008_clear_sky_night.png" } ], "WindChillC": "21", "WindChillF": "70", "winddir16Point": "NNW", "winddirDegree": "341", "WindGustKmph": "13", "WindGustMiles": "8", "windspeedKmph": "9", "windspeedMiles": "6" } ], "maxtempC": "28", "maxtempF": "82", "mintempC": "20", "mintempF": "68" } ] }}