{ "data": { "request": [ {"query": "Lat 23.50 and Lon 120.42", "type": "LatLon" } ],  "weather": [ { "astronomy": [ {"moonrise": "04:50 PM", "moonset": "03:22 AM", "sunrise": "05:36 AM", "sunset": "06:28 PM" } ], "date": "2013-08-19",  "hourly": [ {"cloudcover": "17", "DewPointC": "23", "DewPointF": "74", "FeelsLikeC": "29", "FeelsLikeF": "84", "HeatIndexC": "29", "HeatIndexF": "84", "humidity": "83", "precipMM": "0.1", "pressure": "1002", "tempC": "26", "tempF": "79", "time": "200", "visibility": "10", "weatherCode": "113",  "weatherDesc": [ {"value": "Clear" } ],  "weatherIconUrl": [ {"value": "http:\/\/cdn.worldweatheronline.net\/images\/wsymbols01_png_64\/wsymbol_0008_clear_sky_night.png" } ], "WindChillC": "26", "WindChillF": "79", "winddir16Point": "W", "winddirDegree": "270", "WindGustKmph": "3", "WindGustMiles": "2", "windspeedKmph": "2", "windspeedMiles": "1" }, {"cloudcover": "25", "DewPointC": "22", "DewPointF": "72", "FeelsLikeC": "28", "FeelsLikeF": "82", "HeatIndexC": "28", "HeatIndexF": "82", "humidity": "82", "precipMM": "0.0", "pressure": "1002", "tempC": "26", "tempF": "78", "time": "500", "visibility": "10", "weatherCode": "116",  "weatherDesc": [ {"value": "Partly Cloudy" } ],  "weatherIconUrl": [ {"value": "http:\/\/cdn.worldweatheronline.net\/images\/wsymbols01_png_64\/wsymbol_0004_black_low_cloud.png" } ], "WindChillC": "26", "WindChillF": "78", "winddir16Point": "E", "winddirDegree": "81", "WindGustKmph": "5", "WindGustMiles": "3", "windspeedKmph": "3", "windspeedMiles": "2" }, {"cloudcover": "14", "DewPointC": "23", "DewPointF": "73", "FeelsLikeC": "32", "FeelsLikeF": "90", "HeatIndexC": "32", "HeatIndexF": "90", "humidity": "69", "precipMM": "0.0", "pressure": "1002", "tempC": "29", "tempF": "84", "time": "800", "visibility": "10", "weatherCode": "113",  "weatherDesc": [ {"value": "Sunny" } ],  "weatherIconUrl": [ {"value": "http:\/\/cdn.worldweatheronline.net\/images\/wsymbols01_png_64\/wsymbol_0001_sunny.png" } ], "WindChillC": "29", "WindChillF": "84", "winddir16Point": "W", "winddirDegree": "261", "WindGustKmph": "4", "WindGustMiles": "2", "windspeedKmph": "3", "windspeedMiles": "2" }, {"cloudcover": "9", "DewPointC": "25", "DewPointF": "77", "FeelsLikeC": "42", "FeelsLikeF": "107", "HeatIndexC": "42", "HeatIndexF": "107", "humidity": "61", "precipMM": "0.1", "pressure": "1002", "tempC": "34", "tempF": "92", "time": "1100", "visibility": "10", "weatherCode": "113",  "weatherDesc": [ {"value": "Sunny" } ],  "weatherIconUrl": [ {"value": "http:\/\/cdn.worldweatheronline.net\/images\/wsymbols01_png_64\/wsymbol_0001_sunny.png" } ], "WindChillC": "34", "WindChillF": "92", "winddir16Point": "WNW", "winddirDegree": "286", "WindGustKmph": "13", "WindGustMiles": "8", "windspeedKmph": "11", "windspeedMiles": "7" }, {"cloudcover": "10", "DewPointC": "25", "DewPointF": "77", "FeelsLikeC": "43", "FeelsLikeF": "110", "HeatIndexC": "43", "HeatIndexF": "110", "humidity": "58", "precipMM": "0.2", "pressure": "1001", "tempC": "35", "tempF": "95", "time": "1400", "visibility": "10", "weatherCode": "113",  "weatherDesc": [ {"value": "Sunny" } ],  "weatherIconUrl": [ {"value": "http:\/\/cdn.worldweatheronline.net\/images\/wsymbols01_png_64\/wsymbol_0001_sunny.png" } ], "WindChillC": "35", "WindChillF": "95", "winddir16Point": "WNW", "winddirDegree": "293", "WindGustKmph": "16", "WindGustMiles": "10", "windspeedKmph": "14", "windspeedMiles": "9" }, {"cloudcover": "5", "DewPointC": "25", "DewPointF": "76", "FeelsLikeC": "40", "FeelsLikeF": "103", "HeatIndexC": "40", "HeatIndexF": "103", "humidity": "63", "precipMM": "0.2", "pressure": "1000", "tempC": "33", "tempF": "91", "time": "1700", "visibility": "10", "weatherCode": "113",  "weatherDesc": [ {"value": "Sunny" } ],  "weatherIconUrl": [ {"value": "http:\/\/cdn.worldweatheronline.net\/images\/wsymbols01_png_64\/wsymbol_0001_sunny.png" } ], "WindChillC": "33", "WindChillF": "91", "winddir16Point": "WNW", "winddirDegree": "289", "WindGustKmph": "15", "WindGustMiles": "9", "windspeedKmph": "13", "windspeedMiles": "8" }, {"cloudcover": "5", "DewPointC": "25", "DewPointF": "77", "FeelsLikeC": "35", "FeelsLikeF": "95", "HeatIndexC": "35", "HeatIndexF": "95", "humidity": "77", "precipMM": "0.1", "pressure": "1001", "tempC": "29", "tempF": "85", "time": "2000", "visibility": "10", "weatherCode": "113",  "weatherDesc": [ {"value": "Clear" } ],  "weatherIconUrl": [ {"value": "http:\/\/cdn.worldweatheronline.net\/images\/wsymbols01_png_64\/wsymbol_0008_clear_sky_night.png" } ], "WindChillC": "29", "WindChillF": "85", "winddir16Point": "W", "winddirDegree": "281", "WindGustKmph": "9", "WindGustMiles": "5", "windspeedKmph": "8", "windspeedMiles": "5" }, {"cloudcover": "14", "DewPointC": "24", "DewPointF": "75", "FeelsLikeC": "31", "FeelsLikeF": "87", "HeatIndexC": "31", "HeatIndexF": "87", "humidity": "82", "precipMM": "0.1", "pressure": "1001", "tempC": "27", "tempF": "81", "time": "2300", "visibility": "10", "weatherCode": "113",  "weatherDesc": [ {"value": "Clear" } ],  "weatherIconUrl": [ {"value": "http:\/\/cdn.worldweatheronline.net\/images\/wsymbols01_png_64\/wsymbol_0008_clear_sky_night.png" } ], "WindChillC": "27", "WindChillF": "81", "winddir16Point": "WNW", "winddirDegree": "292", "WindGustKmph": "9", "WindGustMiles": "5", "windspeedKmph": "7", "windspeedMiles": "4" } ], "maxtempC": "35", "maxtempF": "95", "mintempC": "26", "mintempF": "78" } ] }}