{ "data": { "request": [ {"query": "Lat 23.50 and Lon 120.42", "type": "LatLon" } ],  "weather": [ { "astronomy": [ {"moonrise": "07:47 PM", "moonset": "08:09 AM", "sunrise": "05:47 AM", "sunset": "05:55 PM" } ], "date": "2013-09-22",  "hourly": [ {"cloudcover": "22", "DewPointC": "20", "DewPointF": "67", "FeelsLikeC": "28", "FeelsLikeF": "83", "HeatIndexC": "28", "HeatIndexF": "83", "humidity": "66", "precipMM": "0.1", "pressure": "993", "tempC": "27", "tempF": "80", "time": "200", "visibility": "10", "weatherCode": "113",  "weatherDesc": [ {"value": "Clear" } ],  "weatherIconUrl": [ {"value": "http:\/\/cdn.worldweatheronline.net\/images\/wsymbols01_png_64\/wsymbol_0008_clear_sky_night.png" } ], "WindChillC": "27", "WindChillF": "80", "winddir16Point": "ESE", "winddirDegree": "114", "WindGustKmph": "26", "WindGustMiles": "16", "windspeedKmph": "12", "windspeedMiles": "8" }, {"cloudcover": "28", "DewPointC": "19", "DewPointF": "65", "FeelsLikeC": "26", "FeelsLikeF": "79", "HeatIndexC": "26", "HeatIndexF": "79", "humidity": "68", "precipMM": "0.1", "pressure": "993", "tempC": "25", "tempF": "76", "time": "500", "visibility": "10", "weatherCode": "116",  "weatherDesc": [ {"value": "Partly Cloudy" } ],  "weatherIconUrl": [ {"value": "http:\/\/cdn.worldweatheronline.net\/images\/wsymbols01_png_64\/wsymbol_0004_black_low_cloud.png" } ], "WindChillC": "25", "WindChillF": "76", "winddir16Point": "SE", "winddirDegree": "129", "WindGustKmph": "29", "WindGustMiles": "18", "windspeedKmph": "14", "windspeedMiles": "9" }, {"cloudcover": "45", "DewPointC": "23", "DewPointF": "73", "FeelsLikeC": "31", "FeelsLikeF": "87", "HeatIndexC": "31", "HeatIndexF": "87", "humidity": "78", "precipMM": "2.2", "pressure": "997", "tempC": "27", "tempF": "81", "time": "800", "visibility": "9", "weatherCode": "293",  "weatherDesc": [ {"value": "Patchy light rain" } ],  "weatherIconUrl": [ {"value": "http:\/\/cdn.worldweatheronline.net\/images\/wsymbols01_png_64\/wsymbol_0017_cloudy_with_light_rain.png" } ], "WindChillC": "27", "WindChillF": "81", "winddir16Point": "SE", "winddirDegree": "145", "WindGustKmph": "21", "WindGustMiles": "13", "windspeedKmph": "13", "windspeedMiles": "8" }, {"cloudcover": "46", "DewPointC": "27", "DewPointF": "80", "FeelsLikeC": "38", "FeelsLikeF": "100", "HeatIndexC": "38", "HeatIndexF": "100", "humidity": "80", "precipMM": "7.6", "pressure": "999", "tempC": "30", "tempF": "86", "time": "1100", "visibility": "6", "weatherCode": "305",  "weatherDesc": [ {"value": "Heavy rain at times" } ],  "weatherIconUrl": [ {"value": "http:\/\/cdn.worldweatheronline.net\/images\/wsymbols01_png_64\/wsymbol_0010_heavy_rain_showers.png" } ], "WindChillC": "30", "WindChillF": "86", "winddir16Point": "SE", "winddirDegree": "145", "WindGustKmph": "11", "WindGustMiles": "7", "windspeedKmph": "10", "windspeedMiles": "6" }, {"cloudcover": "45", "DewPointC": "26", "DewPointF": "80", "FeelsLikeC": "41", "FeelsLikeF": "105", "HeatIndexC": "41", "HeatIndexF": "105", "humidity": "74", "precipMM": "5.2", "pressure": "1000", "tempC": "32", "tempF": "89", "time": "1400", "visibility": "8", "weatherCode": "299",  "weatherDesc": [ {"value": "Moderate rain at times" } ],  "weatherIconUrl": [ {"value": "http:\/\/cdn.worldweatheronline.net\/images\/wsymbols01_png_64\/wsymbol_0010_heavy_rain_showers.png" } ], "WindChillC": "32", "WindChillF": "89", "winddir16Point": "ESE", "winddirDegree": "115", "WindGustKmph": "6", "WindGustMiles": "4", "windspeedKmph": "6", "windspeedMiles": "4" }, {"cloudcover": "45", "DewPointC": "27", "DewPointF": "80", "FeelsLikeC": "39", "FeelsLikeF": "102", "HeatIndexC": "39", "HeatIndexF": "102", "humidity": "79", "precipMM": "2.1", "pressure": "1001", "tempC": "31", "tempF": "87", "time": "1700", "visibility": "9", "weatherCode": "293",  "weatherDesc": [ {"value": "Patchy light rain" } ],  "weatherIconUrl": [ {"value": "http:\/\/cdn.worldweatheronline.net\/images\/wsymbols01_png_64\/wsymbol_0017_cloudy_with_light_rain.png" } ], "WindChillC": "31", "WindChillF": "87", "winddir16Point": "ESE", "winddirDegree": "112", "WindGustKmph": "5", "WindGustMiles": "3", "windspeedKmph": "4", "windspeedMiles": "2" }, {"cloudcover": "45", "DewPointC": "23", "DewPointF": "74", "FeelsLikeC": "31", "FeelsLikeF": "87", "HeatIndexC": "31", "HeatIndexF": "87", "humidity": "78", "precipMM": "1.4", "pressure": "1002", "tempC": "27", "tempF": "81", "time": "2000", "visibility": "9", "weatherCode": "293",  "weatherDesc": [ {"value": "Patchy light rain" } ],  "weatherIconUrl": [ {"value": "http:\/\/cdn.worldweatheronline.net\/images\/wsymbols01_png_64\/wsymbol_0033_cloudy_with_light_rain_night.png" } ], "WindChillC": "27", "WindChillF": "81", "winddir16Point": "ESE", "winddirDegree": "116", "WindGustKmph": "15", "WindGustMiles": "10", "windspeedKmph": "9", "windspeedMiles": "6" }, {"cloudcover": "45", "DewPointC": "21", "DewPointF": "71", "FeelsLikeC": "28", "FeelsLikeF": "83", "HeatIndexC": "28", "HeatIndexF": "83", "humidity": "75", "precipMM": "0.6", "pressure": "1003", "tempC": "26", "tempF": "79", "time": "2300", "visibility": "5", "weatherCode": "263",  "weatherDesc": [ {"value": "Patchy light drizzle" } ],  "weatherIconUrl": [ {"value": "http:\/\/cdn.worldweatheronline.net\/images\/wsymbols01_png_64\/wsymbol_0025_light_rain_showers_night.png" } ], "WindChillC": "26", "WindChillF": "79", "winddir16Point": "ESE", "winddirDegree": "117", "WindGustKmph": "23", "WindGustMiles": "14", "windspeedKmph": "12", "windspeedMiles": "7" } ], "maxtempC": "32", "maxtempF": "89", "mintempC": "25", "mintempF": "76" } ] }}