{ "data": { "request": [ {"query": "Lat 23.50 and Lon 120.42", "type": "LatLon" } ],  "weather": [ { "astronomy": [ {"moonrise": "12:41 PM", "moonset": "01:25 AM", "sunrise": "06:02 AM", "sunset": "06:10 PM" } ], "date": "2013-03-21",  "hourly": [ {"cloudcover": "10", "DewPointC": "11", "DewPointF": "51", "FeelsLikeC": "19", "FeelsLikeF": "66", "HeatIndexC": "19", "HeatIndexF": "66", "humidity": "59", "precipMM": "0.0", "pressure": "1015", "tempC": "19", "tempF": "66", "time": "200", "visibility": "10", "weatherCode": "113",  "weatherDesc": [ {"value": "Clear" } ],  "weatherIconUrl": [ {"value": "http:\/\/cdn.worldweatheronline.net\/images\/wsymbols01_png_64\/wsymbol_0008_clear_sky_night.png" } ], "WindChillC": "19", "WindChillF": "66", "winddir16Point": "ENE", "winddirDegree": "66", "WindGustKmph": "13", "WindGustMiles": "8", "windspeedKmph": "6", "windspeedMiles": "4" }, {"cloudcover": "9", "DewPointC": "11", "DewPointF": "52", "FeelsLikeC": "18", "FeelsLikeF": "64", "HeatIndexC": "18", "HeatIndexF": "64", "humidity": "65", "precipMM": "0.1", "pressure": "1015", "tempC": "18", "tempF": "64", "time": "500", "visibility": "10", "weatherCode": "113",  "weatherDesc": [ {"value": "Clear" } ],  "weatherIconUrl": [ {"value": "http:\/\/cdn.worldweatheronline.net\/images\/wsymbols01_png_64\/wsymbol_0008_clear_sky_night.png" } ], "WindChillC": "18", "WindChillF": "64", "winddir16Point": "ENE", "winddirDegree": "57", "WindGustKmph": "13", "WindGustMiles": "8", "windspeedKmph": "6", "windspeedMiles": "4" }, {"cloudcover": "9", "DewPointC": "14", "DewPointF": "57", "FeelsLikeC": "23", "FeelsLikeF": "74", "HeatIndexC": "25", "HeatIndexF": "77", "humidity": "55", "precipMM": "0.0", "pressure": "1016", "tempC": "21", "tempF": "70", "time": "800", "visibility": "10", "weatherCode": "113",  "weatherDesc": [ {"value": "Sunny" } ],  "weatherIconUrl": [ {"value": "http:\/\/cdn.worldweatheronline.net\/images\/wsymbols01_png_64\/wsymbol_0001_sunny.png" } ], "WindChillC": "23", "WindChillF": "74", "winddir16Point": "NNE", "winddirDegree": "18", "WindGustKmph": "5", "WindGustMiles": "3", "windspeedKmph": "5", "windspeedMiles": "3" }, {"cloudcover": "12", "DewPointC": "16", "DewPointF": "61", "FeelsLikeC": "29", "FeelsLikeF": "84", "HeatIndexC": "29", "HeatIndexF": "84", "humidity": "47", "precipMM": "0.1", "pressure": "1016", "tempC": "27", "tempF": "81", "time": "1100", "visibility": "10", "weatherCode": "113",  "weatherDesc": [ {"value": "Sunny" } ],  "weatherIconUrl": [ {"value": "http:\/\/cdn.worldweatheronline.net\/images\/wsymbols01_png_64\/wsymbol_0001_sunny.png" } ], "WindChillC": "28", "WindChillF": "83", "winddir16Point": "WNW", "winddirDegree": "288", "WindGustKmph": "14", "WindGustMiles": "9", "windspeedKmph": "12", "windspeedMiles": "8" }, {"cloudcover": "12", "DewPointC": "18", "DewPointF": "64", "FeelsLikeC": "30", "FeelsLikeF": "86", "HeatIndexC": "30", "HeatIndexF": "86", "humidity": "51", "precipMM": "0.0", "pressure": "1014", "tempC": "27", "tempF": "81", "time": "1400", "visibility": "10", "weatherCode": "113",  "weatherDesc": [ {"value": "Sunny" } ],  "weatherIconUrl": [ {"value": "http:\/\/cdn.worldweatheronline.net\/images\/wsymbols01_png_64\/wsymbol_0001_sunny.png" } ], "WindChillC": "29", "WindChillF": "84", "winddir16Point": "NW", "winddirDegree": "309", "WindGustKmph": "17", "WindGustMiles": "11", "windspeedKmph": "15", "windspeedMiles": "9" }, {"cloudcover": "14", "DewPointC": "18", "DewPointF": "64", "FeelsLikeC": "29", "FeelsLikeF": "83", "HeatIndexC": "29", "HeatIndexF": "83", "humidity": "56", "precipMM": "0.0", "pressure": "1013", "tempC": "25", "tempF": "78", "time": "1700", "visibility": "10", "weatherCode": "113",  "weatherDesc": [ {"value": "Sunny" } ],  "weatherIconUrl": [ {"value": "http:\/\/cdn.worldweatheronline.net\/images\/wsymbols01_png_64\/wsymbol_0001_sunny.png" } ], "WindChillC": "28", "WindChillF": "82", "winddir16Point": "NNW", "winddirDegree": "329", "WindGustKmph": "14", "WindGustMiles": "9", "windspeedKmph": "12", "windspeedMiles": "8" }, {"cloudcover": "7", "DewPointC": "15", "DewPointF": "60", "FeelsLikeC": "22", "FeelsLikeF": "71", "HeatIndexC": "25", "HeatIndexF": "76", "humidity": "67", "precipMM": "0.0", "pressure": "1014", "tempC": "22", "tempF": "71", "time": "2000", "visibility": "10", "weatherCode": "113",  "weatherDesc": [ {"value": "Clear" } ],  "weatherIconUrl": [ {"value": "http:\/\/cdn.worldweatheronline.net\/images\/wsymbols01_png_64\/wsymbol_0008_clear_sky_night.png" } ], "WindChillC": "22", "WindChillF": "71", "winddir16Point": "NNE", "winddirDegree": "19", "WindGustKmph": "11", "WindGustMiles": "7", "windspeedKmph": "7", "windspeedMiles": "4" }, {"cloudcover": "4", "DewPointC": "15", "DewPointF": "58", "FeelsLikeC": "20", "FeelsLikeF": "67", "HeatIndexC": "20", "HeatIndexF": "67", "humidity": "73", "precipMM": "0.0", "pressure": "1014", "tempC": "20", "tempF": "67", "time": "2300", "visibility": "10", "weatherCode": "113",  "weatherDesc": [ {"value": "Clear" } ],  "weatherIconUrl": [ {"value": "http:\/\/cdn.worldweatheronline.net\/images\/wsymbols01_png_64\/wsymbol_0008_clear_sky_night.png" } ], "WindChillC": "20", "WindChillF": "67", "winddir16Point": "ENE", "winddirDegree": "59", "WindGustKmph": "5", "WindGustMiles": "3", "windspeedKmph": "2", "windspeedMiles": "1" } ], "maxtempC": "27", "maxtempF": "81", "mintempC": "18", "mintempF": "64" } ] }}