{ "data": { "request": [ {"query": "Lat 23.50 and Lon 120.42", "type": "LatLon" } ],  "weather": [ { "astronomy": [ {"moonrise": "02:41 AM", "moonset": "02:32 PM", "sunrise": "05:46 AM", "sunset": "06:16 PM" } ], "date": "2013-04-06",  "hourly": [ {"cloudcover": "35", "DewPointC": "20", "DewPointF": "69", "FeelsLikeC": "25", "FeelsLikeF": "77", "HeatIndexC": "25", "HeatIndexF": "77", "humidity": "88", "precipMM": "5.8", "pressure": "1004", "tempC": "23", "tempF": "73", "time": "200", "visibility": "7", "weatherCode": "356",  "weatherDesc": [ {"value": "Moderate or heavy rain shower" } ],  "weatherIconUrl": [ {"value": "http:\/\/cdn.worldweatheronline.net\/images\/wsymbols01_png_64\/wsymbol_0026_heavy_rain_showers_night.png" } ], "WindChillC": "23", "WindChillF": "73", "winddir16Point": "SSE", "winddirDegree": "168", "WindGustKmph": "34", "WindGustMiles": "21", "windspeedKmph": "20", "windspeedMiles": "12" }, {"cloudcover": "40", "DewPointC": "18", "DewPointF": "65", "FeelsLikeC": "20", "FeelsLikeF": "68", "HeatIndexC": "20", "HeatIndexF": "68", "humidity": "89", "precipMM": "2.1", "pressure": "1003", "tempC": "20", "tempF": "68", "time": "500", "visibility": "10", "weatherCode": "353",  "weatherDesc": [ {"value": "Light rain shower" } ],  "weatherIconUrl": [ {"value": "http:\/\/cdn.worldweatheronline.net\/images\/wsymbols01_png_64\/wsymbol_0025_light_rain_showers_night.png" } ], "WindChillC": "20", "WindChillF": "68", "winddir16Point": "SSE", "winddirDegree": "156", "WindGustKmph": "28", "WindGustMiles": "17", "windspeedKmph": "13", "windspeedMiles": "8" }, {"cloudcover": "29", "DewPointC": "22", "DewPointF": "71", "FeelsLikeC": "28", "FeelsLikeF": "82", "HeatIndexC": "28", "HeatIndexF": "82", "humidity": "78", "precipMM": "0.1", "pressure": "1005", "tempC": "23", "tempF": "73", "time": "800", "visibility": "10", "weatherCode": "116",  "weatherDesc": [ {"value": "Partly Cloudy" } ],  "weatherIconUrl": [ {"value": "http:\/\/cdn.worldweatheronline.net\/images\/wsymbols01_png_64\/wsymbol_0002_sunny_intervals.png" } ], "WindChillC": "26", "WindChillF": "78", "winddir16Point": "S", "winddirDegree": "176", "WindGustKmph": "9", "WindGustMiles": "5", "windspeedKmph": "8", "windspeedMiles": "5" }, {"cloudcover": "17", "DewPointC": "23", "DewPointF": "73", "FeelsLikeC": "34", "FeelsLikeF": "93", "HeatIndexC": "34", "HeatIndexF": "93", "humidity": "65", "precipMM": "0.0", "pressure": "1007", "tempC": "27", "tempF": "81", "time": "1100", "visibility": "10", "weatherCode": "113",  "weatherDesc": [ {"value": "Sunny" } ],  "weatherIconUrl": [ {"value": "http:\/\/cdn.worldweatheronline.net\/images\/wsymbols01_png_64\/wsymbol_0001_sunny.png" } ], "WindChillC": "30", "WindChillF": "86", "winddir16Point": "WNW", "winddirDegree": "284", "WindGustKmph": "13", "WindGustMiles": "8", "windspeedKmph": "11", "windspeedMiles": "7" }, {"cloudcover": "32", "DewPointC": "21", "DewPointF": "70", "FeelsLikeC": "31", "FeelsLikeF": "87", "HeatIndexC": "31", "HeatIndexF": "87", "humidity": "67", "precipMM": "0.2", "pressure": "1006", "tempC": "27", "tempF": "80", "time": "1400", "visibility": "10", "weatherCode": "116",  "weatherDesc": [ {"value": "Partly Cloudy" } ],  "weatherIconUrl": [ {"value": "http:\/\/cdn.worldweatheronline.net\/images\/wsymbols01_png_64\/wsymbol_0002_sunny_intervals.png" } ], "WindChillC": "28", "WindChillF": "83", "winddir16Point": "NW", "winddirDegree": "321", "WindGustKmph": "18", "WindGustMiles": "11", "windspeedKmph": "15", "windspeedMiles": "10" }, {"cloudcover": "46", "DewPointC": "19", "DewPointF": "66", "FeelsLikeC": "25", "FeelsLikeF": "78", "HeatIndexC": "25", "HeatIndexF": "78", "humidity": "76", "precipMM": "0.1", "pressure": "1008", "tempC": "22", "tempF": "72", "time": "1700", "visibility": "10", "weatherCode": "116",  "weatherDesc": [ {"value": "Partly Cloudy" } ],  "weatherIconUrl": [ {"value": "http:\/\/cdn.worldweatheronline.net\/images\/wsymbols01_png_64\/wsymbol_0002_sunny_intervals.png" } ], "WindChillC": "24", "WindChillF": "74", "winddir16Point": "NNW", "winddirDegree": "344", "WindGustKmph": "24", "WindGustMiles": "15", "windspeedKmph": "21", "windspeedMiles": "13" }, {"cloudcover": "41", "DewPointC": "16", "DewPointF": "61", "FeelsLikeC": "20", "FeelsLikeF": "69", "HeatIndexC": "20", "HeatIndexF": "69", "humidity": "78", "precipMM": "0.1", "pressure": "1010", "tempC": "20", "tempF": "69", "time": "2000", "visibility": "10", "weatherCode": "116",  "weatherDesc": [ {"value": "Partly Cloudy" } ],  "weatherIconUrl": [ {"value": "http:\/\/cdn.worldweatheronline.net\/images\/wsymbols01_png_64\/wsymbol_0004_black_low_cloud.png" } ], "WindChillC": "20", "WindChillF": "69", "winddir16Point": "N", "winddirDegree": "355", "WindGustKmph": "24", "WindGustMiles": "15", "windspeedKmph": "20", "windspeedMiles": "12" }, {"cloudcover": "25", "DewPointC": "15", "DewPointF": "58", "FeelsLikeC": "19", "FeelsLikeF": "67", "HeatIndexC": "19", "HeatIndexF": "67", "humidity": "75", "precipMM": "0.0", "pressure": "1012", "tempC": "19", "tempF": "67", "time": "2300", "visibility": "10", "weatherCode": "113",  "weatherDesc": [ {"value": "Clear" } ],  "weatherIconUrl": [ {"value": "http:\/\/cdn.worldweatheronline.net\/images\/wsymbols01_png_64\/wsymbol_0008_clear_sky_night.png" } ], "WindChillC": "19", "WindChillF": "67", "winddir16Point": "N", "winddirDegree": "354", "WindGustKmph": "24", "WindGustMiles": "15", "windspeedKmph": "18", "windspeedMiles": "11" } ], "maxtempC": "27", "maxtempF": "81", "mintempC": "19", "mintempF": "67" } ] }}