{ "data": { "request": [ {"query": "Lat 23.50 and Lon 120.42", "type": "LatLon" } ],  "weather": [ { "astronomy": [ {"moonrise": "10:40 PM", "moonset": "10:06 AM", "sunrise": "05:15 AM", "sunset": "06:49 PM" } ], "date": "2013-06-28",  "hourly": [ {"cloudcover": "3", "DewPointC": "17", "DewPointF": "63", "FeelsLikeC": "26", "FeelsLikeF": "78", "HeatIndexC": "26", "HeatIndexF": "78", "humidity": "66", "precipMM": "0.0", "pressure": "1006", "tempC": "24", "tempF": "75", "time": "200", "visibility": "10", "weatherCode": "113",  "weatherDesc": [ {"value": "Clear" } ],  "weatherIconUrl": [ {"value": "http:\/\/cdn.worldweatheronline.net\/images\/wsymbols01_png_64\/wsymbol_0008_clear_sky_night.png" } ], "WindChillC": "24", "WindChillF": "75", "winddir16Point": "SSE", "winddirDegree": "155", "WindGustKmph": "26", "WindGustMiles": "16", "windspeedKmph": "13", "windspeedMiles": "8" }, {"cloudcover": "4", "DewPointC": "17", "DewPointF": "63", "FeelsLikeC": "25", "FeelsLikeF": "76", "HeatIndexC": "25", "HeatIndexF": "76", "humidity": "73", "precipMM": "0.0", "pressure": "1006", "tempC": "22", "tempF": "72", "time": "500", "visibility": "10", "weatherCode": "113",  "weatherDesc": [ {"value": "Clear" } ],  "weatherIconUrl": [ {"value": "http:\/\/cdn.worldweatheronline.net\/images\/wsymbols01_png_64\/wsymbol_0008_clear_sky_night.png" } ], "WindChillC": "22", "WindChillF": "72", "winddir16Point": "SSE", "winddirDegree": "149", "WindGustKmph": "26", "WindGustMiles": "16", "windspeedKmph": "12", "windspeedMiles": "8" }, {"cloudcover": "5", "DewPointC": "21", "DewPointF": "70", "FeelsLikeC": "30", "FeelsLikeF": "86", "HeatIndexC": "30", "HeatIndexF": "86", "humidity": "69", "precipMM": "0.0", "pressure": "1006", "tempC": "26", "tempF": "79", "time": "800", "visibility": "10", "weatherCode": "113",  "weatherDesc": [ {"value": "Sunny" } ],  "weatherIconUrl": [ {"value": "http:\/\/cdn.worldweatheronline.net\/images\/wsymbols01_png_64\/wsymbol_0001_sunny.png" } ], "WindChillC": "28", "WindChillF": "82", "winddir16Point": "SSW", "winddirDegree": "192", "WindGustKmph": "14", "WindGustMiles": "9", "windspeedKmph": "12", "windspeedMiles": "7" }, {"cloudcover": "4", "DewPointC": "25", "DewPointF": "77", "FeelsLikeC": "41", "FeelsLikeF": "105", "HeatIndexC": "41", "HeatIndexF": "105", "humidity": "64", "precipMM": "0.0", "pressure": "1007", "tempC": "32", "tempF": "90", "time": "1100", "visibility": "10", "weatherCode": "113",  "weatherDesc": [ {"value": "Sunny" } ],  "weatherIconUrl": [ {"value": "http:\/\/cdn.worldweatheronline.net\/images\/wsymbols01_png_64\/wsymbol_0001_sunny.png" } ], "WindChillC": "33", "WindChillF": "91", "winddir16Point": "SW", "winddirDegree": "226", "WindGustKmph": "19", "WindGustMiles": "12", "windspeedKmph": "17", "windspeedMiles": "10" }, {"cloudcover": "2", "DewPointC": "25", "DewPointF": "77", "FeelsLikeC": "42", "FeelsLikeF": "107", "HeatIndexC": "42", "HeatIndexF": "107", "humidity": "62", "precipMM": "0.0", "pressure": "1006", "tempC": "33", "tempF": "91", "time": "1400", "visibility": "10", "weatherCode": "113",  "weatherDesc": [ {"value": "Sunny" } ],  "weatherIconUrl": [ {"value": "http:\/\/cdn.worldweatheronline.net\/images\/wsymbols01_png_64\/wsymbol_0001_sunny.png" } ], "WindChillC": "34", "WindChillF": "92", "winddir16Point": "SW", "winddirDegree": "230", "WindGustKmph": "22", "WindGustMiles": "14", "windspeedKmph": "19", "windspeedMiles": "12" }, {"cloudcover": "0", "DewPointC": "25", "DewPointF": "76", "FeelsLikeC": "38", "FeelsLikeF": "100", "HeatIndexC": "38", "HeatIndexF": "100", "humidity": "67", "precipMM": "0.0", "pressure": "1006", "tempC": "31", "tempF": "87", "time": "1700", "visibility": "10", "weatherCode": "113",  "weatherDesc": [ {"value": "Sunny" } ],  "weatherIconUrl": [ {"value": "http:\/\/cdn.worldweatheronline.net\/images\/wsymbols01_png_64\/wsymbol_0001_sunny.png" } ], "WindChillC": "32", "WindChillF": "89", "winddir16Point": "SW", "winddirDegree": "227", "WindGustKmph": "18", "WindGustMiles": "11", "windspeedKmph": "16", "windspeedMiles": "10" }, {"cloudcover": "0", "DewPointC": "23", "DewPointF": "74", "FeelsLikeC": "30", "FeelsLikeF": "86", "HeatIndexC": "30", "HeatIndexF": "86", "humidity": "81", "precipMM": "0.0", "pressure": "1007", "tempC": "27", "tempF": "80", "time": "2000", "visibility": "10", "weatherCode": "113",  "weatherDesc": [ {"value": "Clear" } ],  "weatherIconUrl": [ {"value": "http:\/\/cdn.worldweatheronline.net\/images\/wsymbols01_png_64\/wsymbol_0008_clear_sky_night.png" } ], "WindChillC": "27", "WindChillF": "80", "winddir16Point": "SSW", "winddirDegree": "193", "WindGustKmph": "16", "WindGustMiles": "10", "windspeedKmph": "11", "windspeedMiles": "7" }, {"cloudcover": "0", "DewPointC": "22", "DewPointF": "71", "FeelsLikeC": "28", "FeelsLikeF": "82", "HeatIndexC": "28", "HeatIndexF": "82", "humidity": "80", "precipMM": "0.0", "pressure": "1008", "tempC": "26", "tempF": "78", "time": "2300", "visibility": "10", "weatherCode": "113",  "weatherDesc": [ {"value": "Clear" } ],  "weatherIconUrl": [ {"value": "http:\/\/cdn.worldweatheronline.net\/images\/wsymbols01_png_64\/wsymbol_0008_clear_sky_night.png" } ], "WindChillC": "26", "WindChillF": "78", "winddir16Point": "S", "winddirDegree": "179", "WindGustKmph": "26", "WindGustMiles": "16", "windspeedKmph": "14", "windspeedMiles": "9" } ], "maxtempC": "33", "maxtempF": "91", "mintempC": "22", "mintempF": "72" } ] }}