{ "data": { "request": [ {"query": "Lat 23.50 and Lon 120.42", "type": "LatLon" } ],  "weather": [ { "astronomy": [ {"moonrise": "12:57 PM", "moonset": "12:48 AM", "sunrise": "06:30 AM", "sunset": "05:13 PM" } ], "date": "2013-12-11",  "hourly": [ {"cloudcover": "62", "DewPointC": "10", "DewPointF": "50", "FeelsLikeC": "14", "FeelsLikeF": "58", "HeatIndexC": "15", "HeatIndexF": "59", "humidity": "72", "precipMM": "0.2", "pressure": "1016", "tempC": "15", "tempF": "59", "time": "200", "visibility": "5", "weatherCode": "263",  "weatherDesc": [ {"value": "Patchy light drizzle" } ],  "weatherIconUrl": [ {"value": "http:\/\/cdn.worldweatheronline.net\/images\/wsymbols01_png_64\/wsymbol_0025_light_rain_showers_night.png" } ], "WindChillC": "14", "WindChillF": "58", "winddir16Point": "NNE", "winddirDegree": "22", "WindGustKmph": "24", "WindGustMiles": "15", "windspeedKmph": "12", "windspeedMiles": "7" }, {"cloudcover": "100", "DewPointC": "10", "DewPointF": "50", "FeelsLikeC": "14", "FeelsLikeF": "57", "HeatIndexC": "15", "HeatIndexF": "58", "humidity": "73", "precipMM": "0.2", "pressure": "1017", "tempC": "15", "tempF": "58", "time": "500", "visibility": "2", "weatherCode": "266",  "weatherDesc": [ {"value": "Light drizzle" } ],  "weatherIconUrl": [ {"value": "http:\/\/cdn.worldweatheronline.net\/images\/wsymbols01_png_64\/wsymbol_0033_cloudy_with_light_rain_night.png" } ], "WindChillC": "14", "WindChillF": "57", "winddir16Point": "NNE", "winddirDegree": "28", "WindGustKmph": "30", "WindGustMiles": "18", "windspeedKmph": "14", "windspeedMiles": "9" }, {"cloudcover": "45", "DewPointC": "13", "DewPointF": "56", "FeelsLikeC": "18", "FeelsLikeF": "65", "HeatIndexC": "18", "HeatIndexF": "65", "humidity": "71", "precipMM": "0.1", "pressure": "1018", "tempC": "18", "tempF": "65", "time": "800", "visibility": "10", "weatherCode": "116",  "weatherDesc": [ {"value": "Partly Cloudy" } ],  "weatherIconUrl": [ {"value": "http:\/\/cdn.worldweatheronline.net\/images\/wsymbols01_png_64\/wsymbol_0002_sunny_intervals.png" } ], "WindChillC": "18", "WindChillF": "65", "winddir16Point": "NNE", "winddirDegree": "26", "WindGustKmph": "16", "WindGustMiles": "10", "windspeedKmph": "12", "windspeedMiles": "7" }, {"cloudcover": "25", "DewPointC": "15", "DewPointF": "59", "FeelsLikeC": "25", "FeelsLikeF": "77", "HeatIndexC": "25", "HeatIndexF": "77", "humidity": "61", "precipMM": "0.0", "pressure": "1018", "tempC": "23", "tempF": "73", "time": "1100", "visibility": "10", "weatherCode": "113",  "weatherDesc": [ {"value": "Sunny" } ],  "weatherIconUrl": [ {"value": "http:\/\/cdn.worldweatheronline.net\/images\/wsymbols01_png_64\/wsymbol_0001_sunny.png" } ], "WindChillC": "23", "WindChillF": "73", "winddir16Point": "NNW", "winddirDegree": "340", "WindGustKmph": "15", "WindGustMiles": "10", "windspeedKmph": "13", "windspeedMiles": "8" }, {"cloudcover": "23", "DewPointC": "15", "DewPointF": "59", "FeelsLikeC": "25", "FeelsLikeF": "77", "HeatIndexC": "25", "HeatIndexF": "77", "humidity": "60", "precipMM": "0.0", "pressure": "1016", "tempC": "23", "tempF": "74", "time": "1400", "visibility": "10", "weatherCode": "113",  "weatherDesc": [ {"value": "Sunny" } ],  "weatherIconUrl": [ {"value": "http:\/\/cdn.worldweatheronline.net\/images\/wsymbols01_png_64\/wsymbol_0001_sunny.png" } ], "WindChillC": "23", "WindChillF": "74", "winddir16Point": "NNW", "winddirDegree": "330", "WindGustKmph": "19", "WindGustMiles": "12", "windspeedKmph": "17", "windspeedMiles": "10" }, {"cloudcover": "27", "DewPointC": "14", "DewPointF": "57", "FeelsLikeC": "20", "FeelsLikeF": "68", "HeatIndexC": "20", "HeatIndexF": "68", "humidity": "70", "precipMM": "0.0", "pressure": "1017", "tempC": "20", "tempF": "68", "time": "1700", "visibility": "10", "weatherCode": "116",  "weatherDesc": [ {"value": "Partly Cloudy" } ],  "weatherIconUrl": [ {"value": "http:\/\/cdn.worldweatheronline.net\/images\/wsymbols01_png_64\/wsymbol_0002_sunny_intervals.png" } ], "WindChillC": "20", "WindChillF": "68", "winddir16Point": "NNW", "winddirDegree": "348", "WindGustKmph": "15", "WindGustMiles": "10", "windspeedKmph": "13", "windspeedMiles": "8" }, {"cloudcover": "32", "DewPointC": "11", "DewPointF": "52", "FeelsLikeC": "16", "FeelsLikeF": "61", "HeatIndexC": "16", "HeatIndexF": "61", "humidity": "72", "precipMM": "0.0", "pressure": "1018", "tempC": "16", "tempF": "61", "time": "2000", "visibility": "10", "weatherCode": "116",  "weatherDesc": [ {"value": "Partly Cloudy" } ],  "weatherIconUrl": [ {"value": "http:\/\/cdn.worldweatheronline.net\/images\/wsymbols01_png_64\/wsymbol_0004_black_low_cloud.png" } ], "WindChillC": "16", "WindChillF": "61", "winddir16Point": "NNE", "winddirDegree": "12", "WindGustKmph": "14", "WindGustMiles": "9", "windspeedKmph": "6", "windspeedMiles": "4" }, {"cloudcover": "59", "DewPointC": "11", "DewPointF": "52", "FeelsLikeC": "15", "FeelsLikeF": "59", "HeatIndexC": "15", "HeatIndexF": "59", "humidity": "75", "precipMM": "0.2", "pressure": "1018", "tempC": "15", "tempF": "59", "time": "2300", "visibility": "5", "weatherCode": "263",  "weatherDesc": [ {"value": "Patchy light drizzle" } ],  "weatherIconUrl": [ {"value": "http:\/\/cdn.worldweatheronline.net\/images\/wsymbols01_png_64\/wsymbol_0025_light_rain_showers_night.png" } ], "WindChillC": "15", "WindChillF": "59", "winddir16Point": "N", "winddirDegree": "2", "WindGustKmph": "6", "WindGustMiles": "4", "windspeedKmph": "3", "windspeedMiles": "2" } ], "maxtempC": "23", "maxtempF": "74", "mintempC": "15", "mintempF": "58" } ] }}