{ "data": { "request": [ {"query": "Lat 23.50 and Lon 120.42", "type": "LatLon" } ],  "weather": [ { "astronomy": [ {"moonrise": "No moonrise", "moonset": "01:11 PM", "sunrise": "05:49 AM", "sunset": "05:49 PM" } ], "date": "2013-09-28",  "hourly": [ {"cloudcover": "9", "DewPointC": "18", "DewPointF": "64", "FeelsLikeC": "25", "FeelsLikeF": "77", "HeatIndexC": "25", "HeatIndexF": "77", "humidity": "74", "precipMM": "0.0", "pressure": "1010", "tempC": "23", "tempF": "73", "time": "200", "visibility": "10", "weatherCode": "113",  "weatherDesc": [ {"value": "Clear" } ],  "weatherIconUrl": [ {"value": "http:\/\/cdn.worldweatheronline.net\/images\/wsymbols01_png_64\/wsymbol_0008_clear_sky_night.png" } ], "WindChillC": "23", "WindChillF": "73", "winddir16Point": "E", "winddirDegree": "82", "WindGustKmph": "12", "WindGustMiles": "8", "windspeedKmph": "6", "windspeedMiles": "4" }, {"cloudcover": "7", "DewPointC": "17", "DewPointF": "62", "FeelsLikeC": "25", "FeelsLikeF": "77", "HeatIndexC": "25", "HeatIndexF": "77", "humidity": "70", "precipMM": "0.0", "pressure": "1008", "tempC": "23", "tempF": "73", "time": "500", "visibility": "10", "weatherCode": "113",  "weatherDesc": [ {"value": "Clear" } ],  "weatherIconUrl": [ {"value": "http:\/\/cdn.worldweatheronline.net\/images\/wsymbols01_png_64\/wsymbol_0008_clear_sky_night.png" } ], "WindChillC": "23", "WindChillF": "73", "winddir16Point": "ESE", "winddirDegree": "107", "WindGustKmph": "14", "WindGustMiles": "9", "windspeedKmph": "6", "windspeedMiles": "4" }, {"cloudcover": "9", "DewPointC": "20", "DewPointF": "67", "FeelsLikeC": "30", "FeelsLikeF": "86", "HeatIndexC": "30", "HeatIndexF": "86", "humidity": "60", "precipMM": "0.0", "pressure": "1009", "tempC": "28", "tempF": "83", "time": "800", "visibility": "10", "weatherCode": "113",  "weatherDesc": [ {"value": "Sunny" } ],  "weatherIconUrl": [ {"value": "http:\/\/cdn.worldweatheronline.net\/images\/wsymbols01_png_64\/wsymbol_0001_sunny.png" } ], "WindChillC": "28", "WindChillF": "83", "winddir16Point": "SSW", "winddirDegree": "209", "WindGustKmph": "6", "WindGustMiles": "4", "windspeedKmph": "5", "windspeedMiles": "3" }, {"cloudcover": "16", "DewPointC": "25", "DewPointF": "76", "FeelsLikeC": "42", "FeelsLikeF": "107", "HeatIndexC": "42", "HeatIndexF": "107", "humidity": "58", "precipMM": "0.0", "pressure": "1009", "tempC": "34", "tempF": "93", "time": "1100", "visibility": "10", "weatherCode": "113",  "weatherDesc": [ {"value": "Sunny" } ],  "weatherIconUrl": [ {"value": "http:\/\/cdn.worldweatheronline.net\/images\/wsymbols01_png_64\/wsymbol_0001_sunny.png" } ], "WindChillC": "34", "WindChillF": "93", "winddir16Point": "WNW", "winddirDegree": "283", "WindGustKmph": "15", "WindGustMiles": "10", "windspeedKmph": "13", "windspeedMiles": "8" }, {"cloudcover": "41", "DewPointC": "25", "DewPointF": "78", "FeelsLikeC": "43", "FeelsLikeF": "109", "HeatIndexC": "43", "HeatIndexF": "109", "humidity": "61", "precipMM": "0.5", "pressure": "1007", "tempC": "34", "tempF": "93", "time": "1400", "visibility": "9", "weatherCode": "176",  "weatherDesc": [ {"value": "Patchy rain nearby" } ],  "weatherIconUrl": [ {"value": "http:\/\/cdn.worldweatheronline.net\/images\/wsymbols01_png_64\/wsymbol_0009_light_rain_showers.png" } ], "WindChillC": "34", "WindChillF": "93", "winddir16Point": "NW", "winddirDegree": "308", "WindGustKmph": "18", "WindGustMiles": "11", "windspeedKmph": "14", "windspeedMiles": "9" }, {"cloudcover": "31", "DewPointC": "25", "DewPointF": "76", "FeelsLikeC": "38", "FeelsLikeF": "100", "HeatIndexC": "38", "HeatIndexF": "100", "humidity": "67", "precipMM": "0.5", "pressure": "1007", "tempC": "31", "tempF": "88", "time": "1700", "visibility": "9", "weatherCode": "176",  "weatherDesc": [ {"value": "Patchy rain nearby" } ],  "weatherIconUrl": [ {"value": "http:\/\/cdn.worldweatheronline.net\/images\/wsymbols01_png_64\/wsymbol_0009_light_rain_showers.png" } ], "WindChillC": "31", "WindChillF": "88", "winddir16Point": "NW", "winddirDegree": "326", "WindGustKmph": "15", "WindGustMiles": "10", "windspeedKmph": "13", "windspeedMiles": "8" }, {"cloudcover": "14", "DewPointC": "24", "DewPointF": "75", "FeelsLikeC": "33", "FeelsLikeF": "91", "HeatIndexC": "33", "HeatIndexF": "91", "humidity": "77", "precipMM": "0.1", "pressure": "1008", "tempC": "28", "tempF": "83", "time": "2000", "visibility": "10", "weatherCode": "113",  "weatherDesc": [ {"value": "Clear" } ],  "weatherIconUrl": [ {"value": "http:\/\/cdn.worldweatheronline.net\/images\/wsymbols01_png_64\/wsymbol_0008_clear_sky_night.png" } ], "WindChillC": "28", "WindChillF": "83", "winddir16Point": "N", "winddirDegree": "351", "WindGustKmph": "10", "WindGustMiles": "6", "windspeedKmph": "9", "windspeedMiles": "5" }, {"cloudcover": "20", "DewPointC": "22", "DewPointF": "71", "FeelsLikeC": "28", "FeelsLikeF": "82", "HeatIndexC": "28", "HeatIndexF": "82", "humidity": "81", "precipMM": "0.7", "pressure": "1009", "tempC": "26", "tempF": "78", "time": "2300", "visibility": "9", "weatherCode": "176",  "weatherDesc": [ {"value": "Patchy rain nearby" } ],  "weatherIconUrl": [ {"value": "http:\/\/cdn.worldweatheronline.net\/images\/wsymbols01_png_64\/wsymbol_0025_light_rain_showers_night.png" } ], "WindChillC": "26", "WindChillF": "78", "winddir16Point": "N", "winddirDegree": "349", "WindGustKmph": "7", "WindGustMiles": "4", "windspeedKmph": "4", "windspeedMiles": "2" } ], "maxtempC": "34", "maxtempF": "93", "mintempC": "23", "mintempF": "73" } ] }}