{ "data": { "request": [ {"query": "Lat 23.50 and Lon 120.42", "type": "LatLon" } ],  "weather": [ { "astronomy": [ {"moonrise": "03:36 PM", "moonset": "02:34 AM", "sunrise": "05:14 AM", "sunset": "06:36 PM" } ], "date": "2013-05-22",  "hourly": [ {"cloudcover": "19", "DewPointC": "17", "DewPointF": "63", "FeelsLikeC": "25", "FeelsLikeF": "76", "HeatIndexC": "25", "HeatIndexF": "76", "humidity": "73", "precipMM": "0.0", "pressure": "1007", "tempC": "22", "tempF": "72", "time": "200", "visibility": "10", "weatherCode": "113",  "weatherDesc": [ {"value": "Clear" } ],  "weatherIconUrl": [ {"value": "http:\/\/cdn.worldweatheronline.net\/images\/wsymbols01_png_64\/wsymbol_0008_clear_sky_night.png" } ], "WindChillC": "22", "WindChillF": "72", "winddir16Point": "SSE", "winddirDegree": "164", "WindGustKmph": "31", "WindGustMiles": "19", "windspeedKmph": "15", "windspeedMiles": "9" }, {"cloudcover": "26", "DewPointC": "17", "DewPointF": "62", "FeelsLikeC": "22", "FeelsLikeF": "71", "HeatIndexC": "25", "HeatIndexF": "76", "humidity": "73", "precipMM": "0.0", "pressure": "1007", "tempC": "22", "tempF": "71", "time": "500", "visibility": "10", "weatherCode": "116",  "weatherDesc": [ {"value": "Partly Cloudy" } ],  "weatherIconUrl": [ {"value": "http:\/\/cdn.worldweatheronline.net\/images\/wsymbols01_png_64\/wsymbol_0004_black_low_cloud.png" } ], "WindChillC": "22", "WindChillF": "71", "winddir16Point": "SSE", "winddirDegree": "159", "WindGustKmph": "32", "WindGustMiles": "20", "windspeedKmph": "15", "windspeedMiles": "9" }, {"cloudcover": "49", "DewPointC": "21", "DewPointF": "69", "FeelsLikeC": "28", "FeelsLikeF": "83", "HeatIndexC": "28", "HeatIndexF": "83", "humidity": "71", "precipMM": "0.1", "pressure": "1008", "tempC": "25", "tempF": "76", "time": "800", "visibility": "10", "weatherCode": "116",  "weatherDesc": [ {"value": "Partly Cloudy" } ],  "weatherIconUrl": [ {"value": "http:\/\/cdn.worldweatheronline.net\/images\/wsymbols01_png_64\/wsymbol_0002_sunny_intervals.png" } ], "WindChillC": "26", "WindChillF": "79", "winddir16Point": "S", "winddirDegree": "175", "WindGustKmph": "24", "WindGustMiles": "15", "windspeedKmph": "17", "windspeedMiles": "11" }, {"cloudcover": "47", "DewPointC": "24", "DewPointF": "75", "FeelsLikeC": "37", "FeelsLikeF": "98", "HeatIndexC": "37", "HeatIndexF": "98", "humidity": "64", "precipMM": "0.2", "pressure": "1009", "tempC": "30", "tempF": "86", "time": "1100", "visibility": "5", "weatherCode": "263",  "weatherDesc": [ {"value": "Patchy light drizzle" } ],  "weatherIconUrl": [ {"value": "http:\/\/cdn.worldweatheronline.net\/images\/wsymbols01_png_64\/wsymbol_0009_light_rain_showers.png" } ], "WindChillC": "31", "WindChillF": "88", "winddir16Point": "SSW", "winddirDegree": "196", "WindGustKmph": "24", "WindGustMiles": "15", "windspeedKmph": "21", "windspeedMiles": "13" }, {"cloudcover": "75", "DewPointC": "24", "DewPointF": "75", "FeelsLikeC": "36", "FeelsLikeF": "97", "HeatIndexC": "36", "HeatIndexF": "97", "humidity": "67", "precipMM": "0.8", "pressure": "1007", "tempC": "29", "tempF": "85", "time": "1400", "visibility": "10", "weatherCode": "353",  "weatherDesc": [ {"value": "Light rain shower" } ],  "weatherIconUrl": [ {"value": "http:\/\/cdn.worldweatheronline.net\/images\/wsymbols01_png_64\/wsymbol_0009_light_rain_showers.png" } ], "WindChillC": "31", "WindChillF": "87", "winddir16Point": "SSW", "winddirDegree": "205", "WindGustKmph": "26", "WindGustMiles": "16", "windspeedKmph": "21", "windspeedMiles": "13" }, {"cloudcover": "78", "DewPointC": "23", "DewPointF": "74", "FeelsLikeC": "32", "FeelsLikeF": "89", "HeatIndexC": "32", "HeatIndexF": "89", "humidity": "75", "precipMM": "1.4", "pressure": "1007", "tempC": "28", "tempF": "82", "time": "1700", "visibility": "9", "weatherCode": "296",  "weatherDesc": [ {"value": "Light rain" } ],  "weatherIconUrl": [ {"value": "http:\/\/cdn.worldweatheronline.net\/images\/wsymbols01_png_64\/wsymbol_0017_cloudy_with_light_rain.png" } ], "WindChillC": "28", "WindChillF": "83", "winddir16Point": "SSW", "winddirDegree": "198", "WindGustKmph": "23", "WindGustMiles": "14", "windspeedKmph": "19", "windspeedMiles": "12" }, {"cloudcover": "56", "DewPointC": "21", "DewPointF": "69", "FeelsLikeC": "27", "FeelsLikeF": "80", "HeatIndexC": "27", "HeatIndexF": "80", "humidity": "79", "precipMM": "1.0", "pressure": "1009", "tempC": "25", "tempF": "76", "time": "2000", "visibility": "9", "weatherCode": "293",  "weatherDesc": [ {"value": "Patchy light rain" } ],  "weatherIconUrl": [ {"value": "http:\/\/cdn.worldweatheronline.net\/images\/wsymbols01_png_64\/wsymbol_0033_cloudy_with_light_rain_night.png" } ], "WindChillC": "25", "WindChillF": "76", "winddir16Point": "S", "winddirDegree": "171", "WindGustKmph": "25", "WindGustMiles": "16", "windspeedKmph": "14", "windspeedMiles": "9" }, {"cloudcover": "46", "DewPointC": "19", "DewPointF": "66", "FeelsLikeC": "26", "FeelsLikeF": "78", "HeatIndexC": "26", "HeatIndexF": "78", "humidity": "75", "precipMM": "0.5", "pressure": "1009", "tempC": "24", "tempF": "74", "time": "2300", "visibility": "5", "weatherCode": "263",  "weatherDesc": [ {"value": "Patchy light drizzle" } ],  "weatherIconUrl": [ {"value": "http:\/\/cdn.worldweatheronline.net\/images\/wsymbols01_png_64\/wsymbol_0025_light_rain_showers_night.png" } ], "WindChillC": "24", "WindChillF": "74", "winddir16Point": "SSE", "winddirDegree": "167", "WindGustKmph": "30", "WindGustMiles": "18", "windspeedKmph": "14", "windspeedMiles": "9" } ], "maxtempC": "30", "maxtempF": "86", "mintempC": "22", "mintempF": "71" } ] }}