{ "data": { "request": [ {"query": "Lat 23.50 and Lon 120.42", "type": "LatLon" } ],  "weather": [ { "astronomy": [ {"moonrise": "05:19 AM", "moonset": "06:47 PM", "sunrise": "05:19 AM", "sunset": "06:30 PM" } ], "date": "2013-05-10",  "hourly": [ {"cloudcover": "8", "DewPointC": "20", "DewPointF": "67", "FeelsLikeC": "22", "FeelsLikeF": "71", "HeatIndexC": "24", "HeatIndexF": "76", "humidity": "89", "precipMM": "0.0", "pressure": "1010", "tempC": "22", "tempF": "71", "time": "200", "visibility": "10", "weatherCode": "113",  "weatherDesc": [ {"value": "Clear" } ],  "weatherIconUrl": [ {"value": "http:\/\/cdn.worldweatheronline.net\/images\/wsymbols01_png_64\/wsymbol_0008_clear_sky_night.png" } ], "WindChillC": "22", "WindChillF": "71", "winddir16Point": "NNW", "winddirDegree": "327", "WindGustKmph": "1", "WindGustMiles": "0", "windspeedKmph": "0", "windspeedMiles": "0" }, {"cloudcover": "11", "DewPointC": "18", "DewPointF": "65", "FeelsLikeC": "21", "FeelsLikeF": "70", "HeatIndexC": "21", "HeatIndexF": "70", "humidity": "85", "precipMM": "0.3", "pressure": "1009", "tempC": "21", "tempF": "70", "time": "500", "visibility": "10", "weatherCode": "113",  "weatherDesc": [ {"value": "Clear" } ],  "weatherIconUrl": [ {"value": "http:\/\/cdn.worldweatheronline.net\/images\/wsymbols01_png_64\/wsymbol_0008_clear_sky_night.png" } ], "WindChillC": "21", "WindChillF": "70", "winddir16Point": "SE", "winddirDegree": "142", "WindGustKmph": "9", "WindGustMiles": "6", "windspeedKmph": "4", "windspeedMiles": "3" }, {"cloudcover": "14", "DewPointC": "21", "DewPointF": "69", "FeelsLikeC": "29", "FeelsLikeF": "84", "HeatIndexC": "29", "HeatIndexF": "84", "humidity": "67", "precipMM": "1.1", "pressure": "1010", "tempC": "25", "tempF": "76", "time": "800", "visibility": "9", "weatherCode": "176",  "weatherDesc": [ {"value": "Patchy rain nearby" } ],  "weatherIconUrl": [ {"value": "http:\/\/cdn.worldweatheronline.net\/images\/wsymbols01_png_64\/wsymbol_0009_light_rain_showers.png" } ], "WindChillC": "27", "WindChillF": "81", "winddir16Point": "S", "winddirDegree": "190", "WindGustKmph": "10", "WindGustMiles": "6", "windspeedKmph": "8", "windspeedMiles": "5" }, {"cloudcover": "8", "DewPointC": "23", "DewPointF": "73", "FeelsLikeC": "37", "FeelsLikeF": "98", "HeatIndexC": "37", "HeatIndexF": "98", "humidity": "58", "precipMM": "0.2", "pressure": "1009", "tempC": "31", "tempF": "88", "time": "1100", "visibility": "10", "weatherCode": "113",  "weatherDesc": [ {"value": "Sunny" } ],  "weatherIconUrl": [ {"value": "http:\/\/cdn.worldweatheronline.net\/images\/wsymbols01_png_64\/wsymbol_0001_sunny.png" } ], "WindChillC": "32", "WindChillF": "90", "winddir16Point": "SW", "winddirDegree": "228", "WindGustKmph": "18", "WindGustMiles": "11", "windspeedKmph": "15", "windspeedMiles": "9" }, {"cloudcover": "9", "DewPointC": "24", "DewPointF": "74", "FeelsLikeC": "38", "FeelsLikeF": "101", "HeatIndexC": "38", "HeatIndexF": "101", "humidity": "59", "precipMM": "0.0", "pressure": "1007", "tempC": "32", "tempF": "89", "time": "1400", "visibility": "10", "weatherCode": "113",  "weatherDesc": [ {"value": "Sunny" } ],  "weatherIconUrl": [ {"value": "http:\/\/cdn.worldweatheronline.net\/images\/wsymbols01_png_64\/wsymbol_0001_sunny.png" } ], "WindChillC": "33", "WindChillF": "91", "winddir16Point": "WSW", "winddirDegree": "239", "WindGustKmph": "19", "WindGustMiles": "12", "windspeedKmph": "17", "windspeedMiles": "11" }, {"cloudcover": "9", "DewPointC": "24", "DewPointF": "75", "FeelsLikeC": "37", "FeelsLikeF": "98", "HeatIndexC": "37", "HeatIndexF": "98", "humidity": "64", "precipMM": "0.4", "pressure": "1006", "tempC": "30", "tempF": "85", "time": "1700", "visibility": "10", "weatherCode": "113",  "weatherDesc": [ {"value": "Sunny" } ],  "weatherIconUrl": [ {"value": "http:\/\/cdn.worldweatheronline.net\/images\/wsymbols01_png_64\/wsymbol_0001_sunny.png" } ], "WindChillC": "31", "WindChillF": "89", "winddir16Point": "SW", "winddirDegree": "225", "WindGustKmph": "14", "WindGustMiles": "9", "windspeedKmph": "12", "windspeedMiles": "7" }, {"cloudcover": "12", "DewPointC": "21", "DewPointF": "70", "FeelsLikeC": "27", "FeelsLikeF": "81", "HeatIndexC": "27", "HeatIndexF": "81", "humidity": "77", "precipMM": "0.2", "pressure": "1007", "tempC": "25", "tempF": "78", "time": "2000", "visibility": "10", "weatherCode": "113",  "weatherDesc": [ {"value": "Clear" } ],  "weatherIconUrl": [ {"value": "http:\/\/cdn.worldweatheronline.net\/images\/wsymbols01_png_64\/wsymbol_0008_clear_sky_night.png" } ], "WindChillC": "25", "WindChillF": "78", "winddir16Point": "S", "winddirDegree": "169", "WindGustKmph": "12", "WindGustMiles": "7", "windspeedKmph": "7", "windspeedMiles": "4" }, {"cloudcover": "13", "DewPointC": "16", "DewPointF": "61", "FeelsLikeC": "25", "FeelsLikeF": "76", "HeatIndexC": "25", "HeatIndexF": "76", "humidity": "70", "precipMM": "0.1", "pressure": "1008", "tempC": "22", "tempF": "72", "time": "2300", "visibility": "10", "weatherCode": "113",  "weatherDesc": [ {"value": "Clear" } ],  "weatherIconUrl": [ {"value": "http:\/\/cdn.worldweatheronline.net\/images\/wsymbols01_png_64\/wsymbol_0008_clear_sky_night.png" } ], "WindChillC": "22", "WindChillF": "72", "winddir16Point": "SSE", "winddirDegree": "160", "WindGustKmph": "21", "WindGustMiles": "13", "windspeedKmph": "10", "windspeedMiles": "6" } ], "maxtempC": "32", "maxtempF": "89", "mintempC": "21", "mintempF": "70" } ] }}