{ "data": { "request": [ {"query": "Lat 23.50 and Lon 120.42", "type": "LatLon" } ],  "weather": [ { "astronomy": [ {"moonrise": "11:16 PM", "moonset": "11:40 AM", "sunrise": "05:27 AM", "sunset": "06:42 PM" } ], "date": "2013-07-29",  "hourly": [ {"cloudcover": "12", "DewPointC": "23", "DewPointF": "73", "FeelsLikeC": "28", "FeelsLikeF": "83", "HeatIndexC": "28", "HeatIndexF": "83", "humidity": "84", "precipMM": "0.2", "pressure": "1010", "tempC": "26", "tempF": "78", "time": "200", "visibility": "10", "weatherCode": "113",  "weatherDesc": [ {"value": "Clear" } ],  "weatherIconUrl": [ {"value": "http:\/\/cdn.worldweatheronline.net\/images\/wsymbols01_png_64\/wsymbol_0008_clear_sky_night.png" } ], "WindChillC": "26", "WindChillF": "78", "winddir16Point": "SSW", "winddirDegree": "197", "WindGustKmph": "8", "WindGustMiles": "5", "windspeedKmph": "5", "windspeedMiles": "3" }, {"cloudcover": "11", "DewPointC": "22", "DewPointF": "71", "FeelsLikeC": "26", "FeelsLikeF": "79", "HeatIndexC": "26", "HeatIndexF": "79", "humidity": "86", "precipMM": "0.0", "pressure": "1009", "tempC": "24", "tempF": "75", "time": "500", "visibility": "10", "weatherCode": "113",  "weatherDesc": [ {"value": "Clear" } ],  "weatherIconUrl": [ {"value": "http:\/\/cdn.worldweatheronline.net\/images\/wsymbols01_png_64\/wsymbol_0008_clear_sky_night.png" } ], "WindChillC": "24", "WindChillF": "75", "winddir16Point": "SSW", "winddirDegree": "206", "WindGustKmph": "2", "WindGustMiles": "1", "windspeedKmph": "1", "windspeedMiles": "1" }, {"cloudcover": "8", "DewPointC": "23", "DewPointF": "73", "FeelsLikeC": "32", "FeelsLikeF": "89", "HeatIndexC": "32", "HeatIndexF": "89", "humidity": "71", "precipMM": "0.0", "pressure": "1010", "tempC": "26", "tempF": "79", "time": "800", "visibility": "10", "weatherCode": "113",  "weatherDesc": [ {"value": "Sunny" } ],  "weatherIconUrl": [ {"value": "http:\/\/cdn.worldweatheronline.net\/images\/wsymbols01_png_64\/wsymbol_0001_sunny.png" } ], "WindChillC": "28", "WindChillF": "83", "winddir16Point": "NW", "winddirDegree": "326", "WindGustKmph": "8", "WindGustMiles": "5", "windspeedKmph": "7", "windspeedMiles": "4" }, {"cloudcover": "9", "DewPointC": "26", "DewPointF": "78", "FeelsLikeC": "42", "FeelsLikeF": "107", "HeatIndexC": "42", "HeatIndexF": "107", "humidity": "64", "precipMM": "0.0", "pressure": "1010", "tempC": "32", "tempF": "90", "time": "1100", "visibility": "10", "weatherCode": "113",  "weatherDesc": [ {"value": "Sunny" } ],  "weatherIconUrl": [ {"value": "http:\/\/cdn.worldweatheronline.net\/images\/wsymbols01_png_64\/wsymbol_0001_sunny.png" } ], "WindChillC": "33", "WindChillF": "92", "winddir16Point": "WNW", "winddirDegree": "297", "WindGustKmph": "16", "WindGustMiles": "10", "windspeedKmph": "14", "windspeedMiles": "9" }, {"cloudcover": "15", "DewPointC": "27", "DewPointF": "80", "FeelsLikeC": "45", "FeelsLikeF": "112", "HeatIndexC": "45", "HeatIndexF": "112", "humidity": "65", "precipMM": "1.9", "pressure": "1009", "tempC": "32", "tempF": "90", "time": "1400", "visibility": "9", "weatherCode": "176",  "weatherDesc": [ {"value": "Patchy rain nearby" } ],  "weatherIconUrl": [ {"value": "http:\/\/cdn.worldweatheronline.net\/images\/wsymbols01_png_64\/wsymbol_0009_light_rain_showers.png" } ], "WindChillC": "34", "WindChillF": "93", "winddir16Point": "WNW", "winddirDegree": "288", "WindGustKmph": "19", "WindGustMiles": "12", "windspeedKmph": "13", "windspeedMiles": "8" }, {"cloudcover": "8", "DewPointC": "26", "DewPointF": "79", "FeelsLikeC": "41", "FeelsLikeF": "106", "HeatIndexC": "41", "HeatIndexF": "106", "humidity": "69", "precipMM": "1.0", "pressure": "1007", "tempC": "31", "tempF": "88", "time": "1700", "visibility": "9", "weatherCode": "176",  "weatherDesc": [ {"value": "Patchy rain nearby" } ],  "weatherIconUrl": [ {"value": "http:\/\/cdn.worldweatheronline.net\/images\/wsymbols01_png_64\/wsymbol_0009_light_rain_showers.png" } ], "WindChillC": "32", "WindChillF": "90", "winddir16Point": "W", "winddirDegree": "281", "WindGustKmph": "16", "WindGustMiles": "10", "windspeedKmph": "13", "windspeedMiles": "8" }, {"cloudcover": "7", "DewPointC": "25", "DewPointF": "77", "FeelsLikeC": "35", "FeelsLikeF": "94", "HeatIndexC": "35", "HeatIndexF": "94", "humidity": "80", "precipMM": "0.3", "pressure": "1008", "tempC": "29", "tempF": "84", "time": "2000", "visibility": "10", "weatherCode": "113",  "weatherDesc": [ {"value": "Clear" } ],  "weatherIconUrl": [ {"value": "http:\/\/cdn.worldweatheronline.net\/images\/wsymbols01_png_64\/wsymbol_0008_clear_sky_night.png" } ], "WindChillC": "29", "WindChillF": "84", "winddir16Point": "W", "winddirDegree": "267", "WindGustKmph": "9", "WindGustMiles": "5", "windspeedKmph": "7", "windspeedMiles": "4" }, {"cloudcover": "5", "DewPointC": "23", "DewPointF": "74", "FeelsLikeC": "30", "FeelsLikeF": "85", "HeatIndexC": "30", "HeatIndexF": "85", "humidity": "84", "precipMM": "0.5", "pressure": "1009", "tempC": "26", "tempF": "80", "time": "2300", "visibility": "10", "weatherCode": "113",  "weatherDesc": [ {"value": "Clear" } ],  "weatherIconUrl": [ {"value": "http:\/\/cdn.worldweatheronline.net\/images\/wsymbols01_png_64\/wsymbol_0008_clear_sky_night.png" } ], "WindChillC": "26", "WindChillF": "80", "winddir16Point": "W", "winddirDegree": "268", "WindGustKmph": "7", "WindGustMiles": "4", "windspeedKmph": "5", "windspeedMiles": "3" } ], "maxtempC": "32", "maxtempF": "90", "mintempC": "24", "mintempF": "75" } ] }}