{ "data": { "request": [ {"query": "Lat 23.50 and Lon 120.42", "type": "LatLon" } ],  "weather": [ { "astronomy": [ {"moonrise": "08:11 AM", "moonset": "08:49 PM", "sunrise": "06:32 AM", "sunset": "05:53 PM" } ], "date": "2013-02-13",  "hourly": [ {"cloudcover": "4", "DewPointC": "11", "DewPointF": "52", "FeelsLikeC": "15", "FeelsLikeF": "58", "HeatIndexC": "15", "HeatIndexF": "59", "humidity": "78", "precipMM": "0.0", "pressure": "1019", "tempC": "15", "tempF": "59", "time": "200", "visibility": "10", "weatherCode": "113",  "weatherDesc": [ {"value": "Clear" } ],  "weatherIconUrl": [ {"value": "http:\/\/cdn.worldweatheronline.net\/images\/wsymbols01_png_64\/wsymbol_0008_clear_sky_night.png" } ], "WindChillC": "15", "WindChillF": "58", "winddir16Point": "NNE", "winddirDegree": "24", "WindGustKmph": "19", "WindGustMiles": "12", "windspeedKmph": "9", "windspeedMiles": "6" }, {"cloudcover": "7", "DewPointC": "11", "DewPointF": "51", "FeelsLikeC": "14", "FeelsLikeF": "57", "HeatIndexC": "15", "HeatIndexF": "58", "humidity": "77", "precipMM": "0.0", "pressure": "1020", "tempC": "15", "tempF": "58", "time": "500", "visibility": "10", "weatherCode": "113",  "weatherDesc": [ {"value": "Clear" } ],  "weatherIconUrl": [ {"value": "http:\/\/cdn.worldweatheronline.net\/images\/wsymbols01_png_64\/wsymbol_0008_clear_sky_night.png" } ], "WindChillC": "14", "WindChillF": "57", "winddir16Point": "NNE", "winddirDegree": "16", "WindGustKmph": "20", "WindGustMiles": "12", "windspeedKmph": "9", "windspeedMiles": "6" }, {"cloudcover": "7", "DewPointC": "14", "DewPointF": "56", "FeelsLikeC": "19", "FeelsLikeF": "67", "HeatIndexC": "19", "HeatIndexF": "67", "humidity": "69", "precipMM": "0.0", "pressure": "1020", "tempC": "18", "tempF": "64", "time": "800", "visibility": "10", "weatherCode": "113",  "weatherDesc": [ {"value": "Sunny" } ],  "weatherIconUrl": [ {"value": "http:\/\/cdn.worldweatheronline.net\/images\/wsymbols01_png_64\/wsymbol_0001_sunny.png" } ], "WindChillC": "19", "WindChillF": "67", "winddir16Point": "NNE", "winddirDegree": "20", "WindGustKmph": "14", "WindGustMiles": "9", "windspeedKmph": "10", "windspeedMiles": "6" }, {"cloudcover": "7", "DewPointC": "16", "DewPointF": "60", "FeelsLikeC": "26", "FeelsLikeF": "78", "HeatIndexC": "26", "HeatIndexF": "78", "humidity": "57", "precipMM": "0.0", "pressure": "1021", "tempC": "24", "tempF": "74", "time": "1100", "visibility": "10", "weatherCode": "113",  "weatherDesc": [ {"value": "Sunny" } ],  "weatherIconUrl": [ {"value": "http:\/\/cdn.worldweatheronline.net\/images\/wsymbols01_png_64\/wsymbol_0001_sunny.png" } ], "WindChillC": "25", "WindChillF": "76", "winddir16Point": "NNW", "winddirDegree": "332", "WindGustKmph": "15", "WindGustMiles": "10", "windspeedKmph": "13", "windspeedMiles": "8" }, {"cloudcover": "7", "DewPointC": "17", "DewPointF": "62", "FeelsLikeC": "27", "FeelsLikeF": "80", "HeatIndexC": "27", "HeatIndexF": "80", "humidity": "58", "precipMM": "0.0", "pressure": "1018", "tempC": "24", "tempF": "76", "time": "1400", "visibility": "10", "weatherCode": "113",  "weatherDesc": [ {"value": "Sunny" } ],  "weatherIconUrl": [ {"value": "http:\/\/cdn.worldweatheronline.net\/images\/wsymbols01_png_64\/wsymbol_0001_sunny.png" } ], "WindChillC": "26", "WindChillF": "78", "winddir16Point": "NW", "winddirDegree": "325", "WindGustKmph": "19", "WindGustMiles": "12", "windspeedKmph": "16", "windspeedMiles": "10" }, {"cloudcover": "6", "DewPointC": "16", "DewPointF": "61", "FeelsLikeC": "25", "FeelsLikeF": "77", "HeatIndexC": "25", "HeatIndexF": "77", "humidity": "65", "precipMM": "0.0", "pressure": "1018", "tempC": "22", "tempF": "72", "time": "1700", "visibility": "10", "weatherCode": "113",  "weatherDesc": [ {"value": "Sunny" } ],  "weatherIconUrl": [ {"value": "http:\/\/cdn.worldweatheronline.net\/images\/wsymbols01_png_64\/wsymbol_0001_sunny.png" } ], "WindChillC": "23", "WindChillF": "74", "winddir16Point": "NNW", "winddirDegree": "344", "WindGustKmph": "18", "WindGustMiles": "11", "windspeedKmph": "16", "windspeedMiles": "10" }, {"cloudcover": "5", "DewPointC": "15", "DewPointF": "59", "FeelsLikeC": "20", "FeelsLikeF": "67", "HeatIndexC": "20", "HeatIndexF": "67", "humidity": "74", "precipMM": "0.0", "pressure": "1019", "tempC": "20", "tempF": "67", "time": "2000", "visibility": "10", "weatherCode": "113",  "weatherDesc": [ {"value": "Clear" } ],  "weatherIconUrl": [ {"value": "http:\/\/cdn.worldweatheronline.net\/images\/wsymbols01_png_64\/wsymbol_0008_clear_sky_night.png" } ], "WindChillC": "20", "WindChillF": "67", "winddir16Point": "NE", "winddirDegree": "36", "WindGustKmph": "13", "WindGustMiles": "8", "windspeedKmph": "8", "windspeedMiles": "5" }, {"cloudcover": "4", "DewPointC": "14", "DewPointF": "56", "FeelsLikeC": "17", "FeelsLikeF": "62", "HeatIndexC": "17", "HeatIndexF": "62", "humidity": "82", "precipMM": "0.0", "pressure": "1019", "tempC": "17", "tempF": "62", "time": "2300", "visibility": "10", "weatherCode": "113",  "weatherDesc": [ {"value": "Clear" } ],  "weatherIconUrl": [ {"value": "http:\/\/cdn.worldweatheronline.net\/images\/wsymbols01_png_64\/wsymbol_0008_clear_sky_night.png" } ], "WindChillC": "17", "WindChillF": "62", "winddir16Point": "NE", "winddirDegree": "34", "WindGustKmph": "7", "WindGustMiles": "4", "windspeedKmph": "3", "windspeedMiles": "2" } ], "maxtempC": "24", "maxtempF": "76", "mintempC": "15", "mintempF": "58" } ] }}