{ "data": { "request": [ {"query": "Lat 23.50 and Lon 120.42", "type": "LatLon" } ],  "weather": [ { "astronomy": [ {"moonrise": "06:29 AM", "moonset": "07:15 PM", "sunrise": "05:31 AM", "sunset": "06:36 PM" } ], "date": "2013-08-08",  "hourly": [ {"cloudcover": "7", "DewPointC": "22", "DewPointF": "72", "FeelsLikeC": "28", "FeelsLikeF": "82", "HeatIndexC": "28", "HeatIndexF": "82", "humidity": "85", "precipMM": "0.0", "pressure": "1011", "tempC": "25", "tempF": "77", "time": "200", "visibility": "10", "weatherCode": "113",  "weatherDesc": [ {"value": "Clear" } ],  "weatherIconUrl": [ {"value": "http:\/\/cdn.worldweatheronline.net\/images\/wsymbols01_png_64\/wsymbol_0008_clear_sky_night.png" } ], "WindChillC": "25", "WindChillF": "77", "winddir16Point": "SSW", "winddirDegree": "208", "WindGustKmph": "13", "WindGustMiles": "8", "windspeedKmph": "7", "windspeedMiles": "4" }, {"cloudcover": "8", "DewPointC": "22", "DewPointF": "71", "FeelsLikeC": "26", "FeelsLikeF": "79", "HeatIndexC": "26", "HeatIndexF": "79", "humidity": "88", "precipMM": "0.0", "pressure": "1011", "tempC": "24", "tempF": "75", "time": "500", "visibility": "10", "weatherCode": "113",  "weatherDesc": [ {"value": "Clear" } ],  "weatherIconUrl": [ {"value": "http:\/\/cdn.worldweatheronline.net\/images\/wsymbols01_png_64\/wsymbol_0008_clear_sky_night.png" } ], "WindChillC": "24", "WindChillF": "75", "winddir16Point": "SSW", "winddirDegree": "196", "WindGustKmph": "8", "WindGustMiles": "5", "windspeedKmph": "4", "windspeedMiles": "2" }, {"cloudcover": "4", "DewPointC": "23", "DewPointF": "74", "FeelsLikeC": "33", "FeelsLikeF": "91", "HeatIndexC": "33", "HeatIndexF": "91", "humidity": "72", "precipMM": "0.0", "pressure": "1011", "tempC": "27", "tempF": "80", "time": "800", "visibility": "10", "weatherCode": "113",  "weatherDesc": [ {"value": "Sunny" } ],  "weatherIconUrl": [ {"value": "http:\/\/cdn.worldweatheronline.net\/images\/wsymbols01_png_64\/wsymbol_0001_sunny.png" } ], "WindChillC": "29", "WindChillF": "84", "winddir16Point": "WSW", "winddirDegree": "249", "WindGustKmph": "6", "WindGustMiles": "4", "windspeedKmph": "5", "windspeedMiles": "3" }, {"cloudcover": "4", "DewPointC": "25", "DewPointF": "77", "FeelsLikeC": "42", "FeelsLikeF": "107", "HeatIndexC": "42", "HeatIndexF": "107", "humidity": "60", "precipMM": "0.0", "pressure": "1011", "tempC": "33", "tempF": "91", "time": "1100", "visibility": "10", "weatherCode": "113",  "weatherDesc": [ {"value": "Sunny" } ],  "weatherIconUrl": [ {"value": "http:\/\/cdn.worldweatheronline.net\/images\/wsymbols01_png_64\/wsymbol_0001_sunny.png" } ], "WindChillC": "34", "WindChillF": "93", "winddir16Point": "W", "winddirDegree": "275", "WindGustKmph": "15", "WindGustMiles": "10", "windspeedKmph": "13", "windspeedMiles": "8" }, {"cloudcover": "5", "DewPointC": "25", "DewPointF": "77", "FeelsLikeC": "44", "FeelsLikeF": "110", "HeatIndexC": "44", "HeatIndexF": "110", "humidity": "57", "precipMM": "0.2", "pressure": "1010", "tempC": "34", "tempF": "93", "time": "1400", "visibility": "10", "weatherCode": "113",  "weatherDesc": [ {"value": "Sunny" } ],  "weatherIconUrl": [ {"value": "http:\/\/cdn.worldweatheronline.net\/images\/wsymbols01_png_64\/wsymbol_0001_sunny.png" } ], "WindChillC": "35", "WindChillF": "95", "winddir16Point": "W", "winddirDegree": "281", "WindGustKmph": "18", "WindGustMiles": "11", "windspeedKmph": "15", "windspeedMiles": "10" }, {"cloudcover": "8", "DewPointC": "26", "DewPointF": "78", "FeelsLikeC": "42", "FeelsLikeF": "107", "HeatIndexC": "42", "HeatIndexF": "107", "humidity": "64", "precipMM": "0.2", "pressure": "1008", "tempC": "32", "tempF": "89", "time": "1700", "visibility": "10", "weatherCode": "113",  "weatherDesc": [ {"value": "Sunny" } ],  "weatherIconUrl": [ {"value": "http:\/\/cdn.worldweatheronline.net\/images\/wsymbols01_png_64\/wsymbol_0001_sunny.png" } ], "WindChillC": "33", "WindChillF": "92", "winddir16Point": "W", "winddirDegree": "279", "WindGustKmph": "16", "WindGustMiles": "10", "windspeedKmph": "14", "windspeedMiles": "9" }, {"cloudcover": "11", "DewPointC": "24", "DewPointF": "75", "FeelsLikeC": "32", "FeelsLikeF": "90", "HeatIndexC": "32", "HeatIndexF": "90", "humidity": "78", "precipMM": "0.2", "pressure": "1010", "tempC": "28", "tempF": "83", "time": "2000", "visibility": "10", "weatherCode": "113",  "weatherDesc": [ {"value": "Clear" } ],  "weatherIconUrl": [ {"value": "http:\/\/cdn.worldweatheronline.net\/images\/wsymbols01_png_64\/wsymbol_0008_clear_sky_night.png" } ], "WindChillC": "28", "WindChillF": "83", "winddir16Point": "WSW", "winddirDegree": "257", "WindGustKmph": "7", "WindGustMiles": "4", "windspeedKmph": "5", "windspeedMiles": "3" }, {"cloudcover": "8", "DewPointC": "23", "DewPointF": "73", "FeelsLikeC": "30", "FeelsLikeF": "86", "HeatIndexC": "30", "HeatIndexF": "86", "humidity": "80", "precipMM": "0.1", "pressure": "1010", "tempC": "27", "tempF": "80", "time": "2300", "visibility": "10", "weatherCode": "113",  "weatherDesc": [ {"value": "Clear" } ],  "weatherIconUrl": [ {"value": "http:\/\/cdn.worldweatheronline.net\/images\/wsymbols01_png_64\/wsymbol_0008_clear_sky_night.png" } ], "WindChillC": "27", "WindChillF": "80", "winddir16Point": "WSW", "winddirDegree": "237", "WindGustKmph": "11", "WindGustMiles": "7", "windspeedKmph": "6", "windspeedMiles": "4" } ], "maxtempC": "34", "maxtempF": "93", "mintempC": "24", "mintempF": "75" } ] }}