{ "data": { "request": [ {"query": "Lat 23.50 and Lon 120.42", "type": "LatLon" } ],  "weather": [ { "astronomy": [ {"moonrise": "02:20 AM", "moonset": "01:38 PM", "sunrise": "06:15 AM", "sunset": "06:04 PM" } ], "date": "2013-03-07",  "hourly": [ {"cloudcover": "0", "DewPointC": "8", "DewPointF": "47", "FeelsLikeC": "14", "FeelsLikeF": "57", "HeatIndexC": "14", "HeatIndexF": "57", "humidity": "69", "precipMM": "0.0", "pressure": "1020", "tempC": "14", "tempF": "57", "time": "200", "visibility": "10", "weatherCode": "113",  "weatherDesc": [ {"value": "Clear" } ],  "weatherIconUrl": [ {"value": "http:\/\/cdn.worldweatheronline.net\/images\/wsymbols01_png_64\/wsymbol_0008_clear_sky_night.png" } ], "WindChillC": "14", "WindChillF": "57", "winddir16Point": "NE", "winddirDegree": "54", "WindGustKmph": "12", "WindGustMiles": "8", "windspeedKmph": "6", "windspeedMiles": "4" }, {"cloudcover": "0", "DewPointC": "1", "DewPointF": "35", "FeelsLikeC": "12", "FeelsLikeF": "53", "HeatIndexC": "12", "HeatIndexF": "54", "humidity": "47", "precipMM": "0.0", "pressure": "1019", "tempC": "12", "tempF": "54", "time": "500", "visibility": "10", "weatherCode": "113",  "weatherDesc": [ {"value": "Clear" } ],  "weatherIconUrl": [ {"value": "http:\/\/cdn.worldweatheronline.net\/images\/wsymbols01_png_64\/wsymbol_0008_clear_sky_night.png" } ], "WindChillC": "12", "WindChillF": "53", "winddir16Point": "ENE", "winddirDegree": "74", "WindGustKmph": "18", "WindGustMiles": "11", "windspeedKmph": "9", "windspeedMiles": "5" }, {"cloudcover": "0", "DewPointC": "-1", "DewPointF": "29", "FeelsLikeC": "20", "FeelsLikeF": "67", "HeatIndexC": "20", "HeatIndexF": "67", "humidity": "24", "precipMM": "0.0", "pressure": "1020", "tempC": "18", "tempF": "64", "time": "800", "visibility": "10", "weatherCode": "113",  "weatherDesc": [ {"value": "Sunny" } ],  "weatherIconUrl": [ {"value": "http:\/\/cdn.worldweatheronline.net\/images\/wsymbols01_png_64\/wsymbol_0001_sunny.png" } ], "WindChillC": "20", "WindChillF": "67", "winddir16Point": "E", "winddirDegree": "81", "WindGustKmph": "9", "WindGustMiles": "6", "windspeedKmph": "7", "windspeedMiles": "4" }, {"cloudcover": "0", "DewPointC": "-2", "DewPointF": "29", "FeelsLikeC": "23", "FeelsLikeF": "74", "HeatIndexC": "23", "HeatIndexF": "74", "humidity": "18", "precipMM": "0.0", "pressure": "1020", "tempC": "23", "tempF": "73", "time": "1100", "visibility": "10", "weatherCode": "113",  "weatherDesc": [ {"value": "Sunny" } ],  "weatherIconUrl": [ {"value": "http:\/\/cdn.worldweatheronline.net\/images\/wsymbols01_png_64\/wsymbol_0001_sunny.png" } ], "WindChillC": "24", "WindChillF": "75", "winddir16Point": "NW", "winddirDegree": "314", "WindGustKmph": "13", "WindGustMiles": "8", "windspeedKmph": "12", "windspeedMiles": "7" }, {"cloudcover": "0", "DewPointC": "4", "DewPointF": "38", "FeelsLikeC": "25", "FeelsLikeF": "76", "HeatIndexC": "25", "HeatIndexF": "76", "humidity": "24", "precipMM": "0.0", "pressure": "1018", "tempC": "24", "tempF": "76", "time": "1400", "visibility": "10", "weatherCode": "113",  "weatherDesc": [ {"value": "Sunny" } ],  "weatherIconUrl": [ {"value": "http:\/\/cdn.worldweatheronline.net\/images\/wsymbols01_png_64\/wsymbol_0001_sunny.png" } ], "WindChillC": "26", "WindChillF": "78", "winddir16Point": "NW", "winddirDegree": "322", "WindGustKmph": "17", "WindGustMiles": "11", "windspeedKmph": "15", "windspeedMiles": "9" }, {"cloudcover": "0", "DewPointC": "7", "DewPointF": "45", "FeelsLikeC": "24", "FeelsLikeF": "76", "HeatIndexC": "24", "HeatIndexF": "76", "humidity": "35", "precipMM": "0.0", "pressure": "1017", "tempC": "22", "tempF": "72", "time": "1700", "visibility": "10", "weatherCode": "113",  "weatherDesc": [ {"value": "Sunny" } ],  "weatherIconUrl": [ {"value": "http:\/\/cdn.worldweatheronline.net\/images\/wsymbols01_png_64\/wsymbol_0001_sunny.png" } ], "WindChillC": "23", "WindChillF": "74", "winddir16Point": "NNW", "winddirDegree": "339", "WindGustKmph": "16", "WindGustMiles": "10", "windspeedKmph": "14", "windspeedMiles": "9" }, {"cloudcover": "0", "DewPointC": "6", "DewPointF": "42", "FeelsLikeC": "17", "FeelsLikeF": "63", "HeatIndexC": "17", "HeatIndexF": "63", "humidity": "47", "precipMM": "0.0", "pressure": "1019", "tempC": "17", "tempF": "63", "time": "2000", "visibility": "10", "weatherCode": "113",  "weatherDesc": [ {"value": "Clear" } ],  "weatherIconUrl": [ {"value": "http:\/\/cdn.worldweatheronline.net\/images\/wsymbols01_png_64\/wsymbol_0008_clear_sky_night.png" } ], "WindChillC": "17", "WindChillF": "63", "winddir16Point": "NE", "winddirDegree": "55", "WindGustKmph": "23", "WindGustMiles": "15", "windspeedKmph": "11", "windspeedMiles": "7" }, {"cloudcover": "0", "DewPointC": "6", "DewPointF": "43", "FeelsLikeC": "15", "FeelsLikeF": "58", "HeatIndexC": "15", "HeatIndexF": "59", "humidity": "55", "precipMM": "0.0", "pressure": "1019", "tempC": "15", "tempF": "59", "time": "2300", "visibility": "10", "weatherCode": "113",  "weatherDesc": [ {"value": "Clear" } ],  "weatherIconUrl": [ {"value": "http:\/\/cdn.worldweatheronline.net\/images\/wsymbols01_png_64\/wsymbol_0008_clear_sky_night.png" } ], "WindChillC": "15", "WindChillF": "58", "winddir16Point": "ESE", "winddirDegree": "109", "WindGustKmph": "17", "WindGustMiles": "11", "windspeedKmph": "8", "windspeedMiles": "5" } ], "maxtempC": "24", "maxtempF": "76", "mintempC": "12", "mintempF": "54" } ] }}