{ "data": { "request": [ {"query": "Lat 23.50 and Lon 120.42", "type": "LatLon" } ],  "weather": [ { "astronomy": [ {"moonrise": "No moonrise", "moonset": "12:53 PM", "sunrise": "05:15 AM", "sunset": "06:49 PM" } ], "date": "2013-07-01",  "hourly": [ {"cloudcover": "10", "DewPointC": "22", "DewPointF": "71", "FeelsLikeC": "28", "FeelsLikeF": "82", "HeatIndexC": "28", "HeatIndexF": "82", "humidity": "80", "precipMM": "0.0", "pressure": "1009", "tempC": "26", "tempF": "78", "time": "200", "visibility": "10", "weatherCode": "113",  "weatherDesc": [ {"value": "Clear" } ],  "weatherIconUrl": [ {"value": "http:\/\/cdn.worldweatheronline.net\/images\/wsymbols01_png_64\/wsymbol_0008_clear_sky_night.png" } ], "WindChillC": "26", "WindChillF": "78", "winddir16Point": "E", "winddirDegree": "81", "WindGustKmph": "4", "WindGustMiles": "2", "windspeedKmph": "2", "windspeedMiles": "1" }, {"cloudcover": "7", "DewPointC": "19", "DewPointF": "67", "FeelsLikeC": "26", "FeelsLikeF": "78", "HeatIndexC": "26", "HeatIndexF": "78", "humidity": "77", "precipMM": "0.0", "pressure": "1009", "tempC": "24", "tempF": "75", "time": "500", "visibility": "10", "weatherCode": "113",  "weatherDesc": [ {"value": "Clear" } ],  "weatherIconUrl": [ {"value": "http:\/\/cdn.worldweatheronline.net\/images\/wsymbols01_png_64\/wsymbol_0008_clear_sky_night.png" } ], "WindChillC": "24", "WindChillF": "75", "winddir16Point": "NE", "winddirDegree": "50", "WindGustKmph": "9", "WindGustMiles": "6", "windspeedKmph": "4", "windspeedMiles": "3" }, {"cloudcover": "4", "DewPointC": "22", "DewPointF": "72", "FeelsLikeC": "34", "FeelsLikeF": "93", "HeatIndexC": "34", "HeatIndexF": "93", "humidity": "62", "precipMM": "0.0", "pressure": "1010", "tempC": "28", "tempF": "83", "time": "800", "visibility": "10", "weatherCode": "113",  "weatherDesc": [ {"value": "Sunny" } ],  "weatherIconUrl": [ {"value": "http:\/\/cdn.worldweatheronline.net\/images\/wsymbols01_png_64\/wsymbol_0001_sunny.png" } ], "WindChillC": "30", "WindChillF": "87", "winddir16Point": "NW", "winddirDegree": "313", "WindGustKmph": "7", "WindGustMiles": "4", "windspeedKmph": "6", "windspeedMiles": "4" }, {"cloudcover": "9", "DewPointC": "26", "DewPointF": "78", "FeelsLikeC": "46", "FeelsLikeF": "114", "HeatIndexC": "46", "HeatIndexF": "114", "humidity": "55", "precipMM": "0.0", "pressure": "1010", "tempC": "35", "tempF": "94", "time": "1100", "visibility": "10", "weatherCode": "113",  "weatherDesc": [ {"value": "Sunny" } ],  "weatherIconUrl": [ {"value": "http:\/\/cdn.worldweatheronline.net\/images\/wsymbols01_png_64\/wsymbol_0001_sunny.png" } ], "WindChillC": "36", "WindChillF": "97", "winddir16Point": "WNW", "winddirDegree": "295", "WindGustKmph": "16", "WindGustMiles": "10", "windspeedKmph": "14", "windspeedMiles": "9" }, {"cloudcover": "12", "DewPointC": "26", "DewPointF": "79", "FeelsLikeC": "47", "FeelsLikeF": "117", "HeatIndexC": "47", "HeatIndexF": "117", "humidity": "56", "precipMM": "2.1", "pressure": "1009", "tempC": "35", "tempF": "95", "time": "1400", "visibility": "10", "weatherCode": "386",  "weatherDesc": [ {"value": "Patchy light rain in area with thunder" } ],  "weatherIconUrl": [ {"value": "http:\/\/cdn.worldweatheronline.net\/images\/wsymbols01_png_64\/wsymbol_0016_thundery_showers.png" } ], "WindChillC": "37", "WindChillF": "98", "winddir16Point": "WNW", "winddirDegree": "300", "WindGustKmph": "23", "WindGustMiles": "14", "windspeedKmph": "15", "windspeedMiles": "9" }, {"cloudcover": "9", "DewPointC": "26", "DewPointF": "79", "FeelsLikeC": "44", "FeelsLikeF": "112", "HeatIndexC": "44", "HeatIndexF": "112", "humidity": "61", "precipMM": "3.9", "pressure": "1009", "tempC": "33", "tempF": "92", "time": "1700", "visibility": "7", "weatherCode": "356",  "weatherDesc": [ {"value": "Moderate or heavy rain shower" } ],  "weatherIconUrl": [ {"value": "http:\/\/cdn.worldweatheronline.net\/images\/wsymbols01_png_64\/wsymbol_0010_heavy_rain_showers.png" } ], "WindChillC": "35", "WindChillF": "94", "winddir16Point": "NW", "winddirDegree": "316", "WindGustKmph": "23", "WindGustMiles": "14", "windspeedKmph": "13", "windspeedMiles": "8" }, {"cloudcover": "14", "DewPointC": "24", "DewPointF": "75", "FeelsLikeC": "33", "FeelsLikeF": "92", "HeatIndexC": "33", "HeatIndexF": "92", "humidity": "74", "precipMM": "0.1", "pressure": "1009", "tempC": "29", "tempF": "84", "time": "2000", "visibility": "10", "weatherCode": "113",  "weatherDesc": [ {"value": "Clear" } ],  "weatherIconUrl": [ {"value": "http:\/\/cdn.worldweatheronline.net\/images\/wsymbols01_png_64\/wsymbol_0008_clear_sky_night.png" } ], "WindChillC": "29", "WindChillF": "84", "winddir16Point": "NW", "winddirDegree": "316", "WindGustKmph": "10", "WindGustMiles": "6", "windspeedKmph": "7", "windspeedMiles": "4" }, {"cloudcover": "10", "DewPointC": "23", "DewPointF": "74", "FeelsLikeC": "30", "FeelsLikeF": "87", "HeatIndexC": "30", "HeatIndexF": "87", "humidity": "80", "precipMM": "0.0", "pressure": "1011", "tempC": "27", "tempF": "81", "time": "2300", "visibility": "10", "weatherCode": "113",  "weatherDesc": [ {"value": "Clear" } ],  "weatherIconUrl": [ {"value": "http:\/\/cdn.worldweatheronline.net\/images\/wsymbols01_png_64\/wsymbol_0008_clear_sky_night.png" } ], "WindChillC": "27", "WindChillF": "81", "winddir16Point": "NNW", "winddirDegree": "331", "WindGustKmph": "4", "WindGustMiles": "2", "windspeedKmph": "2", "windspeedMiles": "1" } ], "maxtempC": "35", "maxtempF": "95", "mintempC": "24", "mintempF": "75" } ] }}