{ "data": { "request": [ {"query": "Lat 23.50 and Lon 120.42", "type": "LatLon" } ],  "weather": [ { "astronomy": [ {"moonrise": "02:55 PM", "moonset": "02:05 AM", "sunrise": "05:55 AM", "sunset": "05:33 PM" } ], "date": "2013-10-15",  "hourly": [ {"cloudcover": "8", "DewPointC": "17", "DewPointF": "62", "FeelsLikeC": "21", "FeelsLikeF": "70", "HeatIndexC": "21", "HeatIndexF": "70", "humidity": "77", "precipMM": "0.0", "pressure": "1011", "tempC": "21", "tempF": "70", "time": "200", "visibility": "10", "weatherCode": "113",  "weatherDesc": [ {"value": "Clear" } ],  "weatherIconUrl": [ {"value": "http:\/\/cdn.worldweatheronline.net\/images\/wsymbols01_png_64\/wsymbol_0008_clear_sky_night.png" } ], "WindChillC": "21", "WindChillF": "70", "winddir16Point": "N", "winddirDegree": "7", "WindGustKmph": "17", "WindGustMiles": "10", "windspeedKmph": "8", "windspeedMiles": "5" }, {"cloudcover": "5", "DewPointC": "16", "DewPointF": "61", "FeelsLikeC": "20", "FeelsLikeF": "68", "HeatIndexC": "20", "HeatIndexF": "68", "humidity": "78", "precipMM": "0.0", "pressure": "1011", "tempC": "20", "tempF": "68", "time": "500", "visibility": "10", "weatherCode": "113",  "weatherDesc": [ {"value": "Clear" } ],  "weatherIconUrl": [ {"value": "http:\/\/cdn.worldweatheronline.net\/images\/wsymbols01_png_64\/wsymbol_0008_clear_sky_night.png" } ], "WindChillC": "20", "WindChillF": "68", "winddir16Point": "NNE", "winddirDegree": "29", "WindGustKmph": "20", "WindGustMiles": "12", "windspeedKmph": "9", "windspeedMiles": "6" }, {"cloudcover": "2", "DewPointC": "17", "DewPointF": "63", "FeelsLikeC": "26", "FeelsLikeF": "79", "HeatIndexC": "26", "HeatIndexF": "79", "humidity": "62", "precipMM": "0.0", "pressure": "1012", "tempC": "25", "tempF": "77", "time": "800", "visibility": "10", "weatherCode": "113",  "weatherDesc": [ {"value": "Sunny" } ],  "weatherIconUrl": [ {"value": "http:\/\/cdn.worldweatheronline.net\/images\/wsymbols01_png_64\/wsymbol_0001_sunny.png" } ], "WindChillC": "25", "WindChillF": "77", "winddir16Point": "N", "winddirDegree": "5", "WindGustKmph": "15", "WindGustMiles": "9", "windspeedKmph": "12", "windspeedMiles": "7" }, {"cloudcover": "4", "DewPointC": "19", "DewPointF": "66", "FeelsLikeC": "32", "FeelsLikeF": "89", "HeatIndexC": "32", "HeatIndexF": "89", "humidity": "50", "precipMM": "0.0", "pressure": "1013", "tempC": "30", "tempF": "87", "time": "1100", "visibility": "10", "weatherCode": "113",  "weatherDesc": [ {"value": "Sunny" } ],  "weatherIconUrl": [ {"value": "http:\/\/cdn.worldweatheronline.net\/images\/wsymbols01_png_64\/wsymbol_0001_sunny.png" } ], "WindChillC": "30", "WindChillF": "86", "winddir16Point": "NNW", "winddirDegree": "339", "WindGustKmph": "20", "WindGustMiles": "12", "windspeedKmph": "17", "windspeedMiles": "11" }, {"cloudcover": "8", "DewPointC": "20", "DewPointF": "67", "FeelsLikeC": "33", "FeelsLikeF": "91", "HeatIndexC": "33", "HeatIndexF": "91", "humidity": "53", "precipMM": "0.0", "pressure": "1011", "tempC": "31", "tempF": "87", "time": "1400", "visibility": "10", "weatherCode": "113",  "weatherDesc": [ {"value": "Sunny" } ],  "weatherIconUrl": [ {"value": "http:\/\/cdn.worldweatheronline.net\/images\/wsymbols01_png_64\/wsymbol_0001_sunny.png" } ], "WindChillC": "31", "WindChillF": "87", "winddir16Point": "NNW", "winddirDegree": "344", "WindGustKmph": "24", "WindGustMiles": "15", "windspeedKmph": "21", "windspeedMiles": "13" }, {"cloudcover": "10", "DewPointC": "20", "DewPointF": "69", "FeelsLikeC": "31", "FeelsLikeF": "87", "HeatIndexC": "31", "HeatIndexF": "87", "humidity": "61", "precipMM": "0.0", "pressure": "1012", "tempC": "29", "tempF": "83", "time": "1700", "visibility": "10", "weatherCode": "113",  "weatherDesc": [ {"value": "Sunny" } ],  "weatherIconUrl": [ {"value": "http:\/\/cdn.worldweatheronline.net\/images\/wsymbols01_png_64\/wsymbol_0001_sunny.png" } ], "WindChillC": "29", "WindChillF": "83", "winddir16Point": "NNW", "winddirDegree": "344", "WindGustKmph": "21", "WindGustMiles": "13", "windspeedKmph": "18", "windspeedMiles": "11" }, {"cloudcover": "10", "DewPointC": "18", "DewPointF": "64", "FeelsLikeC": "26", "FeelsLikeF": "78", "HeatIndexC": "26", "HeatIndexF": "78", "humidity": "67", "precipMM": "0.0", "pressure": "1014", "tempC": "24", "tempF": "75", "time": "2000", "visibility": "10", "weatherCode": "113",  "weatherDesc": [ {"value": "Clear" } ],  "weatherIconUrl": [ {"value": "http:\/\/cdn.worldweatheronline.net\/images\/wsymbols01_png_64\/wsymbol_0008_clear_sky_night.png" } ], "WindChillC": "24", "WindChillF": "75", "winddir16Point": "N", "winddirDegree": "357", "WindGustKmph": "21", "WindGustMiles": "13", "windspeedKmph": "13", "windspeedMiles": "8" }, {"cloudcover": "14", "DewPointC": "16", "DewPointF": "61", "FeelsLikeC": "22", "FeelsLikeF": "71", "HeatIndexC": "25", "HeatIndexF": "76", "humidity": "71", "precipMM": "0.0", "pressure": "1015", "tempC": "22", "tempF": "71", "time": "2300", "visibility": "10", "weatherCode": "113",  "weatherDesc": [ {"value": "Clear" } ],  "weatherIconUrl": [ {"value": "http:\/\/cdn.worldweatheronline.net\/images\/wsymbols01_png_64\/wsymbol_0008_clear_sky_night.png" } ], "WindChillC": "22", "WindChillF": "71", "winddir16Point": "N", "winddirDegree": "355", "WindGustKmph": "19", "WindGustMiles": "12", "windspeedKmph": "9", "windspeedMiles": "6" } ], "maxtempC": "31", "maxtempF": "87", "mintempC": "20", "mintempF": "68" } ] }}