{ "data": { "request": [ {"query": "Lat 23.50 and Lon 120.42", "type": "LatLon" } ],  "weather": [ { "astronomy": [ {"moonrise": "10:46 PM", "moonset": "11:03 AM", "sunrise": "06:18 AM", "sunset": "05:11 PM" } ], "date": "2013-11-24",  "hourly": [ {"cloudcover": "6", "DewPointC": "11", "DewPointF": "51", "FeelsLikeC": "17", "FeelsLikeF": "62", "HeatIndexC": "17", "HeatIndexF": "62", "humidity": "67", "precipMM": "0.0", "pressure": "1016", "tempC": "17", "tempF": "62", "time": "200", "visibility": "10", "weatherCode": "113",  "weatherDesc": [ {"value": "Clear" } ],  "weatherIconUrl": [ {"value": "http:\/\/cdn.worldweatheronline.net\/images\/wsymbols01_png_64\/wsymbol_0008_clear_sky_night.png" } ], "WindChillC": "17", "WindChillF": "62", "winddir16Point": "E", "winddirDegree": "100", "WindGustKmph": "21", "WindGustMiles": "13", "windspeedKmph": "10", "windspeedMiles": "6" }, {"cloudcover": "4", "DewPointC": "11", "DewPointF": "51", "FeelsLikeC": "17", "FeelsLikeF": "63", "HeatIndexC": "17", "HeatIndexF": "63", "humidity": "65", "precipMM": "0.0", "pressure": "1015", "tempC": "17", "tempF": "63", "time": "500", "visibility": "10", "weatherCode": "113",  "weatherDesc": [ {"value": "Clear" } ],  "weatherIconUrl": [ {"value": "http:\/\/cdn.worldweatheronline.net\/images\/wsymbols01_png_64\/wsymbol_0008_clear_sky_night.png" } ], "WindChillC": "17", "WindChillF": "63", "winddir16Point": "ESE", "winddirDegree": "106", "WindGustKmph": "17", "WindGustMiles": "11", "windspeedKmph": "8", "windspeedMiles": "5" }, {"cloudcover": "4", "DewPointC": "15", "DewPointF": "59", "FeelsLikeC": "25", "FeelsLikeF": "77", "HeatIndexC": "25", "HeatIndexF": "77", "humidity": "61", "precipMM": "0.0", "pressure": "1016", "tempC": "23", "tempF": "73", "time": "800", "visibility": "10", "weatherCode": "113",  "weatherDesc": [ {"value": "Sunny" } ],  "weatherIconUrl": [ {"value": "http:\/\/cdn.worldweatheronline.net\/images\/wsymbols01_png_64\/wsymbol_0001_sunny.png" } ], "WindChillC": "23", "WindChillF": "73", "winddir16Point": "ESE", "winddirDegree": "111", "WindGustKmph": "6", "WindGustMiles": "4", "windspeedKmph": "4", "windspeedMiles": "2" }, {"cloudcover": "9", "DewPointC": "19", "DewPointF": "67", "FeelsLikeC": "29", "FeelsLikeF": "84", "HeatIndexC": "29", "HeatIndexF": "84", "humidity": "61", "precipMM": "0.0", "pressure": "1015", "tempC": "27", "tempF": "81", "time": "1100", "visibility": "10", "weatherCode": "113",  "weatherDesc": [ {"value": "Sunny" } ],  "weatherIconUrl": [ {"value": "http:\/\/cdn.worldweatheronline.net\/images\/wsymbols01_png_64\/wsymbol_0001_sunny.png" } ], "WindChillC": "27", "WindChillF": "81", "winddir16Point": "NW", "winddirDegree": "319", "WindGustKmph": "14", "WindGustMiles": "9", "windspeedKmph": "13", "windspeedMiles": "8" }, {"cloudcover": "45", "DewPointC": "20", "DewPointF": "68", "FeelsLikeC": "31", "FeelsLikeF": "88", "HeatIndexC": "31", "HeatIndexF": "88", "humidity": "60", "precipMM": "0.0", "pressure": "1013", "tempC": "29", "tempF": "84", "time": "1400", "visibility": "10", "weatherCode": "116",  "weatherDesc": [ {"value": "Partly Cloudy" } ],  "weatherIconUrl": [ {"value": "http:\/\/cdn.worldweatheronline.net\/images\/wsymbols01_png_64\/wsymbol_0002_sunny_intervals.png" } ], "WindChillC": "29", "WindChillF": "84", "winddir16Point": "WNW", "winddirDegree": "295", "WindGustKmph": "16", "WindGustMiles": "10", "windspeedKmph": "14", "windspeedMiles": "9" }, {"cloudcover": "34", "DewPointC": "20", "DewPointF": "67", "FeelsLikeC": "26", "FeelsLikeF": "79", "HeatIndexC": "26", "HeatIndexF": "79", "humidity": "77", "precipMM": "0.1", "pressure": "1013", "tempC": "24", "tempF": "75", "time": "1700", "visibility": "10", "weatherCode": "116",  "weatherDesc": [ {"value": "Partly Cloudy" } ],  "weatherIconUrl": [ {"value": "http:\/\/cdn.worldweatheronline.net\/images\/wsymbols01_png_64\/wsymbol_0002_sunny_intervals.png" } ], "WindChillC": "24", "WindChillF": "75", "winddir16Point": "NW", "winddirDegree": "326", "WindGustKmph": "13", "WindGustMiles": "8", "windspeedKmph": "11", "windspeedMiles": "7" }, {"cloudcover": "28", "DewPointC": "16", "DewPointF": "60", "FeelsLikeC": "20", "FeelsLikeF": "67", "HeatIndexC": "20", "HeatIndexF": "67", "humidity": "78", "precipMM": "0.1", "pressure": "1014", "tempC": "20", "tempF": "67", "time": "2000", "visibility": "10", "weatherCode": "116",  "weatherDesc": [ {"value": "Partly Cloudy" } ],  "weatherIconUrl": [ {"value": "http:\/\/cdn.worldweatheronline.net\/images\/wsymbols01_png_64\/wsymbol_0004_black_low_cloud.png" } ], "WindChillC": "20", "WindChillF": "67", "winddir16Point": "NNE", "winddirDegree": "19", "WindGustKmph": "22", "WindGustMiles": "14", "windspeedKmph": "11", "windspeedMiles": "7" }, {"cloudcover": "44", "DewPointC": "14", "DewPointF": "56", "FeelsLikeC": "18", "FeelsLikeF": "64", "HeatIndexC": "18", "HeatIndexF": "64", "humidity": "76", "precipMM": "0.3", "pressure": "1014", "tempC": "18", "tempF": "64", "time": "2300", "visibility": "9", "weatherCode": "176",  "weatherDesc": [ {"value": "Patchy rain nearby" } ],  "weatherIconUrl": [ {"value": "http:\/\/cdn.worldweatheronline.net\/images\/wsymbols01_png_64\/wsymbol_0025_light_rain_showers_night.png" } ], "WindChillC": "18", "WindChillF": "64", "winddir16Point": "N", "winddirDegree": "11", "WindGustKmph": "29", "WindGustMiles": "18", "windspeedKmph": "14", "windspeedMiles": "9" } ], "maxtempC": "29", "maxtempF": "84", "mintempC": "17", "mintempF": "62" } ] }}