{ "data": { "request": [ {"query": "Lat 23.50 and Lon 120.42", "type": "LatLon" } ],  "weather": [ { "astronomy": [ {"moonrise": "05:01 AM", "moonset": "04:16 PM", "sunrise": "06:40 AM", "sunset": "05:23 PM" } ], "date": "2013-12-31",  "hourly": [ {"cloudcover": "2", "DewPointC": "5", "DewPointF": "42", "FeelsLikeC": "10", "FeelsLikeF": "49", "HeatIndexC": "11", "HeatIndexF": "51", "humidity": "69", "precipMM": "0.0", "pressure": "1020", "tempC": "11", "tempF": "51", "time": "200", "visibility": "10", "weatherCode": "113",  "weatherDesc": [ {"value": "Clear" } ],  "weatherIconUrl": [ {"value": "http:\/\/cdn.worldweatheronline.net\/images\/wsymbols01_png_64\/wsymbol_0008_clear_sky_night.png" } ], "WindChillC": "10", "WindChillF": "49", "winddir16Point": "NE", "winddirDegree": "44", "WindGustKmph": "21", "WindGustMiles": "13", "windspeedKmph": "10", "windspeedMiles": "6" }, {"cloudcover": "1", "DewPointC": "5", "DewPointF": "40", "FeelsLikeC": "9", "FeelsLikeF": "49", "HeatIndexC": "11", "HeatIndexF": "51", "humidity": "66", "precipMM": "0.0", "pressure": "1019", "tempC": "11", "tempF": "51", "time": "500", "visibility": "10", "weatherCode": "113",  "weatherDesc": [ {"value": "Clear" } ],  "weatherIconUrl": [ {"value": "http:\/\/cdn.worldweatheronline.net\/images\/wsymbols01_png_64\/wsymbol_0008_clear_sky_night.png" } ], "WindChillC": "9", "WindChillF": "49", "winddir16Point": "NE", "winddirDegree": "42", "WindGustKmph": "22", "WindGustMiles": "14", "windspeedKmph": "10", "windspeedMiles": "6" }, {"cloudcover": "0", "DewPointC": "8", "DewPointF": "46", "FeelsLikeC": "15", "FeelsLikeF": "58", "HeatIndexC": "15", "HeatIndexF": "59", "humidity": "62", "precipMM": "0.0", "pressure": "1019", "tempC": "15", "tempF": "59", "time": "800", "visibility": "10", "weatherCode": "113",  "weatherDesc": [ {"value": "Sunny" } ],  "weatherIconUrl": [ {"value": "http:\/\/cdn.worldweatheronline.net\/images\/wsymbols01_png_64\/wsymbol_0001_sunny.png" } ], "WindChillC": "15", "WindChillF": "58", "winddir16Point": "NE", "winddirDegree": "41", "WindGustKmph": "18", "WindGustMiles": "11", "windspeedKmph": "9", "windspeedMiles": "6" }, {"cloudcover": "0", "DewPointC": "9", "DewPointF": "48", "FeelsLikeC": "20", "FeelsLikeF": "68", "HeatIndexC": "20", "HeatIndexF": "68", "humidity": "48", "precipMM": "0.0", "pressure": "1020", "tempC": "20", "tempF": "68", "time": "1100", "visibility": "10", "weatherCode": "113",  "weatherDesc": [ {"value": "Sunny" } ],  "weatherIconUrl": [ {"value": "http:\/\/cdn.worldweatheronline.net\/images\/wsymbols01_png_64\/wsymbol_0001_sunny.png" } ], "WindChillC": "20", "WindChillF": "68", "winddir16Point": "NNW", "winddirDegree": "338", "WindGustKmph": "16", "WindGustMiles": "10", "windspeedKmph": "14", "windspeedMiles": "9" }, {"cloudcover": "0", "DewPointC": "11", "DewPointF": "53", "FeelsLikeC": "25", "FeelsLikeF": "76", "HeatIndexC": "25", "HeatIndexF": "76", "humidity": "49", "precipMM": "0.0", "pressure": "1018", "tempC": "23", "tempF": "73", "time": "1400", "visibility": "10", "weatherCode": "113",  "weatherDesc": [ {"value": "Sunny" } ],  "weatherIconUrl": [ {"value": "http:\/\/cdn.worldweatheronline.net\/images\/wsymbols01_png_64\/wsymbol_0001_sunny.png" } ], "WindChillC": "23", "WindChillF": "73", "winddir16Point": "NNW", "winddirDegree": "335", "WindGustKmph": "18", "WindGustMiles": "11", "windspeedKmph": "16", "windspeedMiles": "10" }, {"cloudcover": "0", "DewPointC": "11", "DewPointF": "51", "FeelsLikeC": "18", "FeelsLikeF": "64", "HeatIndexC": "18", "HeatIndexF": "64", "humidity": "63", "precipMM": "0.0", "pressure": "1019", "tempC": "18", "tempF": "64", "time": "1700", "visibility": "10", "weatherCode": "113",  "weatherDesc": [ {"value": "Sunny" } ],  "weatherIconUrl": [ {"value": "http:\/\/cdn.worldweatheronline.net\/images\/wsymbols01_png_64\/wsymbol_0001_sunny.png" } ], "WindChillC": "18", "WindChillF": "64", "winddir16Point": "N", "winddirDegree": "355", "WindGustKmph": "16", "WindGustMiles": "10", "windspeedKmph": "13", "windspeedMiles": "8" }, {"cloudcover": "0", "DewPointC": "5", "DewPointF": "41", "FeelsLikeC": "11", "FeelsLikeF": "51", "HeatIndexC": "12", "HeatIndexF": "53", "humidity": "63", "precipMM": "0.0", "pressure": "1020", "tempC": "12", "tempF": "53", "time": "2000", "visibility": "10", "weatherCode": "113",  "weatherDesc": [ {"value": "Clear" } ],  "weatherIconUrl": [ {"value": "http:\/\/cdn.worldweatheronline.net\/images\/wsymbols01_png_64\/wsymbol_0008_clear_sky_night.png" } ], "WindChillC": "11", "WindChillF": "51", "winddir16Point": "NE", "winddirDegree": "54", "WindGustKmph": "21", "WindGustMiles": "13", "windspeedKmph": "10", "windspeedMiles": "6" }, {"cloudcover": "0", "DewPointC": "3", "DewPointF": "37", "FeelsLikeC": "11", "FeelsLikeF": "51", "HeatIndexC": "12", "HeatIndexF": "53", "humidity": "56", "precipMM": "0.0", "pressure": "1020", "tempC": "12", "tempF": "53", "time": "2300", "visibility": "10", "weatherCode": "113",  "weatherDesc": [ {"value": "Clear" } ],  "weatherIconUrl": [ {"value": "http:\/\/cdn.worldweatheronline.net\/images\/wsymbols01_png_64\/wsymbol_0008_clear_sky_night.png" } ], "WindChillC": "11", "WindChillF": "51", "winddir16Point": "NE", "winddirDegree": "56", "WindGustKmph": "17", "WindGustMiles": "10", "windspeedKmph": "8", "windspeedMiles": "5" } ], "maxtempC": "23", "maxtempF": "73", "mintempC": "11", "mintempF": "51" } ] }}