{ "data": { "request": [ {"query": "Lat 23.50 and Lon 120.42", "type": "LatLon" } ],  "weather": [ { "astronomy": [ {"moonrise": "06:09 AM", "moonset": "06:29 PM", "sunrise": "05:42 AM", "sunset": "06:11 PM" } ], "date": "2013-09-06",  "hourly": [ {"cloudcover": "21", "DewPointC": "21", "DewPointF": "70", "FeelsLikeC": "26", "FeelsLikeF": "80", "HeatIndexC": "26", "HeatIndexF": "80", "humidity": "84", "precipMM": "0.6", "pressure": "1013", "tempC": "24", "tempF": "76", "time": "200", "visibility": "9", "weatherCode": "176",  "weatherDesc": [ {"value": "Patchy rain nearby" } ],  "weatherIconUrl": [ {"value": "http:\/\/cdn.worldweatheronline.net\/images\/wsymbols01_png_64\/wsymbol_0025_light_rain_showers_night.png" } ], "WindChillC": "24", "WindChillF": "76", "winddir16Point": "NW", "winddirDegree": "317", "WindGustKmph": "6", "WindGustMiles": "4", "windspeedKmph": "3", "windspeedMiles": "2" }, {"cloudcover": "17", "DewPointC": "20", "DewPointF": "69", "FeelsLikeC": "25", "FeelsLikeF": "77", "HeatIndexC": "25", "HeatIndexF": "77", "humidity": "86", "precipMM": "0.0", "pressure": "1013", "tempC": "23", "tempF": "73", "time": "500", "visibility": "10", "weatherCode": "113",  "weatherDesc": [ {"value": "Clear" } ],  "weatherIconUrl": [ {"value": "http:\/\/cdn.worldweatheronline.net\/images\/wsymbols01_png_64\/wsymbol_0008_clear_sky_night.png" } ], "WindChillC": "23", "WindChillF": "73", "winddir16Point": "NNW", "winddirDegree": "331", "WindGustKmph": "5", "WindGustMiles": "3", "windspeedKmph": "2", "windspeedMiles": "1" }, {"cloudcover": "13", "DewPointC": "22", "DewPointF": "71", "FeelsLikeC": "30", "FeelsLikeF": "86", "HeatIndexC": "30", "HeatIndexF": "86", "humidity": "71", "precipMM": "0.0", "pressure": "1014", "tempC": "27", "tempF": "81", "time": "800", "visibility": "10", "weatherCode": "113",  "weatherDesc": [ {"value": "Sunny" } ],  "weatherIconUrl": [ {"value": "http:\/\/cdn.worldweatheronline.net\/images\/wsymbols01_png_64\/wsymbol_0001_sunny.png" } ], "WindChillC": "27", "WindChillF": "81", "winddir16Point": "NW", "winddirDegree": "318", "WindGustKmph": "6", "WindGustMiles": "4", "windspeedKmph": "5", "windspeedMiles": "3" }, {"cloudcover": "9", "DewPointC": "24", "DewPointF": "75", "FeelsLikeC": "39", "FeelsLikeF": "102", "HeatIndexC": "39", "HeatIndexF": "102", "humidity": "60", "precipMM": "0.0", "pressure": "1014", "tempC": "33", "tempF": "91", "time": "1100", "visibility": "10", "weatherCode": "113",  "weatherDesc": [ {"value": "Sunny" } ],  "weatherIconUrl": [ {"value": "http:\/\/cdn.worldweatheronline.net\/images\/wsymbols01_png_64\/wsymbol_0001_sunny.png" } ], "WindChillC": "33", "WindChillF": "91", "winddir16Point": "WNW", "winddirDegree": "296", "WindGustKmph": "13", "WindGustMiles": "8", "windspeedKmph": "11", "windspeedMiles": "7" }, {"cloudcover": "15", "DewPointC": "24", "DewPointF": "76", "FeelsLikeC": "40", "FeelsLikeF": "104", "HeatIndexC": "40", "HeatIndexF": "104", "humidity": "60", "precipMM": "0.1", "pressure": "1012", "tempC": "33", "tempF": "92", "time": "1400", "visibility": "10", "weatherCode": "113",  "weatherDesc": [ {"value": "Sunny" } ],  "weatherIconUrl": [ {"value": "http:\/\/cdn.worldweatheronline.net\/images\/wsymbols01_png_64\/wsymbol_0001_sunny.png" } ], "WindChillC": "33", "WindChillF": "92", "winddir16Point": "WNW", "winddirDegree": "296", "WindGustKmph": "15", "WindGustMiles": "10", "windspeedKmph": "13", "windspeedMiles": "8" }, {"cloudcover": "33", "DewPointC": "25", "DewPointF": "78", "FeelsLikeC": "39", "FeelsLikeF": "103", "HeatIndexC": "39", "HeatIndexF": "103", "humidity": "68", "precipMM": "0.3", "pressure": "1012", "tempC": "32", "tempF": "90", "time": "1700", "visibility": "9", "weatherCode": "176",  "weatherDesc": [ {"value": "Patchy rain nearby" } ],  "weatherIconUrl": [ {"value": "http:\/\/cdn.worldweatheronline.net\/images\/wsymbols01_png_64\/wsymbol_0009_light_rain_showers.png" } ], "WindChillC": "32", "WindChillF": "90", "winddir16Point": "NW", "winddirDegree": "307", "WindGustKmph": "14", "WindGustMiles": "9", "windspeedKmph": "12", "windspeedMiles": "8" }, {"cloudcover": "18", "DewPointC": "24", "DewPointF": "76", "FeelsLikeC": "32", "FeelsLikeF": "90", "HeatIndexC": "32", "HeatIndexF": "90", "humidity": "80", "precipMM": "1.0", "pressure": "1013", "tempC": "28", "tempF": "82", "time": "2000", "visibility": "9", "weatherCode": "176",  "weatherDesc": [ {"value": "Patchy rain nearby" } ],  "weatherIconUrl": [ {"value": "http:\/\/cdn.worldweatheronline.net\/images\/wsymbols01_png_64\/wsymbol_0025_light_rain_showers_night.png" } ], "WindChillC": "28", "WindChillF": "82", "winddir16Point": "NW", "winddirDegree": "307", "WindGustKmph": "8", "WindGustMiles": "5", "windspeedKmph": "6", "windspeedMiles": "4" }, {"cloudcover": "19", "DewPointC": "22", "DewPointF": "71", "FeelsLikeC": "28", "FeelsLikeF": "82", "HeatIndexC": "28", "HeatIndexF": "82", "humidity": "82", "precipMM": "1.5", "pressure": "1014", "tempC": "25", "tempF": "77", "time": "2300", "visibility": "9", "weatherCode": "176",  "weatherDesc": [ {"value": "Patchy rain nearby" } ],  "weatherIconUrl": [ {"value": "http:\/\/cdn.worldweatheronline.net\/images\/wsymbols01_png_64\/wsymbol_0025_light_rain_showers_night.png" } ], "WindChillC": "25", "WindChillF": "77", "winddir16Point": "WNW", "winddirDegree": "286", "WindGustKmph": "9", "WindGustMiles": "6", "windspeedKmph": "5", "windspeedMiles": "3" } ], "maxtempC": "33", "maxtempF": "92", "mintempC": "23", "mintempF": "73" } ] }}