{ "data": { "request": [ {"query": "Lat 23.50 and Lon 120.42", "type": "LatLon" } ],  "weather": [ { "astronomy": [ {"moonrise": "06:36 PM", "moonset": "07:23 AM", "sunrise": "06:15 AM", "sunset": "05:12 PM" } ], "date": "2013-11-19",  "hourly": [ {"cloudcover": "4", "DewPointC": "6", "DewPointF": "42", "FeelsLikeC": "13", "FeelsLikeF": "55", "HeatIndexC": "13", "HeatIndexF": "56", "humidity": "60", "precipMM": "0.0", "pressure": "1021", "tempC": "13", "tempF": "56", "time": "200", "visibility": "10", "weatherCode": "113",  "weatherDesc": [ {"value": "Clear" } ],  "weatherIconUrl": [ {"value": "http:\/\/cdn.worldweatheronline.net\/images\/wsymbols01_png_64\/wsymbol_0008_clear_sky_night.png" } ], "WindChillC": "13", "WindChillF": "55", "winddir16Point": "ENE", "winddirDegree": "78", "WindGustKmph": "19", "WindGustMiles": "12", "windspeedKmph": "9", "windspeedMiles": "6" }, {"cloudcover": "5", "DewPointC": "5", "DewPointF": "40", "FeelsLikeC": "12", "FeelsLikeF": "53", "HeatIndexC": "13", "HeatIndexF": "55", "humidity": "58", "precipMM": "0.0", "pressure": "1021", "tempC": "13", "tempF": "55", "time": "500", "visibility": "10", "weatherCode": "113",  "weatherDesc": [ {"value": "Clear" } ],  "weatherIconUrl": [ {"value": "http:\/\/cdn.worldweatheronline.net\/images\/wsymbols01_png_64\/wsymbol_0008_clear_sky_night.png" } ], "WindChillC": "12", "WindChillF": "53", "winddir16Point": "E", "winddirDegree": "80", "WindGustKmph": "21", "WindGustMiles": "13", "windspeedKmph": "10", "windspeedMiles": "6" }, {"cloudcover": "6", "DewPointC": "7", "DewPointF": "45", "FeelsLikeC": "18", "FeelsLikeF": "64", "HeatIndexC": "18", "HeatIndexF": "64", "humidity": "49", "precipMM": "0.0", "pressure": "1022", "tempC": "18", "tempF": "64", "time": "800", "visibility": "10", "weatherCode": "113",  "weatherDesc": [ {"value": "Sunny" } ],  "weatherIconUrl": [ {"value": "http:\/\/cdn.worldweatheronline.net\/images\/wsymbols01_png_64\/wsymbol_0001_sunny.png" } ], "WindChillC": "18", "WindChillF": "64", "winddir16Point": "ENE", "winddirDegree": "79", "WindGustKmph": "14", "WindGustMiles": "9", "windspeedKmph": "8", "windspeedMiles": "5" }, {"cloudcover": "3", "DewPointC": "5", "DewPointF": "41", "FeelsLikeC": "24", "FeelsLikeF": "76", "HeatIndexC": "24", "HeatIndexF": "76", "humidity": "29", "precipMM": "0.0", "pressure": "1022", "tempC": "24", "tempF": "76", "time": "1100", "visibility": "10", "weatherCode": "113",  "weatherDesc": [ {"value": "Sunny" } ],  "weatherIconUrl": [ {"value": "http:\/\/cdn.worldweatheronline.net\/images\/wsymbols01_png_64\/wsymbol_0001_sunny.png" } ], "WindChillC": "24", "WindChillF": "76", "winddir16Point": "NW", "winddirDegree": "322", "WindGustKmph": "12", "WindGustMiles": "7", "windspeedKmph": "10", "windspeedMiles": "6" }, {"cloudcover": "2", "DewPointC": "7", "DewPointF": "45", "FeelsLikeC": "25", "FeelsLikeF": "78", "HeatIndexC": "25", "HeatIndexF": "78", "humidity": "30", "precipMM": "0.0", "pressure": "1020", "tempC": "26", "tempF": "78", "time": "1400", "visibility": "10", "weatherCode": "113",  "weatherDesc": [ {"value": "Sunny" } ],  "weatherIconUrl": [ {"value": "http:\/\/cdn.worldweatheronline.net\/images\/wsymbols01_png_64\/wsymbol_0001_sunny.png" } ], "WindChillC": "26", "WindChillF": "78", "winddir16Point": "NW", "winddirDegree": "319", "WindGustKmph": "14", "WindGustMiles": "9", "windspeedKmph": "13", "windspeedMiles": "8" }, {"cloudcover": "2", "DewPointC": "11", "DewPointF": "51", "FeelsLikeC": "22", "FeelsLikeF": "71", "HeatIndexC": "24", "HeatIndexF": "76", "humidity": "50", "precipMM": "0.0", "pressure": "1020", "tempC": "22", "tempF": "71", "time": "1700", "visibility": "10", "weatherCode": "113",  "weatherDesc": [ {"value": "Sunny" } ],  "weatherIconUrl": [ {"value": "http:\/\/cdn.worldweatheronline.net\/images\/wsymbols01_png_64\/wsymbol_0001_sunny.png" } ], "WindChillC": "22", "WindChillF": "71", "winddir16Point": "NNW", "winddirDegree": "340", "WindGustKmph": "10", "WindGustMiles": "6", "windspeedKmph": "8", "windspeedMiles": "5" }, {"cloudcover": "2", "DewPointC": "6", "DewPointF": "44", "FeelsLikeC": "15", "FeelsLikeF": "60", "HeatIndexC": "15", "HeatIndexF": "60", "humidity": "55", "precipMM": "0.0", "pressure": "1021", "tempC": "15", "tempF": "60", "time": "2000", "visibility": "10", "weatherCode": "113",  "weatherDesc": [ {"value": "Clear" } ],  "weatherIconUrl": [ {"value": "http:\/\/cdn.worldweatheronline.net\/images\/wsymbols01_png_64\/wsymbol_0008_clear_sky_night.png" } ], "WindChillC": "15", "WindChillF": "60", "winddir16Point": "E", "winddirDegree": "86", "WindGustKmph": "16", "WindGustMiles": "10", "windspeedKmph": "8", "windspeedMiles": "5" }, {"cloudcover": "1", "DewPointC": "6", "DewPointF": "43", "FeelsLikeC": "14", "FeelsLikeF": "57", "HeatIndexC": "14", "HeatIndexF": "58", "humidity": "57", "precipMM": "0.0", "pressure": "1021", "tempC": "14", "tempF": "58", "time": "2300", "visibility": "10", "weatherCode": "113",  "weatherDesc": [ {"value": "Clear" } ],  "weatherIconUrl": [ {"value": "http:\/\/cdn.worldweatheronline.net\/images\/wsymbols01_png_64\/wsymbol_0008_clear_sky_night.png" } ], "WindChillC": "14", "WindChillF": "57", "winddir16Point": "E", "winddirDegree": "99", "WindGustKmph": "21", "WindGustMiles": "13", "windspeedKmph": "10", "windspeedMiles": "6" } ], "maxtempC": "26", "maxtempF": "78", "mintempC": "13", "mintempF": "55" } ] }}