{ "data": { "request": [ {"query": "Lat 23.50 and Lon 120.42", "type": "LatLon" } ],  "weather": [ { "astronomy": [ {"moonrise": "04:32 AM", "moonset": "04:21 PM", "sunrise": "06:04 AM", "sunset": "05:19 PM" } ], "date": "2013-11-02",  "hourly": [ {"cloudcover": "29", "DewPointC": "18", "DewPointF": "64", "FeelsLikeC": "22", "FeelsLikeF": "71", "HeatIndexC": "25", "HeatIndexF": "76", "humidity": "77", "precipMM": "0.0", "pressure": "1013", "tempC": "22", "tempF": "71", "time": "200", "visibility": "10", "weatherCode": "116",  "weatherDesc": [ {"value": "Partly Cloudy" } ],  "weatherIconUrl": [ {"value": "http:\/\/cdn.worldweatheronline.net\/images\/wsymbols01_png_64\/wsymbol_0004_black_low_cloud.png" } ], "WindChillC": "22", "WindChillF": "71", "winddir16Point": "NE", "winddirDegree": "40", "WindGustKmph": "14", "WindGustMiles": "9", "windspeedKmph": "6", "windspeedMiles": "4" }, {"cloudcover": "27", "DewPointC": "17", "DewPointF": "63", "FeelsLikeC": "21", "FeelsLikeF": "70", "HeatIndexC": "24", "HeatIndexF": "76", "humidity": "78", "precipMM": "0.0", "pressure": "1014", "tempC": "21", "tempF": "70", "time": "500", "visibility": "10", "weatherCode": "116",  "weatherDesc": [ {"value": "Partly Cloudy" } ],  "weatherIconUrl": [ {"value": "http:\/\/cdn.worldweatheronline.net\/images\/wsymbols01_png_64\/wsymbol_0004_black_low_cloud.png" } ], "WindChillC": "21", "WindChillF": "70", "winddir16Point": "NNE", "winddirDegree": "33", "WindGustKmph": "14", "WindGustMiles": "9", "windspeedKmph": "7", "windspeedMiles": "4" }, {"cloudcover": "21", "DewPointC": "20", "DewPointF": "68", "FeelsLikeC": "29", "FeelsLikeF": "83", "HeatIndexC": "29", "HeatIndexF": "83", "humidity": "66", "precipMM": "0.0", "pressure": "1014", "tempC": "27", "tempF": "80", "time": "800", "visibility": "10", "weatherCode": "113",  "weatherDesc": [ {"value": "Sunny" } ],  "weatherIconUrl": [ {"value": "http:\/\/cdn.worldweatheronline.net\/images\/wsymbols01_png_64\/wsymbol_0001_sunny.png" } ], "WindChillC": "27", "WindChillF": "80", "winddir16Point": "NNE", "winddirDegree": "25", "WindGustKmph": "8", "WindGustMiles": "5", "windspeedKmph": "7", "windspeedMiles": "4" }, {"cloudcover": "17", "DewPointC": "23", "DewPointF": "73", "FeelsLikeC": "38", "FeelsLikeF": "100", "HeatIndexC": "38", "HeatIndexF": "100", "humidity": "56", "precipMM": "0.0", "pressure": "1014", "tempC": "33", "tempF": "91", "time": "1100", "visibility": "10", "weatherCode": "113",  "weatherDesc": [ {"value": "Sunny" } ],  "weatherIconUrl": [ {"value": "http:\/\/cdn.worldweatheronline.net\/images\/wsymbols01_png_64\/wsymbol_0001_sunny.png" } ], "WindChillC": "33", "WindChillF": "91", "winddir16Point": "NW", "winddirDegree": "316", "WindGustKmph": "14", "WindGustMiles": "9", "windspeedKmph": "13", "windspeedMiles": "8" }, {"cloudcover": "38", "DewPointC": "24", "DewPointF": "74", "FeelsLikeC": "38", "FeelsLikeF": "100", "HeatIndexC": "38", "HeatIndexF": "100", "humidity": "61", "precipMM": "1.1", "pressure": "1013", "tempC": "32", "tempF": "90", "time": "1400", "visibility": "10", "weatherCode": "353",  "weatherDesc": [ {"value": "Light rain shower" } ],  "weatherIconUrl": [ {"value": "http:\/\/cdn.worldweatheronline.net\/images\/wsymbols01_png_64\/wsymbol_0009_light_rain_showers.png" } ], "WindChillC": "32", "WindChillF": "90", "winddir16Point": "NNW", "winddirDegree": "327", "WindGustKmph": "21", "WindGustMiles": "13", "windspeedKmph": "16", "windspeedMiles": "10" }, {"cloudcover": "39", "DewPointC": "24", "DewPointF": "75", "FeelsLikeC": "33", "FeelsLikeF": "91", "HeatIndexC": "33", "HeatIndexF": "91", "humidity": "75", "precipMM": "2.0", "pressure": "1013", "tempC": "29", "tempF": "84", "time": "1700", "visibility": "10", "weatherCode": "353",  "weatherDesc": [ {"value": "Light rain shower" } ],  "weatherIconUrl": [ {"value": "http:\/\/cdn.worldweatheronline.net\/images\/wsymbols01_png_64\/wsymbol_0009_light_rain_showers.png" } ], "WindChillC": "29", "WindChillF": "84", "winddir16Point": "NNW", "winddirDegree": "337", "WindGustKmph": "21", "WindGustMiles": "13", "windspeedKmph": "15", "windspeedMiles": "9" }, {"cloudcover": "26", "DewPointC": "21", "DewPointF": "70", "FeelsLikeC": "27", "FeelsLikeF": "80", "HeatIndexC": "27", "HeatIndexF": "80", "humidity": "80", "precipMM": "1.1", "pressure": "1015", "tempC": "25", "tempF": "77", "time": "2000", "visibility": "9", "weatherCode": "176",  "weatherDesc": [ {"value": "Patchy rain nearby" } ],  "weatherIconUrl": [ {"value": "http:\/\/cdn.worldweatheronline.net\/images\/wsymbols01_png_64\/wsymbol_0025_light_rain_showers_night.png" } ], "WindChillC": "25", "WindChillF": "77", "winddir16Point": "N", "winddirDegree": "9", "WindGustKmph": "17", "WindGustMiles": "11", "windspeedKmph": "10", "windspeedMiles": "6" }, {"cloudcover": "19", "DewPointC": "20", "DewPointF": "68", "FeelsLikeC": "26", "FeelsLikeF": "78", "HeatIndexC": "26", "HeatIndexF": "78", "humidity": "81", "precipMM": "0.0", "pressure": "1015", "tempC": "24", "tempF": "74", "time": "2300", "visibility": "10", "weatherCode": "113",  "weatherDesc": [ {"value": "Clear" } ],  "weatherIconUrl": [ {"value": "http:\/\/cdn.worldweatheronline.net\/images\/wsymbols01_png_64\/wsymbol_0008_clear_sky_night.png" } ], "WindChillC": "24", "WindChillF": "74", "winddir16Point": "NNE", "winddirDegree": "30", "WindGustKmph": "13", "WindGustMiles": "8", "windspeedKmph": "6", "windspeedMiles": "4" } ], "maxtempC": "33", "maxtempF": "91", "mintempC": "21", "mintempF": "70" } ] }}