{ "data": { "request": [ {"query": "Lat 23.50 and Lon 120.42", "type": "LatLon" } ],  "weather": [ { "astronomy": [ {"moonrise": "02:15 AM", "moonset": "03:52 PM", "sunrise": "05:29 AM", "sunset": "06:39 PM" } ], "date": "2013-08-03",  "hourly": [ {"cloudcover": "9", "DewPointC": "23", "DewPointF": "74", "FeelsLikeC": "30", "FeelsLikeF": "86", "HeatIndexC": "30", "HeatIndexF": "86", "humidity": "81", "precipMM": "0.1", "pressure": "1012", "tempC": "27", "tempF": "80", "time": "200", "visibility": "10", "weatherCode": "113",  "weatherDesc": [ {"value": "Clear" } ],  "weatherIconUrl": [ {"value": "http:\/\/cdn.worldweatheronline.net\/images\/wsymbols01_png_64\/wsymbol_0008_clear_sky_night.png" } ], "WindChillC": "27", "WindChillF": "80", "winddir16Point": "NE", "winddirDegree": "42", "WindGustKmph": "2", "WindGustMiles": "1", "windspeedKmph": "1", "windspeedMiles": "1" }, {"cloudcover": "8", "DewPointC": "21", "DewPointF": "69", "FeelsLikeC": "26", "FeelsLikeF": "79", "HeatIndexC": "26", "HeatIndexF": "79", "humidity": "81", "precipMM": "0.0", "pressure": "1012", "tempC": "24", "tempF": "75", "time": "500", "visibility": "10", "weatherCode": "113",  "weatherDesc": [ {"value": "Clear" } ],  "weatherIconUrl": [ {"value": "http:\/\/cdn.worldweatheronline.net\/images\/wsymbols01_png_64\/wsymbol_0008_clear_sky_night.png" } ], "WindChillC": "24", "WindChillF": "75", "winddir16Point": "ENE", "winddirDegree": "65", "WindGustKmph": "5", "WindGustMiles": "3", "windspeedKmph": "3", "windspeedMiles": "2" }, {"cloudcover": "8", "DewPointC": "23", "DewPointF": "73", "FeelsLikeC": "34", "FeelsLikeF": "93", "HeatIndexC": "34", "HeatIndexF": "93", "humidity": "64", "precipMM": "0.1", "pressure": "1012", "tempC": "28", "tempF": "82", "time": "800", "visibility": "10", "weatherCode": "113",  "weatherDesc": [ {"value": "Sunny" } ],  "weatherIconUrl": [ {"value": "http:\/\/cdn.worldweatheronline.net\/images\/wsymbols01_png_64\/wsymbol_0001_sunny.png" } ], "WindChillC": "30", "WindChillF": "86", "winddir16Point": "NW", "winddirDegree": "307", "WindGustKmph": "8", "WindGustMiles": "5", "windspeedKmph": "7", "windspeedMiles": "4" }, {"cloudcover": "7", "DewPointC": "25", "DewPointF": "78", "FeelsLikeC": "44", "FeelsLikeF": "112", "HeatIndexC": "44", "HeatIndexF": "112", "humidity": "57", "precipMM": "0.1", "pressure": "1013", "tempC": "34", "tempF": "92", "time": "1100", "visibility": "10", "weatherCode": "113",  "weatherDesc": [ {"value": "Sunny" } ],  "weatherIconUrl": [ {"value": "http:\/\/cdn.worldweatheronline.net\/images\/wsymbols01_png_64\/wsymbol_0001_sunny.png" } ], "WindChillC": "35", "WindChillF": "95", "winddir16Point": "WNW", "winddirDegree": "303", "WindGustKmph": "14", "WindGustMiles": "9", "windspeedKmph": "12", "windspeedMiles": "8" }, {"cloudcover": "25", "DewPointC": "26", "DewPointF": "79", "FeelsLikeC": "46", "FeelsLikeF": "114", "HeatIndexC": "46", "HeatIndexF": "114", "humidity": "57", "precipMM": "1.2", "pressure": "1012", "tempC": "34", "tempF": "93", "time": "1400", "visibility": "9", "weatherCode": "176",  "weatherDesc": [ {"value": "Patchy rain nearby" } ],  "weatherIconUrl": [ {"value": "http:\/\/cdn.worldweatheronline.net\/images\/wsymbols01_png_64\/wsymbol_0009_light_rain_showers.png" } ], "WindChillC": "36", "WindChillF": "96", "winddir16Point": "WNW", "winddirDegree": "303", "WindGustKmph": "23", "WindGustMiles": "14", "windspeedKmph": "17", "windspeedMiles": "11" }, {"cloudcover": "50", "DewPointC": "26", "DewPointF": "79", "FeelsLikeC": "42", "FeelsLikeF": "107", "HeatIndexC": "42", "HeatIndexF": "107", "humidity": "67", "precipMM": "3.3", "pressure": "1011", "tempC": "31", "tempF": "88", "time": "1700", "visibility": "7", "weatherCode": "356",  "weatherDesc": [ {"value": "Moderate or heavy rain shower" } ],  "weatherIconUrl": [ {"value": "http:\/\/cdn.worldweatheronline.net\/images\/wsymbols01_png_64\/wsymbol_0010_heavy_rain_showers.png" } ], "WindChillC": "33", "WindChillF": "91", "winddir16Point": "NW", "winddirDegree": "304", "WindGustKmph": "26", "WindGustMiles": "16", "windspeedKmph": "15", "windspeedMiles": "10" }, {"cloudcover": "45", "DewPointC": "24", "DewPointF": "74", "FeelsLikeC": "32", "FeelsLikeF": "89", "HeatIndexC": "32", "HeatIndexF": "89", "humidity": "77", "precipMM": "0.8", "pressure": "1013", "tempC": "28", "tempF": "82", "time": "2000", "visibility": "10", "weatherCode": "353",  "weatherDesc": [ {"value": "Light rain shower" } ],  "weatherIconUrl": [ {"value": "http:\/\/cdn.worldweatheronline.net\/images\/wsymbols01_png_64\/wsymbol_0025_light_rain_showers_night.png" } ], "WindChillC": "28", "WindChillF": "82", "winddir16Point": "NW", "winddirDegree": "317", "WindGustKmph": "14", "WindGustMiles": "9", "windspeedKmph": "10", "windspeedMiles": "6" }, {"cloudcover": "9", "DewPointC": "24", "DewPointF": "75", "FeelsLikeC": "31", "FeelsLikeF": "88", "HeatIndexC": "31", "HeatIndexF": "88", "humidity": "81", "precipMM": "0.5", "pressure": "1014", "tempC": "27", "tempF": "81", "time": "2300", "visibility": "10", "weatherCode": "113",  "weatherDesc": [ {"value": "Clear" } ],  "weatherIconUrl": [ {"value": "http:\/\/cdn.worldweatheronline.net\/images\/wsymbols01_png_64\/wsymbol_0008_clear_sky_night.png" } ], "WindChillC": "27", "WindChillF": "81", "winddir16Point": "NW", "winddirDegree": "318", "WindGustKmph": "9", "WindGustMiles": "6", "windspeedKmph": "6", "windspeedMiles": "4" } ], "maxtempC": "34", "maxtempF": "93", "mintempC": "24", "mintempF": "75" } ] }}