{ "data": { "request": [ {"query": "Lat 23.50 and Lon 120.42", "type": "LatLon" } ],  "weather": [ { "astronomy": [ {"moonrise": "08:54 AM", "moonset": "09:58 PM", "sunrise": "05:11 AM", "sunset": "06:45 PM" } ], "date": "2013-06-13",  "hourly": [ {"cloudcover": "25", "DewPointC": "20", "DewPointF": "69", "FeelsLikeC": "26", "FeelsLikeF": "79", "HeatIndexC": "26", "HeatIndexF": "79", "humidity": "79", "precipMM": "0.2", "pressure": "1006", "tempC": "24", "tempF": "76", "time": "200", "visibility": "9", "weatherCode": "176",  "weatherDesc": [ {"value": "Patchy rain nearby" } ],  "weatherIconUrl": [ {"value": "http:\/\/cdn.worldweatheronline.net\/images\/wsymbols01_png_64\/wsymbol_0025_light_rain_showers_night.png" } ], "WindChillC": "24", "WindChillF": "76", "winddir16Point": "N", "winddirDegree": "4", "WindGustKmph": "10", "WindGustMiles": "6", "windspeedKmph": "5", "windspeedMiles": "3" }, {"cloudcover": "40", "DewPointC": "21", "DewPointF": "69", "FeelsLikeC": "26", "FeelsLikeF": "80", "HeatIndexC": "26", "HeatIndexF": "80", "humidity": "80", "precipMM": "0.0", "pressure": "1006", "tempC": "24", "tempF": "76", "time": "500", "visibility": "10", "weatherCode": "116",  "weatherDesc": [ {"value": "Partly Cloudy" } ],  "weatherIconUrl": [ {"value": "http:\/\/cdn.worldweatheronline.net\/images\/wsymbols01_png_64\/wsymbol_0004_black_low_cloud.png" } ], "WindChillC": "24", "WindChillF": "76", "winddir16Point": "NNE", "winddirDegree": "19", "WindGustKmph": "12", "WindGustMiles": "7", "windspeedKmph": "6", "windspeedMiles": "4" }, {"cloudcover": "38", "DewPointC": "23", "DewPointF": "73", "FeelsLikeC": "32", "FeelsLikeF": "90", "HeatIndexC": "32", "HeatIndexF": "90", "humidity": "68", "precipMM": "0.2", "pressure": "1006", "tempC": "27", "tempF": "80", "time": "800", "visibility": "5", "weatherCode": "263",  "weatherDesc": [ {"value": "Patchy light drizzle" } ],  "weatherIconUrl": [ {"value": "http:\/\/cdn.worldweatheronline.net\/images\/wsymbols01_png_64\/wsymbol_0009_light_rain_showers.png" } ], "WindChillC": "29", "WindChillF": "84", "winddir16Point": "NNE", "winddirDegree": "19", "WindGustKmph": "10", "WindGustMiles": "6", "windspeedKmph": "9", "windspeedMiles": "5" }, {"cloudcover": "46", "DewPointC": "24", "DewPointF": "76", "FeelsLikeC": "40", "FeelsLikeF": "104", "HeatIndexC": "40", "HeatIndexF": "104", "humidity": "60", "precipMM": "0.9", "pressure": "1007", "tempC": "31", "tempF": "88", "time": "1100", "visibility": "9", "weatherCode": "293",  "weatherDesc": [ {"value": "Patchy light rain" } ],  "weatherIconUrl": [ {"value": "http:\/\/cdn.worldweatheronline.net\/images\/wsymbols01_png_64\/wsymbol_0017_cloudy_with_light_rain.png" } ], "WindChillC": "33", "WindChillF": "92", "winddir16Point": "NNW", "winddirDegree": "337", "WindGustKmph": "7", "WindGustMiles": "4", "windspeedKmph": "6", "windspeedMiles": "4" }, {"cloudcover": "41", "DewPointC": "26", "DewPointF": "78", "FeelsLikeC": "40", "FeelsLikeF": "104", "HeatIndexC": "40", "HeatIndexF": "104", "humidity": "68", "precipMM": "1.3", "pressure": "1006", "tempC": "30", "tempF": "86", "time": "1400", "visibility": "9", "weatherCode": "293",  "weatherDesc": [ {"value": "Patchy light rain" } ],  "weatherIconUrl": [ {"value": "http:\/\/cdn.worldweatheronline.net\/images\/wsymbols01_png_64\/wsymbol_0017_cloudy_with_light_rain.png" } ], "WindChillC": "32", "WindChillF": "90", "winddir16Point": "NNW", "winddirDegree": "329", "WindGustKmph": "12", "WindGustMiles": "7", "windspeedKmph": "10", "windspeedMiles": "6" }, {"cloudcover": "53", "DewPointC": "26", "DewPointF": "80", "FeelsLikeC": "40", "FeelsLikeF": "103", "HeatIndexC": "40", "HeatIndexF": "103", "humidity": "75", "precipMM": "1.1", "pressure": "1005", "tempC": "29", "tempF": "84", "time": "1700", "visibility": "9", "weatherCode": "293",  "weatherDesc": [ {"value": "Patchy light rain" } ],  "weatherIconUrl": [ {"value": "http:\/\/cdn.worldweatheronline.net\/images\/wsymbols01_png_64\/wsymbol_0017_cloudy_with_light_rain.png" } ], "WindChillC": "31", "WindChillF": "88", "winddir16Point": "NNW", "winddirDegree": "348", "WindGustKmph": "14", "WindGustMiles": "9", "windspeedKmph": "13", "windspeedMiles": "8" }, {"cloudcover": "28", "DewPointC": "24", "DewPointF": "75", "FeelsLikeC": "32", "FeelsLikeF": "89", "HeatIndexC": "32", "HeatIndexF": "89", "humidity": "77", "precipMM": "0.5", "pressure": "1006", "tempC": "28", "tempF": "82", "time": "2000", "visibility": "9", "weatherCode": "176",  "weatherDesc": [ {"value": "Patchy rain nearby" } ],  "weatherIconUrl": [ {"value": "http:\/\/cdn.worldweatheronline.net\/images\/wsymbols01_png_64\/wsymbol_0025_light_rain_showers_night.png" } ], "WindChillC": "28", "WindChillF": "82", "winddir16Point": "NNE", "winddirDegree": "31", "WindGustKmph": "13", "WindGustMiles": "8", "windspeedKmph": "9", "windspeedMiles": "6" }, {"cloudcover": "20", "DewPointC": "21", "DewPointF": "70", "FeelsLikeC": "27", "FeelsLikeF": "81", "HeatIndexC": "27", "HeatIndexF": "81", "humidity": "77", "precipMM": "0.4", "pressure": "1007", "tempC": "25", "tempF": "77", "time": "2300", "visibility": "9", "weatherCode": "176",  "weatherDesc": [ {"value": "Patchy rain nearby" } ],  "weatherIconUrl": [ {"value": "http:\/\/cdn.worldweatheronline.net\/images\/wsymbols01_png_64\/wsymbol_0025_light_rain_showers_night.png" } ], "WindChillC": "25", "WindChillF": "77", "winddir16Point": "ENE", "winddirDegree": "70", "WindGustKmph": "12", "WindGustMiles": "8", "windspeedKmph": "6", "windspeedMiles": "4" } ], "maxtempC": "31", "maxtempF": "88", "mintempC": "24", "mintempF": "76" } ] }}