{ "data": { "request": [ {"query": "Lat 23.50 and Lon 120.42", "type": "LatLon" } ],  "weather": [ { "astronomy": [ {"moonrise": "11:54 AM", "moonset": "11:08 PM", "sunrise": "05:44 AM", "sunset": "06:05 PM" } ], "date": "2013-09-12",  "hourly": [ {"cloudcover": "9", "DewPointC": "22", "DewPointF": "72", "FeelsLikeC": "29", "FeelsLikeF": "84", "HeatIndexC": "29", "HeatIndexF": "84", "humidity": "80", "precipMM": "0.3", "pressure": "1011", "tempC": "26", "tempF": "79", "time": "200", "visibility": "10", "weatherCode": "113",  "weatherDesc": [ {"value": "Clear" } ],  "weatherIconUrl": [ {"value": "http:\/\/cdn.worldweatheronline.net\/images\/wsymbols01_png_64\/wsymbol_0008_clear_sky_night.png" } ], "WindChillC": "26", "WindChillF": "79", "winddir16Point": "S", "winddirDegree": "180", "WindGustKmph": "9", "WindGustMiles": "6", "windspeedKmph": "5", "windspeedMiles": "3" }, {"cloudcover": "9", "DewPointC": "22", "DewPointF": "71", "FeelsLikeC": "28", "FeelsLikeF": "82", "HeatIndexC": "28", "HeatIndexF": "82", "humidity": "79", "precipMM": "0.0", "pressure": "1011", "tempC": "26", "tempF": "78", "time": "500", "visibility": "10", "weatherCode": "113",  "weatherDesc": [ {"value": "Clear" } ],  "weatherIconUrl": [ {"value": "http:\/\/cdn.worldweatheronline.net\/images\/wsymbols01_png_64\/wsymbol_0008_clear_sky_night.png" } ], "WindChillC": "26", "WindChillF": "78", "winddir16Point": "SSE", "winddirDegree": "156", "WindGustKmph": "12", "WindGustMiles": "7", "windspeedKmph": "6", "windspeedMiles": "4" }, {"cloudcover": "11", "DewPointC": "23", "DewPointF": "73", "FeelsLikeC": "33", "FeelsLikeF": "92", "HeatIndexC": "33", "HeatIndexF": "92", "humidity": "67", "precipMM": "0.1", "pressure": "1012", "tempC": "30", "tempF": "85", "time": "800", "visibility": "10", "weatherCode": "113",  "weatherDesc": [ {"value": "Sunny" } ],  "weatherIconUrl": [ {"value": "http:\/\/cdn.worldweatheronline.net\/images\/wsymbols01_png_64\/wsymbol_0001_sunny.png" } ], "WindChillC": "30", "WindChillF": "85", "winddir16Point": "SSW", "winddirDegree": "209", "WindGustKmph": "8", "WindGustMiles": "5", "windspeedKmph": "7", "windspeedMiles": "4" }, {"cloudcover": "16", "DewPointC": "26", "DewPointF": "78", "FeelsLikeC": "43", "FeelsLikeF": "109", "HeatIndexC": "43", "HeatIndexF": "109", "humidity": "62", "precipMM": "0.4", "pressure": "1012", "tempC": "34", "tempF": "93", "time": "1100", "visibility": "9", "weatherCode": "176",  "weatherDesc": [ {"value": "Patchy rain nearby" } ],  "weatherIconUrl": [ {"value": "http:\/\/cdn.worldweatheronline.net\/images\/wsymbols01_png_64\/wsymbol_0009_light_rain_showers.png" } ], "WindChillC": "34", "WindChillF": "93", "winddir16Point": "WSW", "winddirDegree": "258", "WindGustKmph": "17", "WindGustMiles": "11", "windspeedKmph": "14", "windspeedMiles": "9" }, {"cloudcover": "24", "DewPointC": "26", "DewPointF": "79", "FeelsLikeC": "41", "FeelsLikeF": "106", "HeatIndexC": "41", "HeatIndexF": "106", "humidity": "68", "precipMM": "7.3", "pressure": "1010", "tempC": "33", "tempF": "91", "time": "1400", "visibility": "7", "weatherCode": "356",  "weatherDesc": [ {"value": "Moderate or heavy rain shower" } ],  "weatherIconUrl": [ {"value": "http:\/\/cdn.worldweatheronline.net\/images\/wsymbols01_png_64\/wsymbol_0010_heavy_rain_showers.png" } ], "WindChillC": "33", "WindChillF": "91", "winddir16Point": "W", "winddirDegree": "275", "WindGustKmph": "28", "WindGustMiles": "17", "windspeedKmph": "14", "windspeedMiles": "9" }, {"cloudcover": "42", "DewPointC": "27", "DewPointF": "80", "FeelsLikeC": "42", "FeelsLikeF": "107", "HeatIndexC": "42", "HeatIndexF": "107", "humidity": "73", "precipMM": "4.0", "pressure": "1010", "tempC": "32", "tempF": "90", "time": "1700", "visibility": "7", "weatherCode": "356",  "weatherDesc": [ {"value": "Moderate or heavy rain shower" } ],  "weatherIconUrl": [ {"value": "http:\/\/cdn.worldweatheronline.net\/images\/wsymbols01_png_64\/wsymbol_0010_heavy_rain_showers.png" } ], "WindChillC": "32", "WindChillF": "90", "winddir16Point": "WNW", "winddirDegree": "288", "WindGustKmph": "15", "WindGustMiles": "10", "windspeedKmph": "9", "windspeedMiles": "6" }, {"cloudcover": "46", "DewPointC": "24", "DewPointF": "75", "FeelsLikeC": "32", "FeelsLikeF": "89", "HeatIndexC": "32", "HeatIndexF": "89", "humidity": "81", "precipMM": "0.7", "pressure": "1011", "tempC": "28", "tempF": "82", "time": "2000", "visibility": "9", "weatherCode": "176",  "weatherDesc": [ {"value": "Patchy rain nearby" } ],  "weatherIconUrl": [ {"value": "http:\/\/cdn.worldweatheronline.net\/images\/wsymbols01_png_64\/wsymbol_0025_light_rain_showers_night.png" } ], "WindChillC": "28", "WindChillF": "82", "winddir16Point": "W", "winddirDegree": "272", "WindGustKmph": "9", "WindGustMiles": "5", "windspeedKmph": "6", "windspeedMiles": "4" }, {"cloudcover": "45", "DewPointC": "24", "DewPointF": "74", "FeelsLikeC": "30", "FeelsLikeF": "86", "HeatIndexC": "30", "HeatIndexF": "86", "humidity": "83", "precipMM": "0.4", "pressure": "1012", "tempC": "27", "tempF": "80", "time": "2300", "visibility": "5", "weatherCode": "263",  "weatherDesc": [ {"value": "Patchy light drizzle" } ],  "weatherIconUrl": [ {"value": "http:\/\/cdn.worldweatheronline.net\/images\/wsymbols01_png_64\/wsymbol_0025_light_rain_showers_night.png" } ], "WindChillC": "27", "WindChillF": "80", "winddir16Point": "WNW", "winddirDegree": "283", "WindGustKmph": "4", "WindGustMiles": "2", "windspeedKmph": "3", "windspeedMiles": "2" } ], "maxtempC": "34", "maxtempF": "93", "mintempC": "26", "mintempF": "78" } ] }}