{ "data": { "request": [ {"query": "Lat 23.50 and Lon 120.42", "type": "LatLon" } ],  "weather": [ { "astronomy": [ {"moonrise": "09:59 PM", "moonset": "09:06 AM", "sunrise": "05:14 AM", "sunset": "06:49 PM" } ], "date": "2013-06-27",  "hourly": [ {"cloudcover": "6", "DewPointC": "18", "DewPointF": "64", "FeelsLikeC": "25", "FeelsLikeF": "77", "HeatIndexC": "25", "HeatIndexF": "77", "humidity": "74", "precipMM": "0.0", "pressure": "1007", "tempC": "23", "tempF": "73", "time": "200", "visibility": "10", "weatherCode": "113",  "weatherDesc": [ {"value": "Clear" } ],  "weatherIconUrl": [ {"value": "http:\/\/cdn.worldweatheronline.net\/images\/wsymbols01_png_64\/wsymbol_0008_clear_sky_night.png" } ], "WindChillC": "23", "WindChillF": "73", "winddir16Point": "SSE", "winddirDegree": "157", "WindGustKmph": "28", "WindGustMiles": "17", "windspeedKmph": "13", "windspeedMiles": "8" }, {"cloudcover": "7", "DewPointC": "18", "DewPointF": "64", "FeelsLikeC": "25", "FeelsLikeF": "76", "HeatIndexC": "25", "HeatIndexF": "76", "humidity": "76", "precipMM": "0.0", "pressure": "1006", "tempC": "22", "tempF": "72", "time": "500", "visibility": "10", "weatherCode": "113",  "weatherDesc": [ {"value": "Clear" } ],  "weatherIconUrl": [ {"value": "http:\/\/cdn.worldweatheronline.net\/images\/wsymbols01_png_64\/wsymbol_0008_clear_sky_night.png" } ], "WindChillC": "22", "WindChillF": "72", "winddir16Point": "SSE", "winddirDegree": "147", "WindGustKmph": "28", "WindGustMiles": "17", "windspeedKmph": "13", "windspeedMiles": "8" }, {"cloudcover": "9", "DewPointC": "22", "DewPointF": "71", "FeelsLikeC": "30", "FeelsLikeF": "87", "HeatIndexC": "30", "HeatIndexF": "87", "humidity": "71", "precipMM": "0.0", "pressure": "1006", "tempC": "26", "tempF": "78", "time": "800", "visibility": "10", "weatherCode": "113",  "weatherDesc": [ {"value": "Sunny" } ],  "weatherIconUrl": [ {"value": "http:\/\/cdn.worldweatheronline.net\/images\/wsymbols01_png_64\/wsymbol_0001_sunny.png" } ], "WindChillC": "28", "WindChillF": "82", "winddir16Point": "S", "winddirDegree": "184", "WindGustKmph": "17", "WindGustMiles": "11", "windspeedKmph": "15", "windspeedMiles": "9" }, {"cloudcover": "12", "DewPointC": "26", "DewPointF": "79", "FeelsLikeC": "43", "FeelsLikeF": "109", "HeatIndexC": "43", "HeatIndexF": "109", "humidity": "66", "precipMM": "0.0", "pressure": "1007", "tempC": "32", "tempF": "89", "time": "1100", "visibility": "10", "weatherCode": "113",  "weatherDesc": [ {"value": "Sunny" } ],  "weatherIconUrl": [ {"value": "http:\/\/cdn.worldweatheronline.net\/images\/wsymbols01_png_64\/wsymbol_0001_sunny.png" } ], "WindChillC": "33", "WindChillF": "92", "winddir16Point": "SW", "winddirDegree": "216", "WindGustKmph": "21", "WindGustMiles": "13", "windspeedKmph": "18", "windspeedMiles": "11" }, {"cloudcover": "6", "DewPointC": "25", "DewPointF": "78", "FeelsLikeC": "43", "FeelsLikeF": "109", "HeatIndexC": "43", "HeatIndexF": "109", "humidity": "61", "precipMM": "0.1", "pressure": "1005", "tempC": "33", "tempF": "91", "time": "1400", "visibility": "10", "weatherCode": "113",  "weatherDesc": [ {"value": "Sunny" } ],  "weatherIconUrl": [ {"value": "http:\/\/cdn.worldweatheronline.net\/images\/wsymbols01_png_64\/wsymbol_0001_sunny.png" } ], "WindChillC": "34", "WindChillF": "93", "winddir16Point": "SW", "winddirDegree": "219", "WindGustKmph": "20", "WindGustMiles": "13", "windspeedKmph": "18", "windspeedMiles": "11" }, {"cloudcover": "3", "DewPointC": "25", "DewPointF": "76", "FeelsLikeC": "39", "FeelsLikeF": "102", "HeatIndexC": "39", "HeatIndexF": "102", "humidity": "64", "precipMM": "0.0", "pressure": "1005", "tempC": "31", "tempF": "88", "time": "1700", "visibility": "10", "weatherCode": "113",  "weatherDesc": [ {"value": "Sunny" } ],  "weatherIconUrl": [ {"value": "http:\/\/cdn.worldweatheronline.net\/images\/wsymbols01_png_64\/wsymbol_0001_sunny.png" } ], "WindChillC": "32", "WindChillF": "90", "winddir16Point": "SSW", "winddirDegree": "208", "WindGustKmph": "17", "WindGustMiles": "10", "windspeedKmph": "14", "windspeedMiles": "9" }, {"cloudcover": "3", "DewPointC": "21", "DewPointF": "70", "FeelsLikeC": "29", "FeelsLikeF": "83", "HeatIndexC": "29", "HeatIndexF": "83", "humidity": "73", "precipMM": "0.0", "pressure": "1006", "tempC": "26", "tempF": "80", "time": "2000", "visibility": "10", "weatherCode": "113",  "weatherDesc": [ {"value": "Clear" } ],  "weatherIconUrl": [ {"value": "http:\/\/cdn.worldweatheronline.net\/images\/wsymbols01_png_64\/wsymbol_0008_clear_sky_night.png" } ], "WindChillC": "26", "WindChillF": "80", "winddir16Point": "SSE", "winddirDegree": "153", "WindGustKmph": "21", "WindGustMiles": "13", "windspeedKmph": "13", "windspeedMiles": "8" }, {"cloudcover": "2", "DewPointC": "17", "DewPointF": "63", "FeelsLikeC": "26", "FeelsLikeF": "79", "HeatIndexC": "26", "HeatIndexF": "79", "humidity": "64", "precipMM": "0.0", "pressure": "1007", "tempC": "25", "tempF": "76", "time": "2300", "visibility": "10", "weatherCode": "113",  "weatherDesc": [ {"value": "Clear" } ],  "weatherIconUrl": [ {"value": "http:\/\/cdn.worldweatheronline.net\/images\/wsymbols01_png_64\/wsymbol_0008_clear_sky_night.png" } ], "WindChillC": "25", "WindChillF": "76", "winddir16Point": "SE", "winddirDegree": "142", "WindGustKmph": "26", "WindGustMiles": "16", "windspeedKmph": "13", "windspeedMiles": "8" } ], "maxtempC": "33", "maxtempF": "91", "mintempC": "22", "mintempF": "72" } ] }}