{ "data": { "request": [ {"query": "Lat 23.50 and Lon 120.42", "type": "LatLon" } ],  "weather": [ { "astronomy": [ {"moonrise": "12:44 PM", "moonset": "12:36 AM", "sunrise": "05:15 AM", "sunset": "06:35 PM" } ], "date": "2013-05-19",  "hourly": [ {"cloudcover": "39", "DewPointC": "19", "DewPointF": "66", "FeelsLikeC": "25", "FeelsLikeF": "77", "HeatIndexC": "25", "HeatIndexF": "77", "humidity": "78", "precipMM": "0.1", "pressure": "1006", "tempC": "23", "tempF": "73", "time": "200", "visibility": "10", "weatherCode": "116",  "weatherDesc": [ {"value": "Partly Cloudy" } ],  "weatherIconUrl": [ {"value": "http:\/\/cdn.worldweatheronline.net\/images\/wsymbols01_png_64\/wsymbol_0004_black_low_cloud.png" } ], "WindChillC": "23", "WindChillF": "73", "winddir16Point": "SSE", "winddirDegree": "155", "WindGustKmph": "29", "WindGustMiles": "18", "windspeedKmph": "14", "windspeedMiles": "9" }, {"cloudcover": "74", "DewPointC": "19", "DewPointF": "66", "FeelsLikeC": "25", "FeelsLikeF": "77", "HeatIndexC": "25", "HeatIndexF": "77", "humidity": "81", "precipMM": "1.0", "pressure": "1005", "tempC": "23", "tempF": "73", "time": "500", "visibility": "10", "weatherCode": "353",  "weatherDesc": [ {"value": "Light rain shower" } ],  "weatherIconUrl": [ {"value": "http:\/\/cdn.worldweatheronline.net\/images\/wsymbols01_png_64\/wsymbol_0025_light_rain_showers_night.png" } ], "WindChillC": "23", "WindChillF": "73", "winddir16Point": "SE", "winddirDegree": "143", "WindGustKmph": "30", "WindGustMiles": "18", "windspeedKmph": "14", "windspeedMiles": "9" }, {"cloudcover": "77", "DewPointC": "22", "DewPointF": "71", "FeelsLikeC": "27", "FeelsLikeF": "80", "HeatIndexC": "27", "HeatIndexF": "80", "humidity": "83", "precipMM": "5.7", "pressure": "1006", "tempC": "23", "tempF": "73", "time": "800", "visibility": "7", "weatherCode": "356",  "weatherDesc": [ {"value": "Moderate or heavy rain shower" } ],  "weatherIconUrl": [ {"value": "http:\/\/cdn.worldweatheronline.net\/images\/wsymbols01_png_64\/wsymbol_0010_heavy_rain_showers.png" } ], "WindChillC": "25", "WindChillF": "76", "winddir16Point": "SSE", "winddirDegree": "148", "WindGustKmph": "22", "WindGustMiles": "14", "windspeedKmph": "12", "windspeedMiles": "7" }, {"cloudcover": "44", "DewPointC": "26", "DewPointF": "78", "FeelsLikeC": "39", "FeelsLikeF": "102", "HeatIndexC": "39", "HeatIndexF": "102", "humidity": "73", "precipMM": "4.5", "pressure": "1005", "tempC": "29", "tempF": "84", "time": "1100", "visibility": "7", "weatherCode": "356",  "weatherDesc": [ {"value": "Moderate or heavy rain shower" } ],  "weatherIconUrl": [ {"value": "http:\/\/cdn.worldweatheronline.net\/images\/wsymbols01_png_64\/wsymbol_0010_heavy_rain_showers.png" } ], "WindChillC": "31", "WindChillF": "88", "winddir16Point": "SSW", "winddirDegree": "192", "WindGustKmph": "28", "WindGustMiles": "17", "windspeedKmph": "17", "windspeedMiles": "10" }, {"cloudcover": "76", "DewPointC": "26", "DewPointF": "79", "FeelsLikeC": "40", "FeelsLikeF": "105", "HeatIndexC": "40", "HeatIndexF": "105", "humidity": "70", "precipMM": "3.3", "pressure": "1004", "tempC": "31", "tempF": "87", "time": "1400", "visibility": "7", "weatherCode": "356",  "weatherDesc": [ {"value": "Moderate or heavy rain shower" } ],  "weatherIconUrl": [ {"value": "http:\/\/cdn.worldweatheronline.net\/images\/wsymbols01_png_64\/wsymbol_0010_heavy_rain_showers.png" } ], "WindChillC": "32", "WindChillF": "90", "winddir16Point": "SW", "winddirDegree": "227", "WindGustKmph": "29", "WindGustMiles": "18", "windspeedKmph": "18", "windspeedMiles": "11" }, {"cloudcover": "64", "DewPointC": "26", "DewPointF": "78", "FeelsLikeC": "39", "FeelsLikeF": "102", "HeatIndexC": "39", "HeatIndexF": "102", "humidity": "73", "precipMM": "2.4", "pressure": "1004", "tempC": "30", "tempF": "85", "time": "1700", "visibility": "10", "weatherCode": "353",  "weatherDesc": [ {"value": "Light rain shower" } ],  "weatherIconUrl": [ {"value": "http:\/\/cdn.worldweatheronline.net\/images\/wsymbols01_png_64\/wsymbol_0009_light_rain_showers.png" } ], "WindChillC": "31", "WindChillF": "88", "winddir16Point": "SW", "winddirDegree": "223", "WindGustKmph": "22", "WindGustMiles": "13", "windspeedKmph": "14", "windspeedMiles": "9" }, {"cloudcover": "27", "DewPointC": "23", "DewPointF": "73", "FeelsLikeC": "31", "FeelsLikeF": "87", "HeatIndexC": "31", "HeatIndexF": "87", "humidity": "77", "precipMM": "2.3", "pressure": "1005", "tempC": "27", "tempF": "81", "time": "2000", "visibility": "9", "weatherCode": "176",  "weatherDesc": [ {"value": "Patchy rain nearby" } ],  "weatherIconUrl": [ {"value": "http:\/\/cdn.worldweatheronline.net\/images\/wsymbols01_png_64\/wsymbol_0025_light_rain_showers_night.png" } ], "WindChillC": "27", "WindChillF": "81", "winddir16Point": "S", "winddirDegree": "188", "WindGustKmph": "16", "WindGustMiles": "10", "windspeedKmph": "11", "windspeedMiles": "7" }, {"cloudcover": "16", "DewPointC": "20", "DewPointF": "67", "FeelsLikeC": "26", "FeelsLikeF": "79", "HeatIndexC": "26", "HeatIndexF": "79", "humidity": "76", "precipMM": "0.4", "pressure": "1006", "tempC": "24", "tempF": "76", "time": "2300", "visibility": "9", "weatherCode": "176",  "weatherDesc": [ {"value": "Patchy rain nearby" } ],  "weatherIconUrl": [ {"value": "http:\/\/cdn.worldweatheronline.net\/images\/wsymbols01_png_64\/wsymbol_0025_light_rain_showers_night.png" } ], "WindChillC": "24", "WindChillF": "76", "winddir16Point": "S", "winddirDegree": "177", "WindGustKmph": "27", "WindGustMiles": "17", "windspeedKmph": "13", "windspeedMiles": "8" } ], "maxtempC": "31", "maxtempF": "87", "mintempC": "23", "mintempF": "73" } ] }}