{ "data": { "request": [ {"query": "Lat 23.50 and Lon 120.42", "type": "LatLon" } ],  "weather": [ { "astronomy": [ {"moonrise": "02:57 PM", "moonset": "02:40 AM", "sunrise": "05:32 AM", "sunset": "06:22 PM" } ], "date": "2013-04-22",  "hourly": [ {"cloudcover": "14", "DewPointC": "15", "DewPointF": "59", "FeelsLikeC": "18", "FeelsLikeF": "65", "HeatIndexC": "18", "HeatIndexF": "65", "humidity": "81", "precipMM": "0.0", "pressure": "1017", "tempC": "18", "tempF": "65", "time": "200", "visibility": "10", "weatherCode": "113",  "weatherDesc": [ {"value": "Clear" } ],  "weatherIconUrl": [ {"value": "http:\/\/cdn.worldweatheronline.net\/images\/wsymbols01_png_64\/wsymbol_0008_clear_sky_night.png" } ], "WindChillC": "18", "WindChillF": "65", "winddir16Point": "N", "winddirDegree": "350", "WindGustKmph": "16", "WindGustMiles": "10", "windspeedKmph": "9", "windspeedMiles": "5" }, {"cloudcover": "15", "DewPointC": "14", "DewPointF": "58", "FeelsLikeC": "18", "FeelsLikeF": "64", "HeatIndexC": "18", "HeatIndexF": "64", "humidity": "81", "precipMM": "0.0", "pressure": "1017", "tempC": "18", "tempF": "64", "time": "500", "visibility": "10", "weatherCode": "113",  "weatherDesc": [ {"value": "Clear" } ],  "weatherIconUrl": [ {"value": "http:\/\/cdn.worldweatheronline.net\/images\/wsymbols01_png_64\/wsymbol_0008_clear_sky_night.png" } ], "WindChillC": "18", "WindChillF": "64", "winddir16Point": "NNE", "winddirDegree": "15", "WindGustKmph": "16", "WindGustMiles": "10", "windspeedKmph": "8", "windspeedMiles": "5" }, {"cloudcover": "13", "DewPointC": "16", "DewPointF": "60", "FeelsLikeC": "23", "FeelsLikeF": "73", "HeatIndexC": "25", "HeatIndexF": "77", "humidity": "65", "precipMM": "0.0", "pressure": "1018", "tempC": "21", "tempF": "69", "time": "800", "visibility": "10", "weatherCode": "113",  "weatherDesc": [ {"value": "Sunny" } ],  "weatherIconUrl": [ {"value": "http:\/\/cdn.worldweatheronline.net\/images\/wsymbols01_png_64\/wsymbol_0001_sunny.png" } ], "WindChillC": "23", "WindChillF": "73", "winddir16Point": "N", "winddirDegree": "354", "WindGustKmph": "11", "WindGustMiles": "7", "windspeedKmph": "10", "windspeedMiles": "6" }, {"cloudcover": "10", "DewPointC": "19", "DewPointF": "66", "FeelsLikeC": "30", "FeelsLikeF": "86", "HeatIndexC": "30", "HeatIndexF": "86", "humidity": "56", "precipMM": "0.0", "pressure": "1018", "tempC": "27", "tempF": "80", "time": "1100", "visibility": "10", "weatherCode": "113",  "weatherDesc": [ {"value": "Sunny" } ],  "weatherIconUrl": [ {"value": "http:\/\/cdn.worldweatheronline.net\/images\/wsymbols01_png_64\/wsymbol_0001_sunny.png" } ], "WindChillC": "29", "WindChillF": "83", "winddir16Point": "NW", "winddirDegree": "318", "WindGustKmph": "17", "WindGustMiles": "11", "windspeedKmph": "15", "windspeedMiles": "9" }, {"cloudcover": "7", "DewPointC": "20", "DewPointF": "67", "FeelsLikeC": "31", "FeelsLikeF": "88", "HeatIndexC": "31", "HeatIndexF": "88", "humidity": "56", "precipMM": "0.0", "pressure": "1016", "tempC": "28", "tempF": "82", "time": "1400", "visibility": "10", "weatherCode": "113",  "weatherDesc": [ {"value": "Sunny" } ],  "weatherIconUrl": [ {"value": "http:\/\/cdn.worldweatheronline.net\/images\/wsymbols01_png_64\/wsymbol_0001_sunny.png" } ], "WindChillC": "29", "WindChillF": "85", "winddir16Point": "NW", "winddirDegree": "315", "WindGustKmph": "19", "WindGustMiles": "12", "windspeedKmph": "16", "windspeedMiles": "10" }, {"cloudcover": "5", "DewPointC": "20", "DewPointF": "67", "FeelsLikeC": "29", "FeelsLikeF": "83", "HeatIndexC": "29", "HeatIndexF": "83", "humidity": "64", "precipMM": "0.0", "pressure": "1015", "tempC": "26", "tempF": "78", "time": "1700", "visibility": "10", "weatherCode": "113",  "weatherDesc": [ {"value": "Sunny" } ],  "weatherIconUrl": [ {"value": "http:\/\/cdn.worldweatheronline.net\/images\/wsymbols01_png_64\/wsymbol_0001_sunny.png" } ], "WindChillC": "27", "WindChillF": "81", "winddir16Point": "NW", "winddirDegree": "309", "WindGustKmph": "15", "WindGustMiles": "10", "windspeedKmph": "13", "windspeedMiles": "8" }, {"cloudcover": "4", "DewPointC": "19", "DewPointF": "66", "FeelsLikeC": "25", "FeelsLikeF": "76", "HeatIndexC": "25", "HeatIndexF": "76", "humidity": "80", "precipMM": "0.0", "pressure": "1016", "tempC": "22", "tempF": "72", "time": "2000", "visibility": "10", "weatherCode": "113",  "weatherDesc": [ {"value": "Clear" } ],  "weatherIconUrl": [ {"value": "http:\/\/cdn.worldweatheronline.net\/images\/wsymbols01_png_64\/wsymbol_0008_clear_sky_night.png" } ], "WindChillC": "22", "WindChillF": "72", "winddir16Point": "WNW", "winddirDegree": "289", "WindGustKmph": "7", "WindGustMiles": "4", "windspeedKmph": "6", "windspeedMiles": "4" }, {"cloudcover": "4", "DewPointC": "18", "DewPointF": "64", "FeelsLikeC": "21", "FeelsLikeF": "69", "HeatIndexC": "21", "HeatIndexF": "69", "humidity": "84", "precipMM": "0.0", "pressure": "1017", "tempC": "21", "tempF": "69", "time": "2300", "visibility": "10", "weatherCode": "113",  "weatherDesc": [ {"value": "Clear" } ],  "weatherIconUrl": [ {"value": "http:\/\/cdn.worldweatheronline.net\/images\/wsymbols01_png_64\/wsymbol_0008_clear_sky_night.png" } ], "WindChillC": "21", "WindChillF": "69", "winddir16Point": "WNW", "winddirDegree": "287", "WindGustKmph": "9", "WindGustMiles": "6", "windspeedKmph": "6", "windspeedMiles": "4" } ], "maxtempC": "28", "maxtempF": "82", "mintempC": "18", "mintempF": "64" } ] }}