{ "data": { "request": [ {"query": "Lat 23.50 and Lon 120.42", "type": "LatLon" } ],  "weather": [ { "astronomy": [ {"moonrise": "08:17 AM", "moonset": "08:14 PM", "sunrise": "06:42 AM", "sunset": "05:33 PM" } ], "date": "2013-01-14",  "hourly": [ {"cloudcover": "0", "DewPointC": "0", "DewPointF": "32", "FeelsLikeC": "8", "FeelsLikeF": "47", "HeatIndexC": "11", "HeatIndexF": "51", "humidity": "47", "precipMM": "0.0", "pressure": "1015", "tempC": "11", "tempF": "51", "time": "200", "visibility": "10", "weatherCode": "113",  "weatherDesc": [ {"value": "Clear" } ],  "weatherIconUrl": [ {"value": "http:\/\/cdn.worldweatheronline.net\/images\/wsymbols01_png_64\/wsymbol_0008_clear_sky_night.png" } ], "WindChillC": "8", "WindChillF": "47", "winddir16Point": "NE", "winddirDegree": "36", "WindGustKmph": "45", "WindGustMiles": "28", "windspeedKmph": "22", "windspeedMiles": "13" }, {"cloudcover": "0", "DewPointC": "0", "DewPointF": "32", "FeelsLikeC": "8", "FeelsLikeF": "47", "HeatIndexC": "11", "HeatIndexF": "51", "humidity": "48", "precipMM": "0.0", "pressure": "1016", "tempC": "11", "tempF": "51", "time": "500", "visibility": "10", "weatherCode": "113",  "weatherDesc": [ {"value": "Clear" } ],  "weatherIconUrl": [ {"value": "http:\/\/cdn.worldweatheronline.net\/images\/wsymbols01_png_64\/wsymbol_0008_clear_sky_night.png" } ], "WindChillC": "8", "WindChillF": "47", "winddir16Point": "NE", "winddirDegree": "36", "WindGustKmph": "45", "WindGustMiles": "28", "windspeedKmph": "22", "windspeedMiles": "13" }, {"cloudcover": "0", "DewPointC": "3", "DewPointF": "38", "FeelsLikeC": "12", "FeelsLikeF": "54", "HeatIndexC": "14", "HeatIndexF": "56", "humidity": "50", "precipMM": "0.0", "pressure": "1018", "tempC": "13", "tempF": "55", "time": "800", "visibility": "10", "weatherCode": "113",  "weatherDesc": [ {"value": "Sunny" } ],  "weatherIconUrl": [ {"value": "http:\/\/cdn.worldweatheronline.net\/images\/wsymbols01_png_64\/wsymbol_0001_sunny.png" } ], "WindChillC": "12", "WindChillF": "54", "winddir16Point": "NNE", "winddirDegree": "33", "WindGustKmph": "36", "WindGustMiles": "23", "windspeedKmph": "17", "windspeedMiles": "11" }, {"cloudcover": "0", "DewPointC": "4", "DewPointF": "38", "FeelsLikeC": "19", "FeelsLikeF": "65", "HeatIndexC": "19", "HeatIndexF": "65", "humidity": "37", "precipMM": "0.0", "pressure": "1018", "tempC": "18", "tempF": "64", "time": "1100", "visibility": "10", "weatherCode": "113",  "weatherDesc": [ {"value": "Sunny" } ],  "weatherIconUrl": [ {"value": "http:\/\/cdn.worldweatheronline.net\/images\/wsymbols01_png_64\/wsymbol_0001_sunny.png" } ], "WindChillC": "19", "WindChillF": "65", "winddir16Point": "N", "winddirDegree": "357", "WindGustKmph": "33", "WindGustMiles": "20", "windspeedKmph": "24", "windspeedMiles": "15" }, {"cloudcover": "0", "DewPointC": "7", "DewPointF": "45", "FeelsLikeC": "22", "FeelsLikeF": "71", "HeatIndexC": "24", "HeatIndexF": "75", "humidity": "39", "precipMM": "0.0", "pressure": "1018", "tempC": "21", "tempF": "69", "time": "1400", "visibility": "10", "weatherCode": "113",  "weatherDesc": [ {"value": "Sunny" } ],  "weatherIconUrl": [ {"value": "http:\/\/cdn.worldweatheronline.net\/images\/wsymbols01_png_64\/wsymbol_0001_sunny.png" } ], "WindChillC": "22", "WindChillF": "71", "winddir16Point": "NNW", "winddirDegree": "348", "WindGustKmph": "27", "WindGustMiles": "17", "windspeedKmph": "24", "windspeedMiles": "15" }, {"cloudcover": "0", "DewPointC": "9", "DewPointF": "48", "FeelsLikeC": "18", "FeelsLikeF": "64", "HeatIndexC": "18", "HeatIndexF": "64", "humidity": "55", "precipMM": "0.0", "pressure": "1019", "tempC": "17", "tempF": "62", "time": "1700", "visibility": "10", "weatherCode": "113",  "weatherDesc": [ {"value": "Sunny" } ],  "weatherIconUrl": [ {"value": "http:\/\/cdn.worldweatheronline.net\/images\/wsymbols01_png_64\/wsymbol_0001_sunny.png" } ], "WindChillC": "18", "WindChillF": "64", "winddir16Point": "N", "winddirDegree": "350", "WindGustKmph": "19", "WindGustMiles": "12", "windspeedKmph": "14", "windspeedMiles": "9" }, {"cloudcover": "0", "DewPointC": "7", "DewPointF": "44", "FeelsLikeC": "12", "FeelsLikeF": "54", "HeatIndexC": "13", "HeatIndexF": "55", "humidity": "67", "precipMM": "0.0", "pressure": "1021", "tempC": "13", "tempF": "55", "time": "2000", "visibility": "10", "weatherCode": "113",  "weatherDesc": [ {"value": "Clear" } ],  "weatherIconUrl": [ {"value": "http:\/\/cdn.worldweatheronline.net\/images\/wsymbols01_png_64\/wsymbol_0008_clear_sky_night.png" } ], "WindChillC": "12", "WindChillF": "54", "winddir16Point": "ENE", "winddirDegree": "58", "WindGustKmph": "14", "WindGustMiles": "9", "windspeedKmph": "6", "windspeedMiles": "4" }, {"cloudcover": "0", "DewPointC": "6", "DewPointF": "43", "FeelsLikeC": "11", "FeelsLikeF": "52", "HeatIndexC": "12", "HeatIndexF": "53", "humidity": "71", "precipMM": "0.0", "pressure": "1021", "tempC": "12", "tempF": "53", "time": "2300", "visibility": "10", "weatherCode": "113",  "weatherDesc": [ {"value": "Clear" } ],  "weatherIconUrl": [ {"value": "http:\/\/cdn.worldweatheronline.net\/images\/wsymbols01_png_64\/wsymbol_0008_clear_sky_night.png" } ], "WindChillC": "11", "WindChillF": "52", "winddir16Point": "E", "winddirDegree": "96", "WindGustKmph": "14", "WindGustMiles": "9", "windspeedKmph": "7", "windspeedMiles": "4" } ], "maxtempC": "21", "maxtempF": "69", "mintempC": "11", "mintempF": "51" } ] }}