{ "data": { "request": [ {"query": "Lat 23.50 and Lon 120.42", "type": "LatLon" } ],  "weather": [ { "astronomy": [ {"moonrise": "01:57 AM", "moonset": "01:34 PM", "sunrise": "05:47 AM", "sunset": "06:15 PM" } ], "date": "2013-04-05",  "hourly": [ {"cloudcover": "46", "DewPointC": "16", "DewPointF": "61", "FeelsLikeC": "21", "FeelsLikeF": "71", "HeatIndexC": "24", "HeatIndexF": "76", "humidity": "72", "precipMM": "0.4", "pressure": "1007", "tempC": "21", "tempF": "71", "time": "200", "visibility": "9", "weatherCode": "176",  "weatherDesc": [ {"value": "Patchy rain nearby" } ],  "weatherIconUrl": [ {"value": "http:\/\/cdn.worldweatheronline.net\/images\/wsymbols01_png_64\/wsymbol_0025_light_rain_showers_night.png" } ], "WindChillC": "21", "WindChillF": "71", "winddir16Point": "S", "winddirDegree": "178", "WindGustKmph": "9", "WindGustMiles": "5", "windspeedKmph": "4", "windspeedMiles": "3" }, {"cloudcover": "47", "DewPointC": "16", "DewPointF": "60", "FeelsLikeC": "20", "FeelsLikeF": "68", "HeatIndexC": "20", "HeatIndexF": "68", "humidity": "77", "precipMM": "0.9", "pressure": "1007", "tempC": "20", "tempF": "68", "time": "500", "visibility": "10", "weatherCode": "353",  "weatherDesc": [ {"value": "Light rain shower" } ],  "weatherIconUrl": [ {"value": "http:\/\/cdn.worldweatheronline.net\/images\/wsymbols01_png_64\/wsymbol_0025_light_rain_showers_night.png" } ], "WindChillC": "20", "WindChillF": "68", "winddir16Point": "S", "winddirDegree": "183", "WindGustKmph": "14", "WindGustMiles": "9", "windspeedKmph": "6", "windspeedMiles": "4" }, {"cloudcover": "22", "DewPointC": "19", "DewPointF": "66", "FeelsLikeC": "27", "FeelsLikeF": "80", "HeatIndexC": "27", "HeatIndexF": "80", "humidity": "67", "precipMM": "0.8", "pressure": "1008", "tempC": "23", "tempF": "73", "time": "800", "visibility": "9", "weatherCode": "176",  "weatherDesc": [ {"value": "Patchy rain nearby" } ],  "weatherIconUrl": [ {"value": "http:\/\/cdn.worldweatheronline.net\/images\/wsymbols01_png_64\/wsymbol_0009_light_rain_showers.png" } ], "WindChillC": "25", "WindChillF": "78", "winddir16Point": "SSE", "winddirDegree": "162", "WindGustKmph": "11", "WindGustMiles": "7", "windspeedKmph": "9", "windspeedMiles": "5" }, {"cloudcover": "16", "DewPointC": "20", "DewPointF": "68", "FeelsLikeC": "33", "FeelsLikeF": "91", "HeatIndexC": "33", "HeatIndexF": "91", "humidity": "53", "precipMM": "0.3", "pressure": "1008", "tempC": "29", "tempF": "85", "time": "1100", "visibility": "9", "weatherCode": "176",  "weatherDesc": [ {"value": "Patchy rain nearby" } ],  "weatherIconUrl": [ {"value": "http:\/\/cdn.worldweatheronline.net\/images\/wsymbols01_png_64\/wsymbol_0009_light_rain_showers.png" } ], "WindChillC": "31", "WindChillF": "87", "winddir16Point": "SSW", "winddirDegree": "214", "WindGustKmph": "21", "WindGustMiles": "13", "windspeedKmph": "17", "windspeedMiles": "11" }, {"cloudcover": "44", "DewPointC": "21", "DewPointF": "70", "FeelsLikeC": "34", "FeelsLikeF": "93", "HeatIndexC": "34", "HeatIndexF": "93", "humidity": "56", "precipMM": "0.4", "pressure": "1005", "tempC": "29", "tempF": "85", "time": "1400", "visibility": "9", "weatherCode": "176",  "weatherDesc": [ {"value": "Patchy rain nearby" } ],  "weatherIconUrl": [ {"value": "http:\/\/cdn.worldweatheronline.net\/images\/wsymbols01_png_64\/wsymbol_0009_light_rain_showers.png" } ], "WindChillC": "31", "WindChillF": "87", "winddir16Point": "SW", "winddirDegree": "221", "WindGustKmph": "23", "WindGustMiles": "15", "windspeedKmph": "19", "windspeedMiles": "12" }, {"cloudcover": "13", "DewPointC": "21", "DewPointF": "69", "FeelsLikeC": "32", "FeelsLikeF": "89", "HeatIndexC": "32", "HeatIndexF": "89", "humidity": "61", "precipMM": "0.0", "pressure": "1004", "tempC": "28", "tempF": "82", "time": "1700", "visibility": "10", "weatherCode": "113",  "weatherDesc": [ {"value": "Sunny" } ],  "weatherIconUrl": [ {"value": "http:\/\/cdn.worldweatheronline.net\/images\/wsymbols01_png_64\/wsymbol_0001_sunny.png" } ], "WindChillC": "29", "WindChillF": "85", "winddir16Point": "S", "winddirDegree": "189", "WindGustKmph": "22", "WindGustMiles": "13", "windspeedKmph": "19", "windspeedMiles": "12" }, {"cloudcover": "25", "DewPointC": "18", "DewPointF": "64", "FeelsLikeC": "26", "FeelsLikeF": "79", "HeatIndexC": "26", "HeatIndexF": "79", "humidity": "65", "precipMM": "0.1", "pressure": "1005", "tempC": "25", "tempF": "76", "time": "2000", "visibility": "10", "weatherCode": "116",  "weatherDesc": [ {"value": "Partly Cloudy" } ],  "weatherIconUrl": [ {"value": "http:\/\/cdn.worldweatheronline.net\/images\/wsymbols01_png_64\/wsymbol_0004_black_low_cloud.png" } ], "WindChillC": "25", "WindChillF": "76", "winddir16Point": "SSE", "winddirDegree": "166", "WindGustKmph": "25", "WindGustMiles": "16", "windspeedKmph": "16", "windspeedMiles": "10" }, {"cloudcover": "60", "DewPointC": "16", "DewPointF": "61", "FeelsLikeC": "25", "FeelsLikeF": "76", "HeatIndexC": "25", "HeatIndexF": "76", "humidity": "70", "precipMM": "2.0", "pressure": "1006", "tempC": "22", "tempF": "72", "time": "2300", "visibility": "10", "weatherCode": "353",  "weatherDesc": [ {"value": "Light rain shower" } ],  "weatherIconUrl": [ {"value": "http:\/\/cdn.worldweatheronline.net\/images\/wsymbols01_png_64\/wsymbol_0025_light_rain_showers_night.png" } ], "WindChillC": "22", "WindChillF": "72", "winddir16Point": "SSE", "winddirDegree": "149", "WindGustKmph": "35", "WindGustMiles": "22", "windspeedKmph": "17", "windspeedMiles": "11" } ], "maxtempC": "29", "maxtempF": "85", "mintempC": "20", "mintempF": "68" } ] }}