{ "data": { "request": [ {"query": "Lat 23.50 and Lon 120.42", "type": "LatLon" } ],  "weather": [ { "astronomy": [ {"moonrise": "07:32 AM", "moonset": "07:53 PM", "sunrise": "06:33 AM", "sunset": "05:52 PM" } ], "date": "2013-02-12",  "hourly": [ {"cloudcover": "0", "DewPointC": "14", "DewPointF": "57", "FeelsLikeC": "16", "FeelsLikeF": "61", "HeatIndexC": "16", "HeatIndexF": "61", "humidity": "85", "precipMM": "0.0", "pressure": "1019", "tempC": "16", "tempF": "61", "time": "200", "visibility": "10", "weatherCode": "113",  "weatherDesc": [ {"value": "Clear" } ],  "weatherIconUrl": [ {"value": "http:\/\/cdn.worldweatheronline.net\/images\/wsymbols01_png_64\/wsymbol_0008_clear_sky_night.png" } ], "WindChillC": "16", "WindChillF": "61", "winddir16Point": "NNE", "winddirDegree": "18", "WindGustKmph": "16", "WindGustMiles": "10", "windspeedKmph": "8", "windspeedMiles": "5" }, {"cloudcover": "0", "DewPointC": "13", "DewPointF": "55", "FeelsLikeC": "15", "FeelsLikeF": "59", "HeatIndexC": "15", "HeatIndexF": "59", "humidity": "86", "precipMM": "0.0", "pressure": "1019", "tempC": "15", "tempF": "59", "time": "500", "visibility": "10", "weatherCode": "113",  "weatherDesc": [ {"value": "Clear" } ],  "weatherIconUrl": [ {"value": "http:\/\/cdn.worldweatheronline.net\/images\/wsymbols01_png_64\/wsymbol_0008_clear_sky_night.png" } ], "WindChillC": "15", "WindChillF": "59", "winddir16Point": "NNE", "winddirDegree": "31", "WindGustKmph": "19", "WindGustMiles": "12", "windspeedKmph": "9", "windspeedMiles": "6" }, {"cloudcover": "0", "DewPointC": "14", "DewPointF": "56", "FeelsLikeC": "19", "FeelsLikeF": "66", "HeatIndexC": "19", "HeatIndexF": "66", "humidity": "71", "precipMM": "0.0", "pressure": "1019", "tempC": "18", "tempF": "64", "time": "800", "visibility": "10", "weatherCode": "113",  "weatherDesc": [ {"value": "Sunny" } ],  "weatherIconUrl": [ {"value": "http:\/\/cdn.worldweatheronline.net\/images\/wsymbols01_png_64\/wsymbol_0001_sunny.png" } ], "WindChillC": "19", "WindChillF": "66", "winddir16Point": "NE", "winddirDegree": "35", "WindGustKmph": "18", "WindGustMiles": "11", "windspeedKmph": "11", "windspeedMiles": "7" }, {"cloudcover": "3", "DewPointC": "14", "DewPointF": "57", "FeelsLikeC": "26", "FeelsLikeF": "79", "HeatIndexC": "26", "HeatIndexF": "79", "humidity": "48", "precipMM": "0.0", "pressure": "1020", "tempC": "24", "tempF": "76", "time": "1100", "visibility": "10", "weatherCode": "113",  "weatherDesc": [ {"value": "Sunny" } ],  "weatherIconUrl": [ {"value": "http:\/\/cdn.worldweatheronline.net\/images\/wsymbols01_png_64\/wsymbol_0001_sunny.png" } ], "WindChillC": "26", "WindChillF": "78", "winddir16Point": "NNW", "winddirDegree": "335", "WindGustKmph": "17", "WindGustMiles": "11", "windspeedKmph": "15", "windspeedMiles": "9" }, {"cloudcover": "3", "DewPointC": "16", "DewPointF": "60", "FeelsLikeC": "27", "FeelsLikeF": "80", "HeatIndexC": "27", "HeatIndexF": "80", "humidity": "54", "precipMM": "0.0", "pressure": "1019", "tempC": "24", "tempF": "76", "time": "1400", "visibility": "10", "weatherCode": "113",  "weatherDesc": [ {"value": "Sunny" } ],  "weatherIconUrl": [ {"value": "http:\/\/cdn.worldweatheronline.net\/images\/wsymbols01_png_64\/wsymbol_0001_sunny.png" } ], "WindChillC": "26", "WindChillF": "78", "winddir16Point": "NNW", "winddirDegree": "340", "WindGustKmph": "25", "WindGustMiles": "16", "windspeedKmph": "22", "windspeedMiles": "14" }, {"cloudcover": "3", "DewPointC": "15", "DewPointF": "59", "FeelsLikeC": "23", "FeelsLikeF": "73", "HeatIndexC": "25", "HeatIndexF": "76", "humidity": "63", "precipMM": "0.0", "pressure": "1019", "tempC": "22", "tempF": "71", "time": "1700", "visibility": "10", "weatherCode": "113",  "weatherDesc": [ {"value": "Sunny" } ],  "weatherIconUrl": [ {"value": "http:\/\/cdn.worldweatheronline.net\/images\/wsymbols01_png_64\/wsymbol_0001_sunny.png" } ], "WindChillC": "23", "WindChillF": "73", "winddir16Point": "N", "winddirDegree": "355", "WindGustKmph": "23", "WindGustMiles": "14", "windspeedKmph": "20", "windspeedMiles": "12" }, {"cloudcover": "2", "DewPointC": "14", "DewPointF": "57", "FeelsLikeC": "19", "FeelsLikeF": "66", "HeatIndexC": "19", "HeatIndexF": "66", "humidity": "74", "precipMM": "0.0", "pressure": "1020", "tempC": "19", "tempF": "66", "time": "2000", "visibility": "10", "weatherCode": "113",  "weatherDesc": [ {"value": "Clear" } ],  "weatherIconUrl": [ {"value": "http:\/\/cdn.worldweatheronline.net\/images\/wsymbols01_png_64\/wsymbol_0008_clear_sky_night.png" } ], "WindChillC": "19", "WindChillF": "66", "winddir16Point": "NNE", "winddirDegree": "24", "WindGustKmph": "23", "WindGustMiles": "15", "windspeedKmph": "13", "windspeedMiles": "8" }, {"cloudcover": "1", "DewPointC": "13", "DewPointF": "55", "FeelsLikeC": "17", "FeelsLikeF": "62", "HeatIndexC": "17", "HeatIndexF": "62", "humidity": "77", "precipMM": "0.0", "pressure": "1020", "tempC": "17", "tempF": "62", "time": "2300", "visibility": "10", "weatherCode": "113",  "weatherDesc": [ {"value": "Clear" } ],  "weatherIconUrl": [ {"value": "http:\/\/cdn.worldweatheronline.net\/images\/wsymbols01_png_64\/wsymbol_0008_clear_sky_night.png" } ], "WindChillC": "17", "WindChillF": "62", "winddir16Point": "NNE", "winddirDegree": "13", "WindGustKmph": "17", "WindGustMiles": "10", "windspeedKmph": "8", "windspeedMiles": "5" } ], "maxtempC": "24", "maxtempF": "76", "mintempC": "15", "mintempF": "59" } ] }}