{ "data": { "request": [ {"query": "Lat 23.50 and Lon 120.42", "type": "LatLon" } ],  "weather": [ { "astronomy": [ {"moonrise": "11:37 PM", "moonset": "11:41 AM", "sunrise": "06:19 AM", "sunset": "05:11 PM" } ], "date": "2013-11-25",  "hourly": [ {"cloudcover": "28", "DewPointC": "13", "DewPointF": "55", "FeelsLikeC": "18", "FeelsLikeF": "64", "HeatIndexC": "18", "HeatIndexF": "64", "humidity": "72", "precipMM": "0.1", "pressure": "1012", "tempC": "18", "tempF": "64", "time": "200", "visibility": "10", "weatherCode": "116",  "weatherDesc": [ {"value": "Partly Cloudy" } ],  "weatherIconUrl": [ {"value": "http:\/\/cdn.worldweatheronline.net\/images\/wsymbols01_png_64\/wsymbol_0004_black_low_cloud.png" } ], "WindChillC": "18", "WindChillF": "64", "winddir16Point": "NE", "winddirDegree": "45", "WindGustKmph": "32", "WindGustMiles": "20", "windspeedKmph": "15", "windspeedMiles": "10" }, {"cloudcover": "26", "DewPointC": "10", "DewPointF": "50", "FeelsLikeC": "18", "FeelsLikeF": "64", "HeatIndexC": "18", "HeatIndexF": "64", "humidity": "60", "precipMM": "0.0", "pressure": "1012", "tempC": "18", "tempF": "64", "time": "500", "visibility": "10", "weatherCode": "116",  "weatherDesc": [ {"value": "Partly Cloudy" } ],  "weatherIconUrl": [ {"value": "http:\/\/cdn.worldweatheronline.net\/images\/wsymbols01_png_64\/wsymbol_0004_black_low_cloud.png" } ], "WindChillC": "18", "WindChillF": "64", "winddir16Point": "NE", "winddirDegree": "46", "WindGustKmph": "30", "WindGustMiles": "18", "windspeedKmph": "14", "windspeedMiles": "9" }, {"cloudcover": "16", "DewPointC": "14", "DewPointF": "56", "FeelsLikeC": "21", "FeelsLikeF": "69", "HeatIndexC": "21", "HeatIndexF": "69", "humidity": "64", "precipMM": "0.0", "pressure": "1013", "tempC": "21", "tempF": "69", "time": "800", "visibility": "10", "weatherCode": "113",  "weatherDesc": [ {"value": "Sunny" } ],  "weatherIconUrl": [ {"value": "http:\/\/cdn.worldweatheronline.net\/images\/wsymbols01_png_64\/wsymbol_0001_sunny.png" } ], "WindChillC": "21", "WindChillF": "69", "winddir16Point": "NNE", "winddirDegree": "27", "WindGustKmph": "32", "WindGustMiles": "20", "windspeedKmph": "19", "windspeedMiles": "12" }, {"cloudcover": "14", "DewPointC": "18", "DewPointF": "65", "FeelsLikeC": "29", "FeelsLikeF": "83", "HeatIndexC": "29", "HeatIndexF": "83", "humidity": "59", "precipMM": "0.0", "pressure": "1015", "tempC": "27", "tempF": "81", "time": "1100", "visibility": "10", "weatherCode": "113",  "weatherDesc": [ {"value": "Sunny" } ],  "weatherIconUrl": [ {"value": "http:\/\/cdn.worldweatheronline.net\/images\/wsymbols01_png_64\/wsymbol_0001_sunny.png" } ], "WindChillC": "27", "WindChillF": "81", "winddir16Point": "NNW", "winddirDegree": "345", "WindGustKmph": "24", "WindGustMiles": "15", "windspeedKmph": "21", "windspeedMiles": "13" }, {"cloudcover": "10", "DewPointC": "17", "DewPointF": "63", "FeelsLikeC": "28", "FeelsLikeF": "82", "HeatIndexC": "28", "HeatIndexF": "82", "humidity": "55", "precipMM": "0.0", "pressure": "1014", "tempC": "27", "tempF": "80", "time": "1400", "visibility": "10", "weatherCode": "113",  "weatherDesc": [ {"value": "Sunny" } ],  "weatherIconUrl": [ {"value": "http:\/\/cdn.worldweatheronline.net\/images\/wsymbols01_png_64\/wsymbol_0001_sunny.png" } ], "WindChillC": "27", "WindChillF": "80", "winddir16Point": "NNW", "winddirDegree": "339", "WindGustKmph": "24", "WindGustMiles": "15", "windspeedKmph": "21", "windspeedMiles": "13" }, {"cloudcover": "10", "DewPointC": "16", "DewPointF": "62", "FeelsLikeC": "25", "FeelsLikeF": "78", "HeatIndexC": "25", "HeatIndexF": "78", "humidity": "63", "precipMM": "0.0", "pressure": "1015", "tempC": "24", "tempF": "75", "time": "1700", "visibility": "10", "weatherCode": "113",  "weatherDesc": [ {"value": "Sunny" } ],  "weatherIconUrl": [ {"value": "http:\/\/cdn.worldweatheronline.net\/images\/wsymbols01_png_64\/wsymbol_0001_sunny.png" } ], "WindChillC": "24", "WindChillF": "75", "winddir16Point": "NNW", "winddirDegree": "343", "WindGustKmph": "16", "WindGustMiles": "10", "windspeedKmph": "14", "windspeedMiles": "9" }, {"cloudcover": "10", "DewPointC": "13", "DewPointF": "55", "FeelsLikeC": "18", "FeelsLikeF": "65", "HeatIndexC": "18", "HeatIndexF": "65", "humidity": "70", "precipMM": "0.0", "pressure": "1016", "tempC": "18", "tempF": "65", "time": "2000", "visibility": "10", "weatherCode": "113",  "weatherDesc": [ {"value": "Clear" } ],  "weatherIconUrl": [ {"value": "http:\/\/cdn.worldweatheronline.net\/images\/wsymbols01_png_64\/wsymbol_0008_clear_sky_night.png" } ], "WindChillC": "18", "WindChillF": "65", "winddir16Point": "NE", "winddirDegree": "44", "WindGustKmph": "10", "WindGustMiles": "6", "windspeedKmph": "5", "windspeedMiles": "3" }, {"cloudcover": "8", "DewPointC": "13", "DewPointF": "55", "FeelsLikeC": "17", "FeelsLikeF": "63", "HeatIndexC": "17", "HeatIndexF": "63", "humidity": "73", "precipMM": "0.0", "pressure": "1016", "tempC": "17", "tempF": "63", "time": "2300", "visibility": "10", "weatherCode": "113",  "weatherDesc": [ {"value": "Clear" } ],  "weatherIconUrl": [ {"value": "http:\/\/cdn.worldweatheronline.net\/images\/wsymbols01_png_64\/wsymbol_0008_clear_sky_night.png" } ], "WindChillC": "17", "WindChillF": "63", "winddir16Point": "E", "winddirDegree": "97", "WindGustKmph": "8", "WindGustMiles": "5", "windspeedKmph": "4", "windspeedMiles": "2" } ], "maxtempC": "27", "maxtempF": "81", "mintempC": "17", "mintempF": "63" } ] }}