{ "data": { "request": [ {"query": "Lat 23.50 and Lon 120.42", "type": "LatLon" } ],  "weather": [ { "astronomy": [ {"moonrise": "07:55 PM", "moonset": "08:40 AM", "sunrise": "05:59 AM", "sunset": "05:27 PM" } ], "date": "2013-10-22",  "hourly": [ {"cloudcover": "0", "DewPointC": "14", "DewPointF": "57", "FeelsLikeC": "19", "FeelsLikeF": "65", "HeatIndexC": "19", "HeatIndexF": "65", "humidity": "75", "precipMM": "0.0", "pressure": "1014", "tempC": "19", "tempF": "65", "time": "200", "visibility": "10", "weatherCode": "113",  "weatherDesc": [ {"value": "Clear" } ],  "weatherIconUrl": [ {"value": "http:\/\/cdn.worldweatheronline.net\/images\/wsymbols01_png_64\/wsymbol_0008_clear_sky_night.png" } ], "WindChillC": "19", "WindChillF": "65", "winddir16Point": "N", "winddirDegree": "3", "WindGustKmph": "26", "WindGustMiles": "16", "windspeedKmph": "12", "windspeedMiles": "8" }, {"cloudcover": "2", "DewPointC": "14", "DewPointF": "56", "FeelsLikeC": "18", "FeelsLikeF": "64", "HeatIndexC": "18", "HeatIndexF": "64", "humidity": "76", "precipMM": "0.0", "pressure": "1013", "tempC": "18", "tempF": "64", "time": "500", "visibility": "10", "weatherCode": "113",  "weatherDesc": [ {"value": "Clear" } ],  "weatherIconUrl": [ {"value": "http:\/\/cdn.worldweatheronline.net\/images\/wsymbols01_png_64\/wsymbol_0008_clear_sky_night.png" } ], "WindChillC": "18", "WindChillF": "64", "winddir16Point": "N", "winddirDegree": "10", "WindGustKmph": "23", "WindGustMiles": "14", "windspeedKmph": "11", "windspeedMiles": "7" }, {"cloudcover": "2", "DewPointC": "15", "DewPointF": "59", "FeelsLikeC": "25", "FeelsLikeF": "76", "HeatIndexC": "25", "HeatIndexF": "76", "humidity": "64", "precipMM": "0.0", "pressure": "1014", "tempC": "22", "tempF": "72", "time": "800", "visibility": "10", "weatherCode": "113",  "weatherDesc": [ {"value": "Sunny" } ],  "weatherIconUrl": [ {"value": "http:\/\/cdn.worldweatheronline.net\/images\/wsymbols01_png_64\/wsymbol_0001_sunny.png" } ], "WindChillC": "22", "WindChillF": "72", "winddir16Point": "N", "winddirDegree": "352", "WindGustKmph": "21", "WindGustMiles": "13", "windspeedKmph": "14", "windspeedMiles": "9" }, {"cloudcover": "0", "DewPointC": "18", "DewPointF": "65", "FeelsLikeC": "31", "FeelsLikeF": "87", "HeatIndexC": "31", "HeatIndexF": "87", "humidity": "52", "precipMM": "0.0", "pressure": "1014", "tempC": "29", "tempF": "85", "time": "1100", "visibility": "10", "weatherCode": "113",  "weatherDesc": [ {"value": "Sunny" } ],  "weatherIconUrl": [ {"value": "http:\/\/cdn.worldweatheronline.net\/images\/wsymbols01_png_64\/wsymbol_0001_sunny.png" } ], "WindChillC": "29", "WindChillF": "84", "winddir16Point": "NNW", "winddirDegree": "337", "WindGustKmph": "21", "WindGustMiles": "13", "windspeedKmph": "18", "windspeedMiles": "11" }, {"cloudcover": "0", "DewPointC": "19", "DewPointF": "65", "FeelsLikeC": "31", "FeelsLikeF": "87", "HeatIndexC": "31", "HeatIndexF": "87", "humidity": "52", "precipMM": "0.0", "pressure": "1013", "tempC": "29", "tempF": "85", "time": "1400", "visibility": "10", "weatherCode": "113",  "weatherDesc": [ {"value": "Sunny" } ],  "weatherIconUrl": [ {"value": "http:\/\/cdn.worldweatheronline.net\/images\/wsymbols01_png_64\/wsymbol_0001_sunny.png" } ], "WindChillC": "29", "WindChillF": "85", "winddir16Point": "NNW", "winddirDegree": "341", "WindGustKmph": "26", "WindGustMiles": "16", "windspeedKmph": "23", "windspeedMiles": "14" }, {"cloudcover": "0", "DewPointC": "18", "DewPointF": "65", "FeelsLikeC": "27", "FeelsLikeF": "81", "HeatIndexC": "27", "HeatIndexF": "81", "humidity": "62", "precipMM": "0.0", "pressure": "1013", "tempC": "26", "tempF": "79", "time": "1700", "visibility": "10", "weatherCode": "113",  "weatherDesc": [ {"value": "Sunny" } ],  "weatherIconUrl": [ {"value": "http:\/\/cdn.worldweatheronline.net\/images\/wsymbols01_png_64\/wsymbol_0001_sunny.png" } ], "WindChillC": "26", "WindChillF": "79", "winddir16Point": "NNW", "winddirDegree": "348", "WindGustKmph": "27", "WindGustMiles": "17", "windspeedKmph": "23", "windspeedMiles": "14" }, {"cloudcover": "0", "DewPointC": "16", "DewPointF": "60", "FeelsLikeC": "22", "FeelsLikeF": "71", "HeatIndexC": "25", "HeatIndexF": "76", "humidity": "69", "precipMM": "0.0", "pressure": "1013", "tempC": "22", "tempF": "71", "time": "2000", "visibility": "10", "weatherCode": "113",  "weatherDesc": [ {"value": "Clear" } ],  "weatherIconUrl": [ {"value": "http:\/\/cdn.worldweatheronline.net\/images\/wsymbols01_png_64\/wsymbol_0008_clear_sky_night.png" } ], "WindChillC": "22", "WindChillF": "71", "winddir16Point": "N", "winddirDegree": "357", "WindGustKmph": "27", "WindGustMiles": "17", "windspeedKmph": "16", "windspeedMiles": "10" }, {"cloudcover": "0", "DewPointC": "15", "DewPointF": "58", "FeelsLikeC": "19", "FeelsLikeF": "67", "HeatIndexC": "19", "HeatIndexF": "67", "humidity": "74", "precipMM": "0.0", "pressure": "1014", "tempC": "19", "tempF": "67", "time": "2300", "visibility": "10", "weatherCode": "113",  "weatherDesc": [ {"value": "Clear" } ],  "weatherIconUrl": [ {"value": "http:\/\/cdn.worldweatheronline.net\/images\/wsymbols01_png_64\/wsymbol_0008_clear_sky_night.png" } ], "WindChillC": "19", "WindChillF": "67", "winddir16Point": "N", "winddirDegree": "359", "WindGustKmph": "25", "WindGustMiles": "15", "windspeedKmph": "12", "windspeedMiles": "7" } ], "maxtempC": "29", "maxtempF": "85", "mintempC": "18", "mintempF": "64" } ] }}