{ "data": { "request": [ {"query": "Lat 23.50 and Lon 120.42", "type": "LatLon" } ],  "weather": [ { "astronomy": [ {"moonrise": "No moonrise", "moonset": "10:39 AM", "sunrise": "06:18 AM", "sunset": "06:03 PM" } ], "date": "2013-03-04",  "hourly": [ {"cloudcover": "8", "DewPointC": "7", "DewPointF": "45", "FeelsLikeC": "11", "FeelsLikeF": "52", "HeatIndexC": "12", "HeatIndexF": "54", "humidity": "70", "precipMM": "0.0", "pressure": "1022", "tempC": "12", "tempF": "54", "time": "200", "visibility": "10", "weatherCode": "113",  "weatherDesc": [ {"value": "Clear" } ],  "weatherIconUrl": [ {"value": "http:\/\/cdn.worldweatheronline.net\/images\/wsymbols01_png_64\/wsymbol_0008_clear_sky_night.png" } ], "WindChillC": "11", "WindChillF": "52", "winddir16Point": "NNE", "winddirDegree": "22", "WindGustKmph": "24", "WindGustMiles": "15", "windspeedKmph": "12", "windspeedMiles": "7" }, {"cloudcover": "9", "DewPointC": "7", "DewPointF": "44", "FeelsLikeC": "11", "FeelsLikeF": "53", "HeatIndexC": "12", "HeatIndexF": "54", "humidity": "69", "precipMM": "0.0", "pressure": "1021", "tempC": "12", "tempF": "54", "time": "500", "visibility": "10", "weatherCode": "113",  "weatherDesc": [ {"value": "Clear" } ],  "weatherIconUrl": [ {"value": "http:\/\/cdn.worldweatheronline.net\/images\/wsymbols01_png_64\/wsymbol_0008_clear_sky_night.png" } ], "WindChillC": "11", "WindChillF": "53", "winddir16Point": "NNE", "winddirDegree": "34", "WindGustKmph": "19", "WindGustMiles": "12", "windspeedKmph": "9", "windspeedMiles": "6" }, {"cloudcover": "7", "DewPointC": "9", "DewPointF": "48", "FeelsLikeC": "17", "FeelsLikeF": "63", "HeatIndexC": "17", "HeatIndexF": "63", "humidity": "57", "precipMM": "0.0", "pressure": "1023", "tempC": "16", "tempF": "60", "time": "800", "visibility": "10", "weatherCode": "113",  "weatherDesc": [ {"value": "Sunny" } ],  "weatherIconUrl": [ {"value": "http:\/\/cdn.worldweatheronline.net\/images\/wsymbols01_png_64\/wsymbol_0001_sunny.png" } ], "WindChillC": "17", "WindChillF": "63", "winddir16Point": "NNE", "winddirDegree": "19", "WindGustKmph": "11", "WindGustMiles": "7", "windspeedKmph": "9", "windspeedMiles": "5" }, {"cloudcover": "6", "DewPointC": "9", "DewPointF": "48", "FeelsLikeC": "22", "FeelsLikeF": "72", "HeatIndexC": "24", "HeatIndexF": "76", "humidity": "43", "precipMM": "0.0", "pressure": "1023", "tempC": "21", "tempF": "70", "time": "1100", "visibility": "10", "weatherCode": "113",  "weatherDesc": [ {"value": "Sunny" } ],  "weatherIconUrl": [ {"value": "http:\/\/cdn.worldweatheronline.net\/images\/wsymbols01_png_64\/wsymbol_0001_sunny.png" } ], "WindChillC": "22", "WindChillF": "72", "winddir16Point": "NNW", "winddirDegree": "330", "WindGustKmph": "19", "WindGustMiles": "12", "windspeedKmph": "17", "windspeedMiles": "10" }, {"cloudcover": "3", "DewPointC": "8", "DewPointF": "47", "FeelsLikeC": "24", "FeelsLikeF": "76", "HeatIndexC": "24", "HeatIndexF": "76", "humidity": "39", "precipMM": "0.0", "pressure": "1022", "tempC": "22", "tempF": "72", "time": "1400", "visibility": "10", "weatherCode": "113",  "weatherDesc": [ {"value": "Sunny" } ],  "weatherIconUrl": [ {"value": "http:\/\/cdn.worldweatheronline.net\/images\/wsymbols01_png_64\/wsymbol_0001_sunny.png" } ], "WindChillC": "23", "WindChillF": "73", "winddir16Point": "NNW", "winddirDegree": "329", "WindGustKmph": "22", "WindGustMiles": "14", "windspeedKmph": "19", "windspeedMiles": "12" }, {"cloudcover": "4", "DewPointC": "9", "DewPointF": "48", "FeelsLikeC": "22", "FeelsLikeF": "71", "HeatIndexC": "24", "HeatIndexF": "75", "humidity": "44", "precipMM": "0.0", "pressure": "1021", "tempC": "20", "tempF": "69", "time": "1700", "visibility": "10", "weatherCode": "113",  "weatherDesc": [ {"value": "Sunny" } ],  "weatherIconUrl": [ {"value": "http:\/\/cdn.worldweatheronline.net\/images\/wsymbols01_png_64\/wsymbol_0001_sunny.png" } ], "WindChillC": "22", "WindChillF": "71", "winddir16Point": "NNW", "winddirDegree": "341", "WindGustKmph": "22", "WindGustMiles": "13", "windspeedKmph": "19", "windspeedMiles": "12" }, {"cloudcover": "3", "DewPointC": "8", "DewPointF": "47", "FeelsLikeC": "16", "FeelsLikeF": "62", "HeatIndexC": "16", "HeatIndexF": "62", "humidity": "59", "precipMM": "0.0", "pressure": "1023", "tempC": "16", "tempF": "62", "time": "2000", "visibility": "10", "weatherCode": "113",  "weatherDesc": [ {"value": "Clear" } ],  "weatherIconUrl": [ {"value": "http:\/\/cdn.worldweatheronline.net\/images\/wsymbols01_png_64\/wsymbol_0008_clear_sky_night.png" } ], "WindChillC": "16", "WindChillF": "62", "winddir16Point": "NNE", "winddirDegree": "26", "WindGustKmph": "21", "WindGustMiles": "13", "windspeedKmph": "12", "windspeedMiles": "7" }, {"cloudcover": "18", "DewPointC": "7", "DewPointF": "45", "FeelsLikeC": "13", "FeelsLikeF": "56", "HeatIndexC": "14", "HeatIndexF": "56", "humidity": "65", "precipMM": "0.0", "pressure": "1024", "tempC": "14", "tempF": "56", "time": "2300", "visibility": "10", "weatherCode": "113",  "weatherDesc": [ {"value": "Clear" } ],  "weatherIconUrl": [ {"value": "http:\/\/cdn.worldweatheronline.net\/images\/wsymbols01_png_64\/wsymbol_0008_clear_sky_night.png" } ], "WindChillC": "13", "WindChillF": "56", "winddir16Point": "NE", "winddirDegree": "55", "WindGustKmph": "15", "WindGustMiles": "9", "windspeedKmph": "7", "windspeedMiles": "4" } ], "maxtempC": "22", "maxtempF": "72", "mintempC": "12", "mintempF": "54" } ] }}