{ "data": { "request": [ {"query": "Lat 23.50 and Lon 120.42", "type": "LatLon" } ],  "weather": [ { "astronomy": [ {"moonrise": "06:47 PM", "moonset": "06:59 AM", "sunrise": "06:40 AM", "sunset": "05:43 PM" } ], "date": "2013-01-28",  "hourly": [ {"cloudcover": "2", "DewPointC": "8", "DewPointF": "47", "FeelsLikeC": "13", "FeelsLikeF": "55", "HeatIndexC": "13", "HeatIndexF": "55", "humidity": "73", "precipMM": "0.0", "pressure": "1022", "tempC": "13", "tempF": "55", "time": "200", "visibility": "10", "weatherCode": "113",  "weatherDesc": [ {"value": "Clear" } ],  "weatherIconUrl": [ {"value": "http:\/\/cdn.worldweatheronline.net\/images\/wsymbols01_png_64\/wsymbol_0008_clear_sky_night.png" } ], "WindChillC": "13", "WindChillF": "55", "winddir16Point": "E", "winddirDegree": "81", "WindGustKmph": "14", "WindGustMiles": "9", "windspeedKmph": "6", "windspeedMiles": "4" }, {"cloudcover": "2", "DewPointC": "7", "DewPointF": "44", "FeelsLikeC": "11", "FeelsLikeF": "51", "HeatIndexC": "12", "HeatIndexF": "53", "humidity": "72", "precipMM": "0.0", "pressure": "1022", "tempC": "12", "tempF": "53", "time": "500", "visibility": "10", "weatherCode": "113",  "weatherDesc": [ {"value": "Clear" } ],  "weatherIconUrl": [ {"value": "http:\/\/cdn.worldweatheronline.net\/images\/wsymbols01_png_64\/wsymbol_0008_clear_sky_night.png" } ], "WindChillC": "11", "WindChillF": "51", "winddir16Point": "E", "winddirDegree": "83", "WindGustKmph": "16", "WindGustMiles": "10", "windspeedKmph": "8", "windspeedMiles": "5" }, {"cloudcover": "2", "DewPointC": "9", "DewPointF": "48", "FeelsLikeC": "15", "FeelsLikeF": "59", "HeatIndexC": "15", "HeatIndexF": "59", "humidity": "66", "precipMM": "0.0", "pressure": "1023", "tempC": "15", "tempF": "58", "time": "800", "visibility": "10", "weatherCode": "113",  "weatherDesc": [ {"value": "Sunny" } ],  "weatherIconUrl": [ {"value": "http:\/\/cdn.worldweatheronline.net\/images\/wsymbols01_png_64\/wsymbol_0001_sunny.png" } ], "WindChillC": "15", "WindChillF": "59", "winddir16Point": "E", "winddirDegree": "83", "WindGustKmph": "14", "WindGustMiles": "9", "windspeedKmph": "8", "windspeedMiles": "5" }, {"cloudcover": "3", "DewPointC": "8", "DewPointF": "47", "FeelsLikeC": "21", "FeelsLikeF": "69", "HeatIndexC": "21", "HeatIndexF": "69", "humidity": "46", "precipMM": "0.0", "pressure": "1023", "tempC": "20", "tempF": "67", "time": "1100", "visibility": "10", "weatherCode": "113",  "weatherDesc": [ {"value": "Sunny" } ],  "weatherIconUrl": [ {"value": "http:\/\/cdn.worldweatheronline.net\/images\/wsymbols01_png_64\/wsymbol_0001_sunny.png" } ], "WindChillC": "21", "WindChillF": "69", "winddir16Point": "WNW", "winddirDegree": "301", "WindGustKmph": "9", "WindGustMiles": "5", "windspeedKmph": "8", "windspeedMiles": "5" }, {"cloudcover": "4", "DewPointC": "10", "DewPointF": "50", "FeelsLikeC": "22", "FeelsLikeF": "72", "HeatIndexC": "24", "HeatIndexF": "76", "humidity": "46", "precipMM": "0.0", "pressure": "1021", "tempC": "21", "tempF": "70", "time": "1400", "visibility": "10", "weatherCode": "113",  "weatherDesc": [ {"value": "Sunny" } ],  "weatherIconUrl": [ {"value": "http:\/\/cdn.worldweatheronline.net\/images\/wsymbols01_png_64\/wsymbol_0001_sunny.png" } ], "WindChillC": "22", "WindChillF": "72", "winddir16Point": "WNW", "winddirDegree": "300", "WindGustKmph": "13", "WindGustMiles": "8", "windspeedKmph": "11", "windspeedMiles": "7" }, {"cloudcover": "3", "DewPointC": "12", "DewPointF": "53", "FeelsLikeC": "21", "FeelsLikeF": "69", "HeatIndexC": "21", "HeatIndexF": "69", "humidity": "56", "precipMM": "0.0", "pressure": "1022", "tempC": "19", "tempF": "66", "time": "1700", "visibility": "10", "weatherCode": "113",  "weatherDesc": [ {"value": "Sunny" } ],  "weatherIconUrl": [ {"value": "http:\/\/cdn.worldweatheronline.net\/images\/wsymbols01_png_64\/wsymbol_0001_sunny.png" } ], "WindChillC": "21", "WindChillF": "69", "winddir16Point": "NW", "winddirDegree": "324", "WindGustKmph": "12", "WindGustMiles": "7", "windspeedKmph": "10", "windspeedMiles": "6" }, {"cloudcover": "5", "DewPointC": "10", "DewPointF": "50", "FeelsLikeC": "16", "FeelsLikeF": "61", "HeatIndexC": "15", "HeatIndexF": "59", "humidity": "72", "precipMM": "0.0", "pressure": "1022", "tempC": "15", "tempF": "59", "time": "2000", "visibility": "10", "weatherCode": "113",  "weatherDesc": [ {"value": "Clear" } ],  "weatherIconUrl": [ {"value": "http:\/\/cdn.worldweatheronline.net\/images\/wsymbols01_png_64\/wsymbol_0008_clear_sky_night.png" } ], "WindChillC": "16", "WindChillF": "61", "winddir16Point": "ENE", "winddirDegree": "57", "WindGustKmph": "7", "WindGustMiles": "4", "windspeedKmph": "3", "windspeedMiles": "2" }, {"cloudcover": "4", "DewPointC": "8", "DewPointF": "46", "FeelsLikeC": "13", "FeelsLikeF": "56", "HeatIndexC": "13", "HeatIndexF": "55", "humidity": "72", "precipMM": "0.0", "pressure": "1022", "tempC": "13", "tempF": "55", "time": "2300", "visibility": "10", "weatherCode": "113",  "weatherDesc": [ {"value": "Clear" } ],  "weatherIconUrl": [ {"value": "http:\/\/cdn.worldweatheronline.net\/images\/wsymbols01_png_64\/wsymbol_0008_clear_sky_night.png" } ], "WindChillC": "13", "WindChillF": "56", "winddir16Point": "ESE", "winddirDegree": "112", "WindGustKmph": "8", "WindGustMiles": "5", "windspeedKmph": "4", "windspeedMiles": "2" } ], "maxtempC": "21", "maxtempF": "70", "mintempC": "12", "mintempF": "53" } ] }}