{ "data": { "request": [ {"query": "Lat 23.50 and Lon 120.42", "type": "LatLon" } ],  "weather": [ { "astronomy": [ {"moonrise": "08:13 PM", "moonset": "06:54 AM", "sunrise": "05:54 AM", "sunset": "06:13 PM" } ], "date": "2013-03-29",  "hourly": [ {"cloudcover": "11", "DewPointC": "15", "DewPointF": "59", "FeelsLikeC": "19", "FeelsLikeF": "66", "HeatIndexC": "19", "HeatIndexF": "66", "humidity": "79", "precipMM": "0.6", "pressure": "1013", "tempC": "19", "tempF": "66", "time": "200", "visibility": "10", "weatherCode": "113",  "weatherDesc": [ {"value": "Clear" } ],  "weatherIconUrl": [ {"value": "http:\/\/cdn.worldweatheronline.net\/images\/wsymbols01_png_64\/wsymbol_0008_clear_sky_night.png" } ], "WindChillC": "19", "WindChillF": "66", "winddir16Point": "NE", "winddirDegree": "38", "WindGustKmph": "6", "WindGustMiles": "4", "windspeedKmph": "3", "windspeedMiles": "2" }, {"cloudcover": "21", "DewPointC": "14", "DewPointF": "57", "FeelsLikeC": "18", "FeelsLikeF": "65", "HeatIndexC": "18", "HeatIndexF": "65", "humidity": "75", "precipMM": "0.1", "pressure": "1013", "tempC": "18", "tempF": "65", "time": "500", "visibility": "10", "weatherCode": "113",  "weatherDesc": [ {"value": "Clear" } ],  "weatherIconUrl": [ {"value": "http:\/\/cdn.worldweatheronline.net\/images\/wsymbols01_png_64\/wsymbol_0008_clear_sky_night.png" } ], "WindChillC": "18", "WindChillF": "65", "winddir16Point": "ESE", "winddirDegree": "116", "WindGustKmph": "1", "WindGustMiles": "1", "windspeedKmph": "1", "windspeedMiles": "0" }, {"cloudcover": "20", "DewPointC": "14", "DewPointF": "58", "FeelsLikeC": "23", "FeelsLikeF": "73", "HeatIndexC": "25", "HeatIndexF": "77", "humidity": "58", "precipMM": "0.1", "pressure": "1014", "tempC": "21", "tempF": "70", "time": "800", "visibility": "10", "weatherCode": "113",  "weatherDesc": [ {"value": "Sunny" } ],  "weatherIconUrl": [ {"value": "http:\/\/cdn.worldweatheronline.net\/images\/wsymbols01_png_64\/wsymbol_0001_sunny.png" } ], "WindChillC": "23", "WindChillF": "73", "winddir16Point": "NE", "winddirDegree": "46", "WindGustKmph": "4", "WindGustMiles": "2", "windspeedKmph": "4", "windspeedMiles": "2" }, {"cloudcover": "26", "DewPointC": "17", "DewPointF": "63", "FeelsLikeC": "29", "FeelsLikeF": "84", "HeatIndexC": "29", "HeatIndexF": "84", "humidity": "52", "precipMM": "0.5", "pressure": "1015", "tempC": "26", "tempF": "79", "time": "1100", "visibility": "9", "weatherCode": "176",  "weatherDesc": [ {"value": "Patchy rain nearby" } ],  "weatherIconUrl": [ {"value": "http:\/\/cdn.worldweatheronline.net\/images\/wsymbols01_png_64\/wsymbol_0009_light_rain_showers.png" } ], "WindChillC": "28", "WindChillF": "82", "winddir16Point": "NW", "winddirDegree": "319", "WindGustKmph": "7", "WindGustMiles": "4", "windspeedKmph": "6", "windspeedMiles": "4" }, {"cloudcover": "26", "DewPointC": "18", "DewPointF": "64", "FeelsLikeC": "30", "FeelsLikeF": "87", "HeatIndexC": "30", "HeatIndexF": "87", "humidity": "51", "precipMM": "0.1", "pressure": "1014", "tempC": "28", "tempF": "82", "time": "1400", "visibility": "10", "weatherCode": "116",  "weatherDesc": [ {"value": "Partly Cloudy" } ],  "weatherIconUrl": [ {"value": "http:\/\/cdn.worldweatheronline.net\/images\/wsymbols01_png_64\/wsymbol_0002_sunny_intervals.png" } ], "WindChillC": "29", "WindChillF": "84", "winddir16Point": "NW", "winddirDegree": "308", "WindGustKmph": "17", "WindGustMiles": "11", "windspeedKmph": "15", "windspeedMiles": "9" }, {"cloudcover": "14", "DewPointC": "18", "DewPointF": "64", "FeelsLikeC": "28", "FeelsLikeF": "83", "HeatIndexC": "28", "HeatIndexF": "83", "humidity": "56", "precipMM": "0.0", "pressure": "1013", "tempC": "25", "tempF": "78", "time": "1700", "visibility": "10", "weatherCode": "113",  "weatherDesc": [ {"value": "Sunny" } ],  "weatherIconUrl": [ {"value": "http:\/\/cdn.worldweatheronline.net\/images\/wsymbols01_png_64\/wsymbol_0001_sunny.png" } ], "WindChillC": "27", "WindChillF": "81", "winddir16Point": "NNW", "winddirDegree": "335", "WindGustKmph": "14", "WindGustMiles": "9", "windspeedKmph": "12", "windspeedMiles": "8" }, {"cloudcover": "11", "DewPointC": "15", "DewPointF": "59", "FeelsLikeC": "22", "FeelsLikeF": "71", "HeatIndexC": "25", "HeatIndexF": "76", "humidity": "66", "precipMM": "0.0", "pressure": "1015", "tempC": "22", "tempF": "71", "time": "2000", "visibility": "10", "weatherCode": "113",  "weatherDesc": [ {"value": "Clear" } ],  "weatherIconUrl": [ {"value": "http:\/\/cdn.worldweatheronline.net\/images\/wsymbols01_png_64\/wsymbol_0008_clear_sky_night.png" } ], "WindChillC": "22", "WindChillF": "71", "winddir16Point": "NNE", "winddirDegree": "14", "WindGustKmph": "17", "WindGustMiles": "10", "windspeedKmph": "11", "windspeedMiles": "7" }, {"cloudcover": "11", "DewPointC": "15", "DewPointF": "59", "FeelsLikeC": "21", "FeelsLikeF": "69", "HeatIndexC": "21", "HeatIndexF": "69", "humidity": "69", "precipMM": "0.0", "pressure": "1016", "tempC": "21", "tempF": "69", "time": "2300", "visibility": "10", "weatherCode": "113",  "weatherDesc": [ {"value": "Clear" } ],  "weatherIconUrl": [ {"value": "http:\/\/cdn.worldweatheronline.net\/images\/wsymbols01_png_64\/wsymbol_0008_clear_sky_night.png" } ], "WindChillC": "21", "WindChillF": "69", "winddir16Point": "N", "winddirDegree": "8", "WindGustKmph": "10", "WindGustMiles": "6", "windspeedKmph": "5", "windspeedMiles": "3" } ], "maxtempC": "28", "maxtempF": "82", "mintempC": "18", "mintempF": "65" } ] }}