{ "data": { "request": [ {"query": "Lat 23.50 and Lon 120.42", "type": "LatLon" } ],  "weather": [ { "astronomy": [ {"moonrise": "06:33 AM", "moonset": "05:59 PM", "sunrise": "06:05 AM", "sunset": "05:18 PM" } ], "date": "2013-11-04",  "hourly": [ {"cloudcover": "33", "DewPointC": "17", "DewPointF": "63", "FeelsLikeC": "22", "FeelsLikeF": "71", "HeatIndexC": "24", "HeatIndexF": "76", "humidity": "76", "precipMM": "0.0", "pressure": "1017", "tempC": "22", "tempF": "71", "time": "200", "visibility": "10", "weatherCode": "116",  "weatherDesc": [ {"value": "Partly Cloudy" } ],  "weatherIconUrl": [ {"value": "http:\/\/cdn.worldweatheronline.net\/images\/wsymbols01_png_64\/wsymbol_0004_black_low_cloud.png" } ], "WindChillC": "22", "WindChillF": "71", "winddir16Point": "NNE", "winddirDegree": "15", "WindGustKmph": "26", "WindGustMiles": "16", "windspeedKmph": "13", "windspeedMiles": "8" }, {"cloudcover": "47", "DewPointC": "17", "DewPointF": "63", "FeelsLikeC": "21", "FeelsLikeF": "70", "HeatIndexC": "24", "HeatIndexF": "76", "humidity": "77", "precipMM": "0.0", "pressure": "1016", "tempC": "21", "tempF": "70", "time": "500", "visibility": "10", "weatherCode": "116",  "weatherDesc": [ {"value": "Partly Cloudy" } ],  "weatherIconUrl": [ {"value": "http:\/\/cdn.worldweatheronline.net\/images\/wsymbols01_png_64\/wsymbol_0004_black_low_cloud.png" } ], "WindChillC": "21", "WindChillF": "70", "winddir16Point": "NNE", "winddirDegree": "29", "WindGustKmph": "24", "WindGustMiles": "15", "windspeedKmph": "12", "windspeedMiles": "7" }, {"cloudcover": "33", "DewPointC": "19", "DewPointF": "66", "FeelsLikeC": "27", "FeelsLikeF": "80", "HeatIndexC": "27", "HeatIndexF": "80", "humidity": "68", "precipMM": "0.0", "pressure": "1018", "tempC": "25", "tempF": "77", "time": "800", "visibility": "10", "weatherCode": "116",  "weatherDesc": [ {"value": "Partly Cloudy" } ],  "weatherIconUrl": [ {"value": "http:\/\/cdn.worldweatheronline.net\/images\/wsymbols01_png_64\/wsymbol_0002_sunny_intervals.png" } ], "WindChillC": "25", "WindChillF": "77", "winddir16Point": "NNE", "winddirDegree": "24", "WindGustKmph": "18", "WindGustMiles": "11", "windspeedKmph": "12", "windspeedMiles": "7" }, {"cloudcover": "27", "DewPointC": "22", "DewPointF": "71", "FeelsLikeC": "35", "FeelsLikeF": "96", "HeatIndexC": "35", "HeatIndexF": "96", "humidity": "56", "precipMM": "0.0", "pressure": "1018", "tempC": "32", "tempF": "89", "time": "1100", "visibility": "10", "weatherCode": "116",  "weatherDesc": [ {"value": "Partly Cloudy" } ],  "weatherIconUrl": [ {"value": "http:\/\/cdn.worldweatheronline.net\/images\/wsymbols01_png_64\/wsymbol_0002_sunny_intervals.png" } ], "WindChillC": "32", "WindChillF": "89", "winddir16Point": "NNW", "winddirDegree": "335", "WindGustKmph": "15", "WindGustMiles": "9", "windspeedKmph": "13", "windspeedMiles": "8" }, {"cloudcover": "24", "DewPointC": "22", "DewPointF": "71", "FeelsLikeC": "36", "FeelsLikeF": "96", "HeatIndexC": "36", "HeatIndexF": "96", "humidity": "57", "precipMM": "0.1", "pressure": "1017", "tempC": "32", "tempF": "89", "time": "1400", "visibility": "10", "weatherCode": "113",  "weatherDesc": [ {"value": "Sunny" } ],  "weatherIconUrl": [ {"value": "http:\/\/cdn.worldweatheronline.net\/images\/wsymbols01_png_64\/wsymbol_0001_sunny.png" } ], "WindChillC": "32", "WindChillF": "89", "winddir16Point": "NNW", "winddirDegree": "329", "WindGustKmph": "19", "WindGustMiles": "12", "windspeedKmph": "17", "windspeedMiles": "11" }, {"cloudcover": "25", "DewPointC": "22", "DewPointF": "72", "FeelsLikeC": "32", "FeelsLikeF": "90", "HeatIndexC": "32", "HeatIndexF": "90", "humidity": "66", "precipMM": "0.1", "pressure": "1017", "tempC": "29", "tempF": "84", "time": "1700", "visibility": "10", "weatherCode": "116",  "weatherDesc": [ {"value": "Partly Cloudy" } ],  "weatherIconUrl": [ {"value": "http:\/\/cdn.worldweatheronline.net\/images\/wsymbols01_png_64\/wsymbol_0002_sunny_intervals.png" } ], "WindChillC": "29", "WindChillF": "84", "winddir16Point": "NNW", "winddirDegree": "347", "WindGustKmph": "16", "WindGustMiles": "10", "windspeedKmph": "14", "windspeedMiles": "9" }, {"cloudcover": "21", "DewPointC": "18", "DewPointF": "65", "FeelsLikeC": "26", "FeelsLikeF": "78", "HeatIndexC": "26", "HeatIndexF": "78", "humidity": "70", "precipMM": "0.1", "pressure": "1018", "tempC": "24", "tempF": "75", "time": "2000", "visibility": "10", "weatherCode": "113",  "weatherDesc": [ {"value": "Clear" } ],  "weatherIconUrl": [ {"value": "http:\/\/cdn.worldweatheronline.net\/images\/wsymbols01_png_64\/wsymbol_0008_clear_sky_night.png" } ], "WindChillC": "24", "WindChillF": "75", "winddir16Point": "NNE", "winddirDegree": "17", "WindGustKmph": "17", "WindGustMiles": "11", "windspeedKmph": "9", "windspeedMiles": "5" }, {"cloudcover": "21", "DewPointC": "17", "DewPointF": "62", "FeelsLikeC": "25", "FeelsLikeF": "76", "HeatIndexC": "25", "HeatIndexF": "76", "humidity": "72", "precipMM": "0.0", "pressure": "1019", "tempC": "22", "tempF": "72", "time": "2300", "visibility": "10", "weatherCode": "113",  "weatherDesc": [ {"value": "Clear" } ],  "weatherIconUrl": [ {"value": "http:\/\/cdn.worldweatheronline.net\/images\/wsymbols01_png_64\/wsymbol_0008_clear_sky_night.png" } ], "WindChillC": "22", "WindChillF": "72", "winddir16Point": "NE", "winddirDegree": "36", "WindGustKmph": "17", "WindGustMiles": "10", "windspeedKmph": "8", "windspeedMiles": "5" } ], "maxtempC": "32", "maxtempF": "89", "mintempC": "21", "mintempF": "70" } ] }}