{ "data": { "request": [ {"query": "Lat 23.50 and Lon 120.42", "type": "LatLon" } ],  "weather": [ { "astronomy": [ {"moonrise": "09:31 PM", "moonset": "09:40 AM", "sunrise": "06:36 AM", "sunset": "05:18 PM" } ], "date": "2013-12-22",  "hourly": [ {"cloudcover": "17", "DewPointC": "8", "DewPointF": "47", "FeelsLikeC": "11", "FeelsLikeF": "51", "HeatIndexC": "12", "HeatIndexF": "53", "humidity": "80", "precipMM": "0.1", "pressure": "1022", "tempC": "12", "tempF": "53", "time": "200", "visibility": "10", "weatherCode": "113",  "weatherDesc": [ {"value": "Clear" } ],  "weatherIconUrl": [ {"value": "http:\/\/cdn.worldweatheronline.net\/images\/wsymbols01_png_64\/wsymbol_0008_clear_sky_night.png" } ], "WindChillC": "11", "WindChillF": "51", "winddir16Point": "NNE", "winddirDegree": "13", "WindGustKmph": "20", "WindGustMiles": "12", "windspeedKmph": "9", "windspeedMiles": "6" }, {"cloudcover": "11", "DewPointC": "8", "DewPointF": "46", "FeelsLikeC": "10", "FeelsLikeF": "50", "HeatIndexC": "11", "HeatIndexF": "53", "humidity": "79", "precipMM": "0.0", "pressure": "1022", "tempC": "11", "tempF": "53", "time": "500", "visibility": "10", "weatherCode": "113",  "weatherDesc": [ {"value": "Clear" } ],  "weatherIconUrl": [ {"value": "http:\/\/cdn.worldweatheronline.net\/images\/wsymbols01_png_64\/wsymbol_0008_clear_sky_night.png" } ], "WindChillC": "10", "WindChillF": "50", "winddir16Point": "NNE", "winddirDegree": "19", "WindGustKmph": "23", "WindGustMiles": "15", "windspeedKmph": "11", "windspeedMiles": "7" }, {"cloudcover": "14", "DewPointC": "11", "DewPointF": "51", "FeelsLikeC": "15", "FeelsLikeF": "59", "HeatIndexC": "15", "HeatIndexF": "59", "humidity": "73", "precipMM": "0.0", "pressure": "1023", "tempC": "15", "tempF": "59", "time": "800", "visibility": "10", "weatherCode": "113",  "weatherDesc": [ {"value": "Sunny" } ],  "weatherIconUrl": [ {"value": "http:\/\/cdn.worldweatheronline.net\/images\/wsymbols01_png_64\/wsymbol_0001_sunny.png" } ], "WindChillC": "15", "WindChillF": "59", "winddir16Point": "NNE", "winddirDegree": "15", "WindGustKmph": "18", "WindGustMiles": "11", "windspeedKmph": "10", "windspeedMiles": "6" }, {"cloudcover": "11", "DewPointC": "13", "DewPointF": "55", "FeelsLikeC": "20", "FeelsLikeF": "69", "HeatIndexC": "20", "HeatIndexF": "69", "humidity": "63", "precipMM": "0.0", "pressure": "1023", "tempC": "20", "tempF": "69", "time": "1100", "visibility": "10", "weatherCode": "113",  "weatherDesc": [ {"value": "Sunny" } ],  "weatherIconUrl": [ {"value": "http:\/\/cdn.worldweatheronline.net\/images\/wsymbols01_png_64\/wsymbol_0001_sunny.png" } ], "WindChillC": "20", "WindChillF": "69", "winddir16Point": "NNW", "winddirDegree": "339", "WindGustKmph": "18", "WindGustMiles": "11", "windspeedKmph": "16", "windspeedMiles": "10" }, {"cloudcover": "9", "DewPointC": "14", "DewPointF": "57", "FeelsLikeC": "25", "FeelsLikeF": "76", "HeatIndexC": "25", "HeatIndexF": "76", "humidity": "60", "precipMM": "0.0", "pressure": "1021", "tempC": "22", "tempF": "72", "time": "1400", "visibility": "10", "weatherCode": "113",  "weatherDesc": [ {"value": "Sunny" } ],  "weatherIconUrl": [ {"value": "http:\/\/cdn.worldweatheronline.net\/images\/wsymbols01_png_64\/wsymbol_0001_sunny.png" } ], "WindChillC": "22", "WindChillF": "72", "winddir16Point": "NNW", "winddirDegree": "333", "WindGustKmph": "19", "WindGustMiles": "12", "windspeedKmph": "16", "windspeedMiles": "10" }, {"cloudcover": "7", "DewPointC": "14", "DewPointF": "57", "FeelsLikeC": "19", "FeelsLikeF": "66", "HeatIndexC": "19", "HeatIndexF": "66", "humidity": "72", "precipMM": "0.0", "pressure": "1021", "tempC": "19", "tempF": "66", "time": "1700", "visibility": "10", "weatherCode": "113",  "weatherDesc": [ {"value": "Sunny" } ],  "weatherIconUrl": [ {"value": "http:\/\/cdn.worldweatheronline.net\/images\/wsymbols01_png_64\/wsymbol_0001_sunny.png" } ], "WindChillC": "19", "WindChillF": "66", "winddir16Point": "NNW", "winddirDegree": "336", "WindGustKmph": "12", "WindGustMiles": "7", "windspeedKmph": "10", "windspeedMiles": "6" }, {"cloudcover": "6", "DewPointC": "10", "DewPointF": "50", "FeelsLikeC": "14", "FeelsLikeF": "57", "HeatIndexC": "14", "HeatIndexF": "57", "humidity": "77", "precipMM": "0.0", "pressure": "1022", "tempC": "14", "tempF": "57", "time": "2000", "visibility": "10", "weatherCode": "113",  "weatherDesc": [ {"value": "Clear" } ],  "weatherIconUrl": [ {"value": "http:\/\/cdn.worldweatheronline.net\/images\/wsymbols01_png_64\/wsymbol_0008_clear_sky_night.png" } ], "WindChillC": "14", "WindChillF": "57", "winddir16Point": "NNE", "winddirDegree": "19", "WindGustKmph": "14", "WindGustMiles": "9", "windspeedKmph": "7", "windspeedMiles": "4" }, {"cloudcover": "9", "DewPointC": "10", "DewPointF": "49", "FeelsLikeC": "13", "FeelsLikeF": "56", "HeatIndexC": "13", "HeatIndexF": "56", "humidity": "78", "precipMM": "0.0", "pressure": "1021", "tempC": "13", "tempF": "56", "time": "2300", "visibility": "10", "weatherCode": "113",  "weatherDesc": [ {"value": "Clear" } ],  "weatherIconUrl": [ {"value": "http:\/\/cdn.worldweatheronline.net\/images\/wsymbols01_png_64\/wsymbol_0008_clear_sky_night.png" } ], "WindChillC": "13", "WindChillF": "56", "winddir16Point": "NNE", "winddirDegree": "32", "WindGustKmph": "13", "WindGustMiles": "8", "windspeedKmph": "6", "windspeedMiles": "4" } ], "maxtempC": "22", "maxtempF": "72", "mintempC": "11", "mintempF": "53" } ] }}