{ "data": { "request": [ {"query": "Lat 23.50 and Lon 120.42", "type": "LatLon" } ],  "weather": [ { "astronomy": [ {"moonrise": "11:14 PM", "moonset": "11:47 AM", "sunrise": "06:01 AM", "sunset": "05:24 PM" } ], "date": "2013-10-26",  "hourly": [ {"cloudcover": "0", "DewPointC": "12", "DewPointF": "53", "FeelsLikeC": "17", "FeelsLikeF": "62", "HeatIndexC": "17", "HeatIndexF": "62", "humidity": "72", "precipMM": "0.0", "pressure": "1015", "tempC": "17", "tempF": "62", "time": "200", "visibility": "10", "weatherCode": "113",  "weatherDesc": [ {"value": "Clear" } ],  "weatherIconUrl": [ {"value": "http:\/\/cdn.worldweatheronline.net\/images\/wsymbols01_png_64\/wsymbol_0008_clear_sky_night.png" } ], "WindChillC": "17", "WindChillF": "62", "winddir16Point": "NNE", "winddirDegree": "19", "WindGustKmph": "23", "WindGustMiles": "14", "windspeedKmph": "11", "windspeedMiles": "7" }, {"cloudcover": "0", "DewPointC": "12", "DewPointF": "53", "FeelsLikeC": "16", "FeelsLikeF": "61", "HeatIndexC": "16", "HeatIndexF": "61", "humidity": "75", "precipMM": "0.0", "pressure": "1015", "tempC": "16", "tempF": "61", "time": "500", "visibility": "10", "weatherCode": "113",  "weatherDesc": [ {"value": "Clear" } ],  "weatherIconUrl": [ {"value": "http:\/\/cdn.worldweatheronline.net\/images\/wsymbols01_png_64\/wsymbol_0008_clear_sky_night.png" } ], "WindChillC": "16", "WindChillF": "61", "winddir16Point": "NNE", "winddirDegree": "33", "WindGustKmph": "23", "WindGustMiles": "14", "windspeedKmph": "11", "windspeedMiles": "7" }, {"cloudcover": "0", "DewPointC": "14", "DewPointF": "56", "FeelsLikeC": "21", "FeelsLikeF": "70", "HeatIndexC": "25", "HeatIndexF": "76", "humidity": "61", "precipMM": "0.0", "pressure": "1017", "tempC": "21", "tempF": "70", "time": "800", "visibility": "10", "weatherCode": "113",  "weatherDesc": [ {"value": "Sunny" } ],  "weatherIconUrl": [ {"value": "http:\/\/cdn.worldweatheronline.net\/images\/wsymbols01_png_64\/wsymbol_0001_sunny.png" } ], "WindChillC": "21", "WindChillF": "70", "winddir16Point": "NNE", "winddirDegree": "11", "WindGustKmph": "17", "WindGustMiles": "11", "windspeedKmph": "13", "windspeedMiles": "8" }, {"cloudcover": "0", "DewPointC": "15", "DewPointF": "59", "FeelsLikeC": "28", "FeelsLikeF": "82", "HeatIndexC": "28", "HeatIndexF": "82", "humidity": "47", "precipMM": "0.0", "pressure": "1019", "tempC": "27", "tempF": "81", "time": "1100", "visibility": "10", "weatherCode": "113",  "weatherDesc": [ {"value": "Sunny" } ],  "weatherIconUrl": [ {"value": "http:\/\/cdn.worldweatheronline.net\/images\/wsymbols01_png_64\/wsymbol_0001_sunny.png" } ], "WindChillC": "27", "WindChillF": "81", "winddir16Point": "NNW", "winddirDegree": "338", "WindGustKmph": "18", "WindGustMiles": "11", "windspeedKmph": "16", "windspeedMiles": "10" }, {"cloudcover": "0", "DewPointC": "14", "DewPointF": "57", "FeelsLikeC": "27", "FeelsLikeF": "81", "HeatIndexC": "27", "HeatIndexF": "81", "humidity": "45", "precipMM": "0.0", "pressure": "1017", "tempC": "27", "tempF": "80", "time": "1400", "visibility": "10", "weatherCode": "113",  "weatherDesc": [ {"value": "Sunny" } ],  "weatherIconUrl": [ {"value": "http:\/\/cdn.worldweatheronline.net\/images\/wsymbols01_png_64\/wsymbol_0001_sunny.png" } ], "WindChillC": "27", "WindChillF": "80", "winddir16Point": "NNW", "winddirDegree": "334", "WindGustKmph": "20", "WindGustMiles": "12", "windspeedKmph": "17", "windspeedMiles": "11" }, {"cloudcover": "0", "DewPointC": "15", "DewPointF": "59", "FeelsLikeC": "26", "FeelsLikeF": "78", "HeatIndexC": "26", "HeatIndexF": "78", "humidity": "56", "precipMM": "0.0", "pressure": "1017", "tempC": "24", "tempF": "76", "time": "1700", "visibility": "10", "weatherCode": "113",  "weatherDesc": [ {"value": "Sunny" } ],  "weatherIconUrl": [ {"value": "http:\/\/cdn.worldweatheronline.net\/images\/wsymbols01_png_64\/wsymbol_0001_sunny.png" } ], "WindChillC": "24", "WindChillF": "76", "winddir16Point": "NNW", "winddirDegree": "343", "WindGustKmph": "18", "WindGustMiles": "11", "windspeedKmph": "16", "windspeedMiles": "10" }, {"cloudcover": "0", "DewPointC": "13", "DewPointF": "56", "FeelsLikeC": "19", "FeelsLikeF": "67", "HeatIndexC": "19", "HeatIndexF": "67", "humidity": "68", "precipMM": "0.0", "pressure": "1018", "tempC": "19", "tempF": "67", "time": "2000", "visibility": "10", "weatherCode": "113",  "weatherDesc": [ {"value": "Clear" } ],  "weatherIconUrl": [ {"value": "http:\/\/cdn.worldweatheronline.net\/images\/wsymbols01_png_64\/wsymbol_0008_clear_sky_night.png" } ], "WindChillC": "19", "WindChillF": "67", "winddir16Point": "NNE", "winddirDegree": "13", "WindGustKmph": "21", "WindGustMiles": "13", "windspeedKmph": "10", "windspeedMiles": "6" }, {"cloudcover": "0", "DewPointC": "13", "DewPointF": "55", "FeelsLikeC": "18", "FeelsLikeF": "64", "HeatIndexC": "18", "HeatIndexF": "64", "humidity": "73", "precipMM": "0.0", "pressure": "1019", "tempC": "18", "tempF": "64", "time": "2300", "visibility": "10", "weatherCode": "113",  "weatherDesc": [ {"value": "Clear" } ],  "weatherIconUrl": [ {"value": "http:\/\/cdn.worldweatheronline.net\/images\/wsymbols01_png_64\/wsymbol_0008_clear_sky_night.png" } ], "WindChillC": "18", "WindChillF": "64", "winddir16Point": "NNE", "winddirDegree": "26", "WindGustKmph": "14", "WindGustMiles": "9", "windspeedKmph": "7", "windspeedMiles": "4" } ], "maxtempC": "27", "maxtempF": "81", "mintempC": "16", "mintempF": "61" } ] }}