{ "data": { "request": [ {"query": "Lat 23.50 and Lon 120.42", "type": "LatLon" } ],  "weather": [ { "astronomy": [ {"moonrise": "02:32 AM", "moonset": "01:42 PM", "sunrise": "06:36 AM", "sunset": "05:49 PM" } ], "date": "2013-02-06",  "hourly": [ {"cloudcover": "6", "DewPointC": "14", "DewPointF": "57", "FeelsLikeC": "17", "FeelsLikeF": "62", "HeatIndexC": "17", "HeatIndexF": "62", "humidity": "85", "precipMM": "0.0", "pressure": "1018", "tempC": "17", "tempF": "62", "time": "200", "visibility": "10", "weatherCode": "113",  "weatherDesc": [ {"value": "Clear" } ],  "weatherIconUrl": [ {"value": "http:\/\/cdn.worldweatheronline.net\/images\/wsymbols01_png_64\/wsymbol_0008_clear_sky_night.png" } ], "WindChillC": "17", "WindChillF": "62", "winddir16Point": "ESE", "winddirDegree": "123", "WindGustKmph": "10", "WindGustMiles": "6", "windspeedKmph": "5", "windspeedMiles": "3" }, {"cloudcover": "8", "DewPointC": "14", "DewPointF": "57", "FeelsLikeC": "16", "FeelsLikeF": "60", "HeatIndexC": "16", "HeatIndexF": "61", "humidity": "86", "precipMM": "0.0", "pressure": "1017", "tempC": "16", "tempF": "61", "time": "500", "visibility": "10", "weatherCode": "113",  "weatherDesc": [ {"value": "Clear" } ],  "weatherIconUrl": [ {"value": "http:\/\/cdn.worldweatheronline.net\/images\/wsymbols01_png_64\/wsymbol_0008_clear_sky_night.png" } ], "WindChillC": "16", "WindChillF": "60", "winddir16Point": "ESE", "winddirDegree": "113", "WindGustKmph": "10", "WindGustMiles": "6", "windspeedKmph": "5", "windspeedMiles": "3" }, {"cloudcover": "8", "DewPointC": "16", "DewPointF": "61", "FeelsLikeC": "21", "FeelsLikeF": "70", "HeatIndexC": "22", "HeatIndexF": "72", "humidity": "73", "precipMM": "0.0", "pressure": "1018", "tempC": "19", "tempF": "67", "time": "800", "visibility": "10", "weatherCode": "113",  "weatherDesc": [ {"value": "Sunny" } ],  "weatherIconUrl": [ {"value": "http:\/\/cdn.worldweatheronline.net\/images\/wsymbols01_png_64\/wsymbol_0001_sunny.png" } ], "WindChillC": "21", "WindChillF": "70", "winddir16Point": "SE", "winddirDegree": "145", "WindGustKmph": "8", "WindGustMiles": "5", "windspeedKmph": "5", "windspeedMiles": "3" }, {"cloudcover": "8", "DewPointC": "18", "DewPointF": "64", "FeelsLikeC": "27", "FeelsLikeF": "80", "HeatIndexC": "27", "HeatIndexF": "80", "humidity": "63", "precipMM": "0.0", "pressure": "1019", "tempC": "24", "tempF": "75", "time": "1100", "visibility": "10", "weatherCode": "113",  "weatherDesc": [ {"value": "Sunny" } ],  "weatherIconUrl": [ {"value": "http:\/\/cdn.worldweatheronline.net\/images\/wsymbols01_png_64\/wsymbol_0001_sunny.png" } ], "WindChillC": "25", "WindChillF": "78", "winddir16Point": "NW", "winddirDegree": "311", "WindGustKmph": "15", "WindGustMiles": "9", "windspeedKmph": "13", "windspeedMiles": "8" }, {"cloudcover": "10", "DewPointC": "18", "DewPointF": "64", "FeelsLikeC": "28", "FeelsLikeF": "82", "HeatIndexC": "28", "HeatIndexF": "82", "humidity": "61", "precipMM": "0.0", "pressure": "1017", "tempC": "25", "tempF": "76", "time": "1400", "visibility": "10", "weatherCode": "113",  "weatherDesc": [ {"value": "Sunny" } ],  "weatherIconUrl": [ {"value": "http:\/\/cdn.worldweatheronline.net\/images\/wsymbols01_png_64\/wsymbol_0001_sunny.png" } ], "WindChillC": "26", "WindChillF": "79", "winddir16Point": "NW", "winddirDegree": "324", "WindGustKmph": "17", "WindGustMiles": "11", "windspeedKmph": "15", "windspeedMiles": "9" }, {"cloudcover": "10", "DewPointC": "17", "DewPointF": "62", "FeelsLikeC": "25", "FeelsLikeF": "77", "HeatIndexC": "25", "HeatIndexF": "77", "humidity": "64", "precipMM": "0.0", "pressure": "1017", "tempC": "23", "tempF": "73", "time": "1700", "visibility": "10", "weatherCode": "113",  "weatherDesc": [ {"value": "Sunny" } ],  "weatherIconUrl": [ {"value": "http:\/\/cdn.worldweatheronline.net\/images\/wsymbols01_png_64\/wsymbol_0001_sunny.png" } ], "WindChillC": "24", "WindChillF": "75", "winddir16Point": "NNW", "winddirDegree": "345", "WindGustKmph": "17", "WindGustMiles": "10", "windspeedKmph": "14", "windspeedMiles": "9" }, {"cloudcover": "12", "DewPointC": "13", "DewPointF": "56", "FeelsLikeC": "20", "FeelsLikeF": "67", "HeatIndexC": "21", "HeatIndexF": "70", "humidity": "68", "precipMM": "0.0", "pressure": "1019", "tempC": "20", "tempF": "67", "time": "2000", "visibility": "10", "weatherCode": "113",  "weatherDesc": [ {"value": "Clear" } ],  "weatherIconUrl": [ {"value": "http:\/\/cdn.worldweatheronline.net\/images\/wsymbols01_png_64\/wsymbol_0008_clear_sky_night.png" } ], "WindChillC": "20", "WindChillF": "67", "winddir16Point": "NNE", "winddirDegree": "27", "WindGustKmph": "20", "WindGustMiles": "12", "windspeedKmph": "11", "windspeedMiles": "7" }, {"cloudcover": "10", "DewPointC": "11", "DewPointF": "51", "FeelsLikeC": "16", "FeelsLikeF": "62", "HeatIndexC": "17", "HeatIndexF": "62", "humidity": "70", "precipMM": "0.0", "pressure": "1019", "tempC": "17", "tempF": "62", "time": "2300", "visibility": "10", "weatherCode": "113",  "weatherDesc": [ {"value": "Clear" } ],  "weatherIconUrl": [ {"value": "http:\/\/cdn.worldweatheronline.net\/images\/wsymbols01_png_64\/wsymbol_0008_clear_sky_night.png" } ], "WindChillC": "16", "WindChillF": "62", "winddir16Point": "ESE", "winddirDegree": "103", "WindGustKmph": "15", "WindGustMiles": "9", "windspeedKmph": "7", "windspeedMiles": "4" } ], "maxtempC": "25", "maxtempF": "76", "mintempC": "16", "mintempF": "61" } ] }}