{ "data": { "request": [ {"query": "Lat 23.50 and Lon 120.42", "type": "LatLon" } ],  "weather": [ { "astronomy": [ {"moonrise": "09:25 AM", "moonset": "09:50 PM", "sunrise": "05:20 AM", "sunset": "06:48 PM" } ], "date": "2013-07-13",  "hourly": [ {"cloudcover": "81", "DewPointC": "22", "DewPointF": "72", "FeelsLikeC": "26", "FeelsLikeF": "78", "HeatIndexC": "26", "HeatIndexF": "78", "humidity": "94", "precipMM": "15.7", "pressure": "984", "tempC": "23", "tempF": "74", "time": "200", "visibility": "5", "weatherCode": "308",  "weatherDesc": [ {"value": "Heavy rain" } ],  "weatherIconUrl": [ {"value": "http:\/\/cdn.worldweatheronline.net\/images\/wsymbols01_png_64\/wsymbol_0034_cloudy_with_heavy_rain_night.png" } ], "WindChillC": "23", "WindChillF": "74", "winddir16Point": "NW", "winddirDegree": "321", "WindGustKmph": "85", "WindGustMiles": "53", "windspeedKmph": "42", "windspeedMiles": "26" }, {"cloudcover": "81", "DewPointC": "22", "DewPointF": "71", "FeelsLikeC": "25", "FeelsLikeF": "77", "HeatIndexC": "25", "HeatIndexF": "77", "humidity": "93", "precipMM": "55.8", "pressure": "982", "tempC": "23", "tempF": "73", "time": "500", "visibility": "5", "weatherCode": "308",  "weatherDesc": [ {"value": "Heavy rain" } ],  "weatherIconUrl": [ {"value": "http:\/\/cdn.worldweatheronline.net\/images\/wsymbols01_png_64\/wsymbol_0034_cloudy_with_heavy_rain_night.png" } ], "WindChillC": "23", "WindChillF": "73", "winddir16Point": "W", "winddirDegree": "260", "WindGustKmph": "102", "WindGustMiles": "63", "windspeedKmph": "48", "windspeedMiles": "30" }, {"cloudcover": "68", "DewPointC": "23", "DewPointF": "74", "FeelsLikeC": "27", "FeelsLikeF": "81", "HeatIndexC": "27", "HeatIndexF": "81", "humidity": "93", "precipMM": "56.5", "pressure": "987", "tempC": "24", "tempF": "74", "time": "800", "visibility": "6", "weatherCode": "305",  "weatherDesc": [ {"value": "Heavy rain at times" } ],  "weatherIconUrl": [ {"value": "http:\/\/cdn.worldweatheronline.net\/images\/wsymbols01_png_64\/wsymbol_0010_heavy_rain_showers.png" } ], "WindChillC": "24", "WindChillF": "76", "winddir16Point": "SSW", "winddirDegree": "210", "WindGustKmph": "102", "WindGustMiles": "63", "windspeedKmph": "49", "windspeedMiles": "30" }, {"cloudcover": "57", "DewPointC": "24", "DewPointF": "75", "FeelsLikeC": "30", "FeelsLikeF": "85", "HeatIndexC": "30", "HeatIndexF": "85", "humidity": "89", "precipMM": "11.1", "pressure": "993", "tempC": "25", "tempF": "77", "time": "1100", "visibility": "6", "weatherCode": "305",  "weatherDesc": [ {"value": "Heavy rain at times" } ],  "weatherIconUrl": [ {"value": "http:\/\/cdn.worldweatheronline.net\/images\/wsymbols01_png_64\/wsymbol_0010_heavy_rain_showers.png" } ], "WindChillC": "26", "WindChillF": "79", "winddir16Point": "SSW", "winddirDegree": "193", "WindGustKmph": "84", "WindGustMiles": "52", "windspeedKmph": "46", "windspeedMiles": "29" }, {"cloudcover": "46", "DewPointC": "25", "DewPointF": "76", "FeelsLikeC": "31", "FeelsLikeF": "89", "HeatIndexC": "31", "HeatIndexF": "89", "humidity": "86", "precipMM": "7.0", "pressure": "997", "tempC": "26", "tempF": "78", "time": "1400", "visibility": "7", "weatherCode": "356",  "weatherDesc": [ {"value": "Moderate or heavy rain shower" } ],  "weatherIconUrl": [ {"value": "http:\/\/cdn.worldweatheronline.net\/images\/wsymbols01_png_64\/wsymbol_0010_heavy_rain_showers.png" } ], "WindChillC": "27", "WindChillF": "81", "winddir16Point": "S", "winddirDegree": "176", "WindGustKmph": "60", "WindGustMiles": "38", "windspeedKmph": "35", "windspeedMiles": "21" }, {"cloudcover": "33", "DewPointC": "23", "DewPointF": "73", "FeelsLikeC": "30", "FeelsLikeF": "85", "HeatIndexC": "30", "HeatIndexF": "85", "humidity": "81", "precipMM": "0.9", "pressure": "999", "tempC": "26", "tempF": "78", "time": "1700", "visibility": "9", "weatherCode": "176",  "weatherDesc": [ {"value": "Patchy rain nearby" } ],  "weatherIconUrl": [ {"value": "http:\/\/cdn.worldweatheronline.net\/images\/wsymbols01_png_64\/wsymbol_0009_light_rain_showers.png" } ], "WindChillC": "27", "WindChillF": "80", "winddir16Point": "SSE", "winddirDegree": "168", "WindGustKmph": "31", "WindGustMiles": "19", "windspeedKmph": "24", "windspeedMiles": "15" }, {"cloudcover": "25", "DewPointC": "21", "DewPointF": "70", "FeelsLikeC": "27", "FeelsLikeF": "80", "HeatIndexC": "27", "HeatIndexF": "80", "humidity": "81", "precipMM": "0.1", "pressure": "1002", "tempC": "25", "tempF": "76", "time": "2000", "visibility": "10", "weatherCode": "116",  "weatherDesc": [ {"value": "Partly Cloudy" } ],  "weatherIconUrl": [ {"value": "http:\/\/cdn.worldweatheronline.net\/images\/wsymbols01_png_64\/wsymbol_0004_black_low_cloud.png" } ], "WindChillC": "25", "WindChillF": "76", "winddir16Point": "SSE", "winddirDegree": "161", "WindGustKmph": "42", "WindGustMiles": "26", "windspeedKmph": "23", "windspeedMiles": "15" }, {"cloudcover": "30", "DewPointC": "20", "DewPointF": "69", "FeelsLikeC": "26", "FeelsLikeF": "79", "HeatIndexC": "26", "HeatIndexF": "79", "humidity": "80", "precipMM": "0.0", "pressure": "1005", "tempC": "24", "tempF": "75", "time": "2300", "visibility": "10", "weatherCode": "116",  "weatherDesc": [ {"value": "Partly Cloudy" } ],  "weatherIconUrl": [ {"value": "http:\/\/cdn.worldweatheronline.net\/images\/wsymbols01_png_64\/wsymbol_0004_black_low_cloud.png" } ], "WindChillC": "24", "WindChillF": "75", "winddir16Point": "SSE", "winddirDegree": "162", "WindGustKmph": "41", "WindGustMiles": "25", "windspeedKmph": "21", "windspeedMiles": "13" } ], "maxtempC": "26", "maxtempF": "78", "mintempC": "23", "mintempF": "73" } ] }}