{ "data": { "request": [ {"query": "Lat 23.50 and Lon 120.42", "type": "LatLon" } ],  "weather": [ { "astronomy": [ {"moonrise": "10:09 PM", "moonset": "08:21 AM", "sunrise": "05:27 AM", "sunset": "06:25 PM" } ], "date": "2013-04-29",  "hourly": [ {"cloudcover": "5", "DewPointC": "15", "DewPointF": "60", "FeelsLikeC": "20", "FeelsLikeF": "67", "HeatIndexC": "20", "HeatIndexF": "67", "humidity": "77", "precipMM": "0.0", "pressure": "1013", "tempC": "20", "tempF": "67", "time": "200", "visibility": "10", "weatherCode": "113",  "weatherDesc": [ {"value": "Clear" } ],  "weatherIconUrl": [ {"value": "http:\/\/cdn.worldweatheronline.net\/images\/wsymbols01_png_64\/wsymbol_0008_clear_sky_night.png" } ], "WindChillC": "20", "WindChillF": "67", "winddir16Point": "NNE", "winddirDegree": "19", "WindGustKmph": "5", "WindGustMiles": "3", "windspeedKmph": "2", "windspeedMiles": "1" }, {"cloudcover": "3", "DewPointC": "14", "DewPointF": "57", "FeelsLikeC": "19", "FeelsLikeF": "66", "HeatIndexC": "19", "HeatIndexF": "66", "humidity": "72", "precipMM": "0.0", "pressure": "1013", "tempC": "19", "tempF": "66", "time": "500", "visibility": "10", "weatherCode": "113",  "weatherDesc": [ {"value": "Clear" } ],  "weatherIconUrl": [ {"value": "http:\/\/cdn.worldweatheronline.net\/images\/wsymbols01_png_64\/wsymbol_0008_clear_sky_night.png" } ], "WindChillC": "19", "WindChillF": "66", "winddir16Point": "NE", "winddirDegree": "55", "WindGustKmph": "9", "WindGustMiles": "6", "windspeedKmph": "4", "windspeedMiles": "3" }, {"cloudcover": "3", "DewPointC": "16", "DewPointF": "60", "FeelsLikeC": "27", "FeelsLikeF": "80", "HeatIndexC": "27", "HeatIndexF": "80", "humidity": "52", "precipMM": "0.0", "pressure": "1013", "tempC": "25", "tempF": "76", "time": "800", "visibility": "10", "weatherCode": "113",  "weatherDesc": [ {"value": "Sunny" } ],  "weatherIconUrl": [ {"value": "http:\/\/cdn.worldweatheronline.net\/images\/wsymbols01_png_64\/wsymbol_0001_sunny.png" } ], "WindChillC": "26", "WindChillF": "79", "winddir16Point": "NW", "winddirDegree": "309", "WindGustKmph": "5", "WindGustMiles": "3", "windspeedKmph": "4", "windspeedMiles": "3" }, {"cloudcover": "3", "DewPointC": "19", "DewPointF": "66", "FeelsLikeC": "34", "FeelsLikeF": "92", "HeatIndexC": "34", "HeatIndexF": "92", "humidity": "48", "precipMM": "0.0", "pressure": "1014", "tempC": "30", "tempF": "85", "time": "1100", "visibility": "10", "weatherCode": "113",  "weatherDesc": [ {"value": "Sunny" } ],  "weatherIconUrl": [ {"value": "http:\/\/cdn.worldweatheronline.net\/images\/wsymbols01_png_64\/wsymbol_0001_sunny.png" } ], "WindChillC": "32", "WindChillF": "89", "winddir16Point": "WNW", "winddirDegree": "294", "WindGustKmph": "14", "WindGustMiles": "9", "windspeedKmph": "12", "windspeedMiles": "8" }, {"cloudcover": "3", "DewPointC": "20", "DewPointF": "67", "FeelsLikeC": "34", "FeelsLikeF": "94", "HeatIndexC": "34", "HeatIndexF": "94", "humidity": "49", "precipMM": "0.0", "pressure": "1012", "tempC": "30", "tempF": "87", "time": "1400", "visibility": "10", "weatherCode": "113",  "weatherDesc": [ {"value": "Sunny" } ],  "weatherIconUrl": [ {"value": "http:\/\/cdn.worldweatheronline.net\/images\/wsymbols01_png_64\/wsymbol_0001_sunny.png" } ], "WindChillC": "32", "WindChillF": "89", "winddir16Point": "WNW", "winddirDegree": "294", "WindGustKmph": "17", "WindGustMiles": "11", "windspeedKmph": "15", "windspeedMiles": "9" }, {"cloudcover": "2", "DewPointC": "21", "DewPointF": "70", "FeelsLikeC": "33", "FeelsLikeF": "92", "HeatIndexC": "33", "HeatIndexF": "92", "humidity": "57", "precipMM": "0.0", "pressure": "1011", "tempC": "28", "tempF": "83", "time": "1700", "visibility": "10", "weatherCode": "113",  "weatherDesc": [ {"value": "Sunny" } ],  "weatherIconUrl": [ {"value": "http:\/\/cdn.worldweatheronline.net\/images\/wsymbols01_png_64\/wsymbol_0001_sunny.png" } ], "WindChillC": "30", "WindChillF": "87", "winddir16Point": "WNW", "winddirDegree": "296", "WindGustKmph": "12", "WindGustMiles": "7", "windspeedKmph": "10", "windspeedMiles": "6" }, {"cloudcover": "2", "DewPointC": "21", "DewPointF": "70", "FeelsLikeC": "27", "FeelsLikeF": "81", "HeatIndexC": "27", "HeatIndexF": "81", "humidity": "79", "precipMM": "0.0", "pressure": "1012", "tempC": "25", "tempF": "77", "time": "2000", "visibility": "10", "weatherCode": "113",  "weatherDesc": [ {"value": "Clear" } ],  "weatherIconUrl": [ {"value": "http:\/\/cdn.worldweatheronline.net\/images\/wsymbols01_png_64\/wsymbol_0008_clear_sky_night.png" } ], "WindChillC": "25", "WindChillF": "77", "winddir16Point": "WNW", "winddirDegree": "294", "WindGustKmph": "3", "WindGustMiles": "2", "windspeedKmph": "2", "windspeedMiles": "1" }, {"cloudcover": "4", "DewPointC": "17", "DewPointF": "62", "FeelsLikeC": "21", "FeelsLikeF": "70", "HeatIndexC": "24", "HeatIndexF": "76", "humidity": "76", "precipMM": "0.0", "pressure": "1012", "tempC": "21", "tempF": "70", "time": "2300", "visibility": "10", "weatherCode": "113",  "weatherDesc": [ {"value": "Clear" } ],  "weatherIconUrl": [ {"value": "http:\/\/cdn.worldweatheronline.net\/images\/wsymbols01_png_64\/wsymbol_0008_clear_sky_night.png" } ], "WindChillC": "21", "WindChillF": "70", "winddir16Point": "SW", "winddirDegree": "227", "WindGustKmph": "14", "WindGustMiles": "9", "windspeedKmph": "6", "windspeedMiles": "4" } ], "maxtempC": "30", "maxtempF": "87", "mintempC": "19", "mintempF": "66" } ] }}