{ "data": { "request": [ {"query": "Lat 23.50 and Lon 120.42", "type": "LatLon" } ],  "weather": [ { "astronomy": [ {"moonrise": "07:12 AM", "moonset": "08:39 PM", "sunrise": "05:11 AM", "sunset": "06:45 PM" } ], "date": "2013-06-11",  "hourly": [ {"cloudcover": "11", "DewPointC": "21", "DewPointF": "69", "FeelsLikeC": "28", "FeelsLikeF": "82", "HeatIndexC": "28", "HeatIndexF": "82", "humidity": "73", "precipMM": "0.1", "pressure": "1004", "tempC": "26", "tempF": "78", "time": "200", "visibility": "10", "weatherCode": "113",  "weatherDesc": [ {"value": "Clear" } ],  "weatherIconUrl": [ {"value": "http:\/\/cdn.worldweatheronline.net\/images\/wsymbols01_png_64\/wsymbol_0008_clear_sky_night.png" } ], "WindChillC": "26", "WindChillF": "78", "winddir16Point": "SSE", "winddirDegree": "159", "WindGustKmph": "15", "WindGustMiles": "9", "windspeedKmph": "9", "windspeedMiles": "5" }, {"cloudcover": "9", "DewPointC": "18", "DewPointF": "65", "FeelsLikeC": "26", "FeelsLikeF": "79", "HeatIndexC": "26", "HeatIndexF": "79", "humidity": "70", "precipMM": "0.0", "pressure": "1003", "tempC": "24", "tempF": "76", "time": "500", "visibility": "10", "weatherCode": "113",  "weatherDesc": [ {"value": "Clear" } ],  "weatherIconUrl": [ {"value": "http:\/\/cdn.worldweatheronline.net\/images\/wsymbols01_png_64\/wsymbol_0008_clear_sky_night.png" } ], "WindChillC": "24", "WindChillF": "76", "winddir16Point": "S", "winddirDegree": "169", "WindGustKmph": "19", "WindGustMiles": "12", "windspeedKmph": "9", "windspeedMiles": "6" }, {"cloudcover": "12", "DewPointC": "21", "DewPointF": "69", "FeelsLikeC": "32", "FeelsLikeF": "89", "HeatIndexC": "32", "HeatIndexF": "89", "humidity": "60", "precipMM": "0.1", "pressure": "1003", "tempC": "27", "tempF": "80", "time": "800", "visibility": "10", "weatherCode": "113",  "weatherDesc": [ {"value": "Sunny" } ],  "weatherIconUrl": [ {"value": "http:\/\/cdn.worldweatheronline.net\/images\/wsymbols01_png_64\/wsymbol_0001_sunny.png" } ], "WindChillC": "29", "WindChillF": "85", "winddir16Point": "SW", "winddirDegree": "214", "WindGustKmph": "11", "WindGustMiles": "7", "windspeedKmph": "10", "windspeedMiles": "6" }, {"cloudcover": "18", "DewPointC": "25", "DewPointF": "76", "FeelsLikeC": "42", "FeelsLikeF": "107", "HeatIndexC": "42", "HeatIndexF": "107", "humidity": "57", "precipMM": "0.1", "pressure": "1004", "tempC": "32", "tempF": "90", "time": "1100", "visibility": "10", "weatherCode": "113",  "weatherDesc": [ {"value": "Sunny" } ],  "weatherIconUrl": [ {"value": "http:\/\/cdn.worldweatheronline.net\/images\/wsymbols01_png_64\/wsymbol_0001_sunny.png" } ], "WindChillC": "34", "WindChillF": "94", "winddir16Point": "WSW", "winddirDegree": "251", "WindGustKmph": "16", "WindGustMiles": "10", "windspeedKmph": "14", "windspeedMiles": "9" }, {"cloudcover": "28", "DewPointC": "25", "DewPointF": "76", "FeelsLikeC": "42", "FeelsLikeF": "108", "HeatIndexC": "42", "HeatIndexF": "108", "humidity": "58", "precipMM": "0.5", "pressure": "1003", "tempC": "33", "tempF": "91", "time": "1400", "visibility": "9", "weatherCode": "176",  "weatherDesc": [ {"value": "Patchy rain nearby" } ],  "weatherIconUrl": [ {"value": "http:\/\/cdn.worldweatheronline.net\/images\/wsymbols01_png_64\/wsymbol_0009_light_rain_showers.png" } ], "WindChillC": "34", "WindChillF": "94", "winddir16Point": "W", "winddirDegree": "263", "WindGustKmph": "21", "WindGustMiles": "13", "windspeedKmph": "17", "windspeedMiles": "11" }, {"cloudcover": "16", "DewPointC": "25", "DewPointF": "76", "FeelsLikeC": "39", "FeelsLikeF": "102", "HeatIndexC": "39", "HeatIndexF": "102", "humidity": "65", "precipMM": "1.1", "pressure": "1003", "tempC": "31", "tempF": "88", "time": "1700", "visibility": "9", "weatherCode": "176",  "weatherDesc": [ {"value": "Patchy rain nearby" } ],  "weatherIconUrl": [ {"value": "http:\/\/cdn.worldweatheronline.net\/images\/wsymbols01_png_64\/wsymbol_0009_light_rain_showers.png" } ], "WindChillC": "32", "WindChillF": "90", "winddir16Point": "W", "winddirDegree": "274", "WindGustKmph": "17", "WindGustMiles": "11", "windspeedKmph": "13", "windspeedMiles": "8" }, {"cloudcover": "15", "DewPointC": "23", "DewPointF": "74", "FeelsLikeC": "32", "FeelsLikeF": "89", "HeatIndexC": "32", "HeatIndexF": "89", "humidity": "75", "precipMM": "0.7", "pressure": "1004", "tempC": "28", "tempF": "82", "time": "2000", "visibility": "9", "weatherCode": "176",  "weatherDesc": [ {"value": "Patchy rain nearby" } ],  "weatherIconUrl": [ {"value": "http:\/\/cdn.worldweatheronline.net\/images\/wsymbols01_png_64\/wsymbol_0025_light_rain_showers_night.png" } ], "WindChillC": "28", "WindChillF": "82", "winddir16Point": "WSW", "winddirDegree": "258", "WindGustKmph": "9", "WindGustMiles": "5", "windspeedKmph": "7", "windspeedMiles": "4" }, {"cloudcover": "13", "DewPointC": "23", "DewPointF": "73", "FeelsLikeC": "30", "FeelsLikeF": "86", "HeatIndexC": "30", "HeatIndexF": "86", "humidity": "78", "precipMM": "0.1", "pressure": "1005", "tempC": "27", "tempF": "80", "time": "2300", "visibility": "10", "weatherCode": "113",  "weatherDesc": [ {"value": "Clear" } ],  "weatherIconUrl": [ {"value": "http:\/\/cdn.worldweatheronline.net\/images\/wsymbols01_png_64\/wsymbol_0008_clear_sky_night.png" } ], "WindChillC": "27", "WindChillF": "80", "winddir16Point": "SW", "winddirDegree": "227", "WindGustKmph": "9", "WindGustMiles": "5", "windspeedKmph": "6", "windspeedMiles": "4" } ], "maxtempC": "33", "maxtempF": "91", "mintempC": "24", "mintempF": "76" } ] }}