{ "data": { "request": [ {"query": "Lat 23.50 and Lon 120.42", "type": "LatLon" } ],  "weather": [ { "astronomy": [ {"moonrise": "05:32 AM", "moonset": "05:08 PM", "sunrise": "06:05 AM", "sunset": "05:19 PM" } ], "date": "2013-11-03",  "hourly": [ {"cloudcover": "47", "DewPointC": "18", "DewPointF": "65", "FeelsLikeC": "22", "FeelsLikeF": "71", "HeatIndexC": "24", "HeatIndexF": "76", "humidity": "81", "precipMM": "0.1", "pressure": "1014", "tempC": "22", "tempF": "71", "time": "200", "visibility": "10", "weatherCode": "116",  "weatherDesc": [ {"value": "Partly Cloudy" } ],  "weatherIconUrl": [ {"value": "http:\/\/cdn.worldweatheronline.net\/images\/wsymbols01_png_64\/wsymbol_0004_black_low_cloud.png" } ], "WindChillC": "22", "WindChillF": "71", "winddir16Point": "NNE", "winddirDegree": "25", "WindGustKmph": "18", "WindGustMiles": "11", "windspeedKmph": "9", "windspeedMiles": "5" }, {"cloudcover": "33", "DewPointC": "18", "DewPointF": "64", "FeelsLikeC": "21", "FeelsLikeF": "70", "HeatIndexC": "24", "HeatIndexF": "76", "humidity": "82", "precipMM": "0.0", "pressure": "1014", "tempC": "21", "tempF": "70", "time": "500", "visibility": "10", "weatherCode": "116",  "weatherDesc": [ {"value": "Partly Cloudy" } ],  "weatherIconUrl": [ {"value": "http:\/\/cdn.worldweatheronline.net\/images\/wsymbols01_png_64\/wsymbol_0004_black_low_cloud.png" } ], "WindChillC": "21", "WindChillF": "70", "winddir16Point": "NNE", "winddirDegree": "26", "WindGustKmph": "23", "WindGustMiles": "14", "windspeedKmph": "11", "windspeedMiles": "7" }, {"cloudcover": "47", "DewPointC": "20", "DewPointF": "68", "FeelsLikeC": "28", "FeelsLikeF": "82", "HeatIndexC": "28", "HeatIndexF": "82", "humidity": "71", "precipMM": "0.1", "pressure": "1015", "tempC": "26", "tempF": "79", "time": "800", "visibility": "10", "weatherCode": "116",  "weatherDesc": [ {"value": "Partly Cloudy" } ],  "weatherIconUrl": [ {"value": "http:\/\/cdn.worldweatheronline.net\/images\/wsymbols01_png_64\/wsymbol_0002_sunny_intervals.png" } ], "WindChillC": "26", "WindChillF": "79", "winddir16Point": "NNE", "winddirDegree": "24", "WindGustKmph": "10", "WindGustMiles": "6", "windspeedKmph": "7", "windspeedMiles": "4" }, {"cloudcover": "44", "DewPointC": "23", "DewPointF": "74", "FeelsLikeC": "36", "FeelsLikeF": "97", "HeatIndexC": "36", "HeatIndexF": "97", "humidity": "63", "precipMM": "0.5", "pressure": "1015", "tempC": "31", "tempF": "88", "time": "1100", "visibility": "9", "weatherCode": "176",  "weatherDesc": [ {"value": "Patchy rain nearby" } ],  "weatherIconUrl": [ {"value": "http:\/\/cdn.worldweatheronline.net\/images\/wsymbols01_png_64\/wsymbol_0009_light_rain_showers.png" } ], "WindChillC": "31", "WindChillF": "88", "winddir16Point": "NNW", "winddirDegree": "332", "WindGustKmph": "13", "WindGustMiles": "8", "windspeedKmph": "11", "windspeedMiles": "7" }, {"cloudcover": "21", "DewPointC": "23", "DewPointF": "74", "FeelsLikeC": "36", "FeelsLikeF": "97", "HeatIndexC": "36", "HeatIndexF": "97", "humidity": "64", "precipMM": "0.8", "pressure": "1014", "tempC": "31", "tempF": "88", "time": "1400", "visibility": "9", "weatherCode": "176",  "weatherDesc": [ {"value": "Patchy rain nearby" } ],  "weatherIconUrl": [ {"value": "http:\/\/cdn.worldweatheronline.net\/images\/wsymbols01_png_64\/wsymbol_0009_light_rain_showers.png" } ], "WindChillC": "31", "WindChillF": "88", "winddir16Point": "NNW", "winddirDegree": "337", "WindGustKmph": "20", "WindGustMiles": "12", "windspeedKmph": "16", "windspeedMiles": "10" }, {"cloudcover": "54", "DewPointC": "24", "DewPointF": "75", "FeelsLikeC": "33", "FeelsLikeF": "91", "HeatIndexC": "33", "HeatIndexF": "91", "humidity": "75", "precipMM": "0.2", "pressure": "1014", "tempC": "29", "tempF": "83", "time": "1700", "visibility": "5", "weatherCode": "263",  "weatherDesc": [ {"value": "Patchy light drizzle" } ],  "weatherIconUrl": [ {"value": "http:\/\/cdn.worldweatheronline.net\/images\/wsymbols01_png_64\/wsymbol_0009_light_rain_showers.png" } ], "WindChillC": "29", "WindChillF": "83", "winddir16Point": "N", "winddirDegree": "351", "WindGustKmph": "21", "WindGustMiles": "13", "windspeedKmph": "18", "windspeedMiles": "11" }, {"cloudcover": "26", "DewPointC": "21", "DewPointF": "69", "FeelsLikeC": "27", "FeelsLikeF": "80", "HeatIndexC": "27", "HeatIndexF": "80", "humidity": "79", "precipMM": "0.1", "pressure": "1016", "tempC": "25", "tempF": "76", "time": "2000", "visibility": "10", "weatherCode": "116",  "weatherDesc": [ {"value": "Partly Cloudy" } ],  "weatherIconUrl": [ {"value": "http:\/\/cdn.worldweatheronline.net\/images\/wsymbols01_png_64\/wsymbol_0004_black_low_cloud.png" } ], "WindChillC": "25", "WindChillF": "76", "winddir16Point": "N", "winddirDegree": "11", "WindGustKmph": "25", "WindGustMiles": "16", "windspeedKmph": "15", "windspeedMiles": "10" }, {"cloudcover": "17", "DewPointC": "19", "DewPointF": "66", "FeelsLikeC": "25", "FeelsLikeF": "77", "HeatIndexC": "25", "HeatIndexF": "77", "humidity": "77", "precipMM": "0.0", "pressure": "1017", "tempC": "23", "tempF": "74", "time": "2300", "visibility": "10", "weatherCode": "113",  "weatherDesc": [ {"value": "Clear" } ],  "weatherIconUrl": [ {"value": "http:\/\/cdn.worldweatheronline.net\/images\/wsymbols01_png_64\/wsymbol_0008_clear_sky_night.png" } ], "WindChillC": "23", "WindChillF": "74", "winddir16Point": "NNE", "winddirDegree": "21", "WindGustKmph": "23", "WindGustMiles": "14", "windspeedKmph": "11", "windspeedMiles": "7" } ], "maxtempC": "31", "maxtempF": "88", "mintempC": "21", "mintempF": "70" } ] }}