{ "data": { "request": [ {"query": "Lat 23.50 and Lon 120.42", "type": "LatLon" } ],  "weather": [ { "astronomy": [ {"moonrise": "11:51 AM", "moonset": "12:40 AM", "sunrise": "06:03 AM", "sunset": "06:09 PM" } ], "date": "2013-03-20",  "hourly": [ {"cloudcover": "7", "DewPointC": "14", "DewPointF": "56", "FeelsLikeC": "20", "FeelsLikeF": "67", "HeatIndexC": "20", "HeatIndexF": "67", "humidity": "68", "precipMM": "0.0", "pressure": "1011", "tempC": "20", "tempF": "67", "time": "200", "visibility": "10", "weatherCode": "113",  "weatherDesc": [ {"value": "Clear" } ],  "weatherIconUrl": [ {"value": "http:\/\/cdn.worldweatheronline.net\/images\/wsymbols01_png_64\/wsymbol_0008_clear_sky_night.png" } ], "WindChillC": "20", "WindChillF": "67", "winddir16Point": "SSE", "winddirDegree": "157", "WindGustKmph": "23", "WindGustMiles": "14", "windspeedKmph": "11", "windspeedMiles": "7" }, {"cloudcover": "11", "DewPointC": "14", "DewPointF": "56", "FeelsLikeC": "19", "FeelsLikeF": "66", "HeatIndexC": "19", "HeatIndexF": "66", "humidity": "71", "precipMM": "0.0", "pressure": "1012", "tempC": "19", "tempF": "66", "time": "500", "visibility": "10", "weatherCode": "113",  "weatherDesc": [ {"value": "Clear" } ],  "weatherIconUrl": [ {"value": "http:\/\/cdn.worldweatheronline.net\/images\/wsymbols01_png_64\/wsymbol_0008_clear_sky_night.png" } ], "WindChillC": "19", "WindChillF": "66", "winddir16Point": "SSE", "winddirDegree": "155", "WindGustKmph": "7", "WindGustMiles": "4", "windspeedKmph": "3", "windspeedMiles": "2" }, {"cloudcover": "14", "DewPointC": "16", "DewPointF": "61", "FeelsLikeC": "23", "FeelsLikeF": "74", "HeatIndexC": "25", "HeatIndexF": "77", "humidity": "64", "precipMM": "0.0", "pressure": "1014", "tempC": "22", "tempF": "71", "time": "800", "visibility": "10", "weatherCode": "113",  "weatherDesc": [ {"value": "Sunny" } ],  "weatherIconUrl": [ {"value": "http:\/\/cdn.worldweatheronline.net\/images\/wsymbols01_png_64\/wsymbol_0001_sunny.png" } ], "WindChillC": "23", "WindChillF": "74", "winddir16Point": "ENE", "winddirDegree": "67", "WindGustKmph": "6", "WindGustMiles": "4", "windspeedKmph": "6", "windspeedMiles": "4" }, {"cloudcover": "25", "DewPointC": "18", "DewPointF": "65", "FeelsLikeC": "30", "FeelsLikeF": "86", "HeatIndexC": "30", "HeatIndexF": "86", "humidity": "52", "precipMM": "0.2", "pressure": "1014", "tempC": "27", "tempF": "81", "time": "1100", "visibility": "9", "weatherCode": "176",  "weatherDesc": [ {"value": "Patchy rain nearby" } ],  "weatherIconUrl": [ {"value": "http:\/\/cdn.worldweatheronline.net\/images\/wsymbols01_png_64\/wsymbol_0009_light_rain_showers.png" } ], "WindChillC": "29", "WindChillF": "84", "winddir16Point": "NNW", "winddirDegree": "343", "WindGustKmph": "6", "WindGustMiles": "4", "windspeedKmph": "5", "windspeedMiles": "3" }, {"cloudcover": "25", "DewPointC": "17", "DewPointF": "63", "FeelsLikeC": "32", "FeelsLikeF": "90", "HeatIndexC": "32", "HeatIndexF": "90", "humidity": "43", "precipMM": "0.2", "pressure": "1013", "tempC": "29", "tempF": "85", "time": "1400", "visibility": "9", "weatherCode": "176",  "weatherDesc": [ {"value": "Patchy rain nearby" } ],  "weatherIconUrl": [ {"value": "http:\/\/cdn.worldweatheronline.net\/images\/wsymbols01_png_64\/wsymbol_0009_light_rain_showers.png" } ], "WindChillC": "31", "WindChillF": "88", "winddir16Point": "WSW", "winddirDegree": "253", "WindGustKmph": "4", "WindGustMiles": "3", "windspeedKmph": "4", "windspeedMiles": "2" }, {"cloudcover": "10", "DewPointC": "17", "DewPointF": "62", "FeelsLikeC": "32", "FeelsLikeF": "89", "HeatIndexC": "32", "HeatIndexF": "89", "humidity": "43", "precipMM": "0.0", "pressure": "1012", "tempC": "29", "tempF": "83", "time": "1700", "visibility": "10", "weatherCode": "113",  "weatherDesc": [ {"value": "Sunny" } ],  "weatherIconUrl": [ {"value": "http:\/\/cdn.worldweatheronline.net\/images\/wsymbols01_png_64\/wsymbol_0001_sunny.png" } ], "WindChillC": "31", "WindChillF": "87", "winddir16Point": "WNW", "winddirDegree": "288", "WindGustKmph": "5", "WindGustMiles": "3", "windspeedKmph": "5", "windspeedMiles": "3" }, {"cloudcover": "5", "DewPointC": "15", "DewPointF": "59", "FeelsLikeC": "26", "FeelsLikeF": "78", "HeatIndexC": "26", "HeatIndexF": "78", "humidity": "55", "precipMM": "0.0", "pressure": "1014", "tempC": "25", "tempF": "76", "time": "2000", "visibility": "10", "weatherCode": "113",  "weatherDesc": [ {"value": "Clear" } ],  "weatherIconUrl": [ {"value": "http:\/\/cdn.worldweatheronline.net\/images\/wsymbols01_png_64\/wsymbol_0008_clear_sky_night.png" } ], "WindChillC": "25", "WindChillF": "76", "winddir16Point": "NNE", "winddirDegree": "26", "WindGustKmph": "10", "WindGustMiles": "6", "windspeedKmph": "6", "windspeedMiles": "4" }, {"cloudcover": "3", "DewPointC": "12", "DewPointF": "54", "FeelsLikeC": "20", "FeelsLikeF": "67", "HeatIndexC": "20", "HeatIndexF": "67", "humidity": "63", "precipMM": "0.0", "pressure": "1016", "tempC": "20", "tempF": "67", "time": "2300", "visibility": "10", "weatherCode": "113",  "weatherDesc": [ {"value": "Clear" } ],  "weatherIconUrl": [ {"value": "http:\/\/cdn.worldweatheronline.net\/images\/wsymbols01_png_64\/wsymbol_0008_clear_sky_night.png" } ], "WindChillC": "20", "WindChillF": "67", "winddir16Point": "NNE", "winddirDegree": "12", "WindGustKmph": "24", "WindGustMiles": "15", "windspeedKmph": "12", "windspeedMiles": "7" } ], "maxtempC": "29", "maxtempF": "85", "mintempC": "19", "mintempF": "66" } ] }}