{ "data": { "request": [ {"query": "Lat 23.50 and Lon 120.42", "type": "LatLon" } ],  "weather": [ { "astronomy": [ {"moonrise": "09:46 AM", "moonset": "10:35 PM", "sunrise": "05:12 AM", "sunset": "06:46 PM" } ], "date": "2013-06-14",  "hourly": [ {"cloudcover": "52", "DewPointC": "21", "DewPointF": "69", "FeelsLikeC": "26", "FeelsLikeF": "79", "HeatIndexC": "26", "HeatIndexF": "79", "humidity": "80", "precipMM": "1.2", "pressure": "1006", "tempC": "24", "tempF": "76", "time": "200", "visibility": "10", "weatherCode": "353",  "weatherDesc": [ {"value": "Light rain shower" } ],  "weatherIconUrl": [ {"value": "http:\/\/cdn.worldweatheronline.net\/images\/wsymbols01_png_64\/wsymbol_0025_light_rain_showers_night.png" } ], "WindChillC": "24", "WindChillF": "76", "winddir16Point": "NE", "winddirDegree": "47", "WindGustKmph": "8", "WindGustMiles": "5", "windspeedKmph": "4", "windspeedMiles": "2" }, {"cloudcover": "28", "DewPointC": "20", "DewPointF": "68", "FeelsLikeC": "26", "FeelsLikeF": "78", "HeatIndexC": "26", "HeatIndexF": "78", "humidity": "80", "precipMM": "0.4", "pressure": "1006", "tempC": "24", "tempF": "75", "time": "500", "visibility": "9", "weatherCode": "176",  "weatherDesc": [ {"value": "Patchy rain nearby" } ],  "weatherIconUrl": [ {"value": "http:\/\/cdn.worldweatheronline.net\/images\/wsymbols01_png_64\/wsymbol_0025_light_rain_showers_night.png" } ], "WindChillC": "24", "WindChillF": "75", "winddir16Point": "NE", "winddirDegree": "45", "WindGustKmph": "13", "WindGustMiles": "8", "windspeedKmph": "6", "windspeedMiles": "4" }, {"cloudcover": "23", "DewPointC": "23", "DewPointF": "73", "FeelsLikeC": "34", "FeelsLikeF": "93", "HeatIndexC": "34", "HeatIndexF": "93", "humidity": "66", "precipMM": "0.0", "pressure": "1006", "tempC": "28", "tempF": "82", "time": "800", "visibility": "10", "weatherCode": "113",  "weatherDesc": [ {"value": "Sunny" } ],  "weatherIconUrl": [ {"value": "http:\/\/cdn.worldweatheronline.net\/images\/wsymbols01_png_64\/wsymbol_0001_sunny.png" } ], "WindChillC": "30", "WindChillF": "86", "winddir16Point": "NNW", "winddirDegree": "347", "WindGustKmph": "9", "WindGustMiles": "5", "windspeedKmph": "8", "windspeedMiles": "5" }, {"cloudcover": "22", "DewPointC": "25", "DewPointF": "77", "FeelsLikeC": "43", "FeelsLikeF": "109", "HeatIndexC": "43", "HeatIndexF": "109", "humidity": "58", "precipMM": "0.7", "pressure": "1007", "tempC": "34", "tempF": "92", "time": "1100", "visibility": "9", "weatherCode": "176",  "weatherDesc": [ {"value": "Patchy rain nearby" } ],  "weatherIconUrl": [ {"value": "http:\/\/cdn.worldweatheronline.net\/images\/wsymbols01_png_64\/wsymbol_0009_light_rain_showers.png" } ], "WindChillC": "35", "WindChillF": "94", "winddir16Point": "NW", "winddirDegree": "306", "WindGustKmph": "16", "WindGustMiles": "10", "windspeedKmph": "13", "windspeedMiles": "8" }, {"cloudcover": "49", "DewPointC": "27", "DewPointF": "80", "FeelsLikeC": "46", "FeelsLikeF": "115", "HeatIndexC": "46", "HeatIndexF": "115", "humidity": "61", "precipMM": "7.3", "pressure": "1006", "tempC": "33", "tempF": "92", "time": "1400", "visibility": "7", "weatherCode": "356",  "weatherDesc": [ {"value": "Moderate or heavy rain shower" } ],  "weatherIconUrl": [ {"value": "http:\/\/cdn.worldweatheronline.net\/images\/wsymbols01_png_64\/wsymbol_0010_heavy_rain_showers.png" } ], "WindChillC": "35", "WindChillF": "96", "winddir16Point": "NW", "winddirDegree": "305", "WindGustKmph": "28", "WindGustMiles": "18", "windspeedKmph": "14", "windspeedMiles": "9" }, {"cloudcover": "44", "DewPointC": "26", "DewPointF": "80", "FeelsLikeC": "42", "FeelsLikeF": "107", "HeatIndexC": "42", "HeatIndexF": "107", "humidity": "70", "precipMM": "8.1", "pressure": "1005", "tempC": "31", "tempF": "88", "time": "1700", "visibility": "3", "weatherCode": "359",  "weatherDesc": [ {"value": "Torrential rain shower" } ],  "weatherIconUrl": [ {"value": "http:\/\/cdn.worldweatheronline.net\/images\/wsymbols01_png_64\/wsymbol_0018_cloudy_with_heavy_rain.png" } ], "WindChillC": "33", "WindChillF": "91", "winddir16Point": "NW", "winddirDegree": "320", "WindGustKmph": "30", "WindGustMiles": "18", "windspeedKmph": "14", "windspeedMiles": "9" }, {"cloudcover": "34", "DewPointC": "25", "DewPointF": "76", "FeelsLikeC": "33", "FeelsLikeF": "91", "HeatIndexC": "33", "HeatIndexF": "91", "humidity": "82", "precipMM": "2.4", "pressure": "1007", "tempC": "28", "tempF": "83", "time": "2000", "visibility": "9", "weatherCode": "176",  "weatherDesc": [ {"value": "Patchy rain nearby" } ],  "weatherIconUrl": [ {"value": "http:\/\/cdn.worldweatheronline.net\/images\/wsymbols01_png_64\/wsymbol_0025_light_rain_showers_night.png" } ], "WindChillC": "28", "WindChillF": "83", "winddir16Point": "N", "winddirDegree": "357", "WindGustKmph": "14", "WindGustMiles": "9", "windspeedKmph": "9", "windspeedMiles": "6" }, {"cloudcover": "20", "DewPointC": "24", "DewPointF": "76", "FeelsLikeC": "32", "FeelsLikeF": "89", "HeatIndexC": "32", "HeatIndexF": "89", "humidity": "83", "precipMM": "0.0", "pressure": "1008", "tempC": "28", "tempF": "82", "time": "2300", "visibility": "10", "weatherCode": "113",  "weatherDesc": [ {"value": "Clear" } ],  "weatherIconUrl": [ {"value": "http:\/\/cdn.worldweatheronline.net\/images\/wsymbols01_png_64\/wsymbol_0008_clear_sky_night.png" } ], "WindChillC": "28", "WindChillF": "82", "winddir16Point": "ENE", "winddirDegree": "60", "WindGustKmph": "4", "WindGustMiles": "3", "windspeedKmph": "3", "windspeedMiles": "2" } ], "maxtempC": "34", "maxtempF": "92", "mintempC": "24", "mintempF": "75" } ] }}