{ "data": { "request": [ {"query": "Lat 23.50 and Lon 120.42", "type": "LatLon" } ],  "weather": [ { "astronomy": [ {"moonrise": "12:28 AM", "moonset": "12:53 PM", "sunrise": "06:20 AM", "sunset": "05:11 PM" } ], "date": "2013-11-27",  "hourly": [ {"cloudcover": "11", "DewPointC": "13", "DewPointF": "56", "FeelsLikeC": "16", "FeelsLikeF": "60", "HeatIndexC": "16", "HeatIndexF": "60", "humidity": "86", "precipMM": "0.0", "pressure": "1017", "tempC": "16", "tempF": "60", "time": "200", "visibility": "10", "weatherCode": "113",  "weatherDesc": [ {"value": "Clear" } ],  "weatherIconUrl": [ {"value": "http:\/\/cdn.worldweatheronline.net\/images\/wsymbols01_png_64\/wsymbol_0008_clear_sky_night.png" } ], "WindChillC": "16", "WindChillF": "60", "winddir16Point": "NNE", "winddirDegree": "19", "WindGustKmph": "11", "WindGustMiles": "7", "windspeedKmph": "5", "windspeedMiles": "3" }, {"cloudcover": "3", "DewPointC": "11", "DewPointF": "52", "FeelsLikeC": "15", "FeelsLikeF": "59", "HeatIndexC": "15", "HeatIndexF": "59", "humidity": "76", "precipMM": "0.0", "pressure": "1017", "tempC": "15", "tempF": "59", "time": "500", "visibility": "10", "weatherCode": "113",  "weatherDesc": [ {"value": "Clear" } ],  "weatherIconUrl": [ {"value": "http:\/\/cdn.worldweatheronline.net\/images\/wsymbols01_png_64\/wsymbol_0008_clear_sky_night.png" } ], "WindChillC": "15", "WindChillF": "59", "winddir16Point": "ENE", "winddirDegree": "64", "WindGustKmph": "17", "WindGustMiles": "11", "windspeedKmph": "8", "windspeedMiles": "5" }, {"cloudcover": "0", "DewPointC": "12", "DewPointF": "53", "FeelsLikeC": "20", "FeelsLikeF": "69", "HeatIndexC": "20", "HeatIndexF": "69", "humidity": "58", "precipMM": "0.0", "pressure": "1017", "tempC": "20", "tempF": "69", "time": "800", "visibility": "10", "weatherCode": "113",  "weatherDesc": [ {"value": "Sunny" } ],  "weatherIconUrl": [ {"value": "http:\/\/cdn.worldweatheronline.net\/images\/wsymbols01_png_64\/wsymbol_0001_sunny.png" } ], "WindChillC": "20", "WindChillF": "69", "winddir16Point": "NE", "winddirDegree": "42", "WindGustKmph": "14", "WindGustMiles": "9", "windspeedKmph": "9", "windspeedMiles": "6" }, {"cloudcover": "0", "DewPointC": "14", "DewPointF": "56", "FeelsLikeC": "27", "FeelsLikeF": "81", "HeatIndexC": "27", "HeatIndexF": "81", "humidity": "44", "precipMM": "0.0", "pressure": "1017", "tempC": "27", "tempF": "80", "time": "1100", "visibility": "10", "weatherCode": "113",  "weatherDesc": [ {"value": "Sunny" } ],  "weatherIconUrl": [ {"value": "http:\/\/cdn.worldweatheronline.net\/images\/wsymbols01_png_64\/wsymbol_0001_sunny.png" } ], "WindChillC": "27", "WindChillF": "80", "winddir16Point": "NNW", "winddirDegree": "343", "WindGustKmph": "12", "WindGustMiles": "7", "windspeedKmph": "10", "windspeedMiles": "6" }, {"cloudcover": "1", "DewPointC": "15", "DewPointF": "59", "FeelsLikeC": "27", "FeelsLikeF": "80", "HeatIndexC": "27", "HeatIndexF": "80", "humidity": "51", "precipMM": "0.0", "pressure": "1016", "tempC": "26", "tempF": "79", "time": "1400", "visibility": "10", "weatherCode": "113",  "weatherDesc": [ {"value": "Sunny" } ],  "weatherIconUrl": [ {"value": "http:\/\/cdn.worldweatheronline.net\/images\/wsymbols01_png_64\/wsymbol_0001_sunny.png" } ], "WindChillC": "26", "WindChillF": "79", "winddir16Point": "NNW", "winddirDegree": "334", "WindGustKmph": "26", "WindGustMiles": "16", "windspeedKmph": "22", "windspeedMiles": "14" }, {"cloudcover": "5", "DewPointC": "15", "DewPointF": "59", "FeelsLikeC": "22", "FeelsLikeF": "71", "HeatIndexC": "25", "HeatIndexF": "76", "humidity": "66", "precipMM": "0.0", "pressure": "1017", "tempC": "22", "tempF": "71", "time": "1700", "visibility": "10", "weatherCode": "113",  "weatherDesc": [ {"value": "Sunny" } ],  "weatherIconUrl": [ {"value": "http:\/\/cdn.worldweatheronline.net\/images\/wsymbols01_png_64\/wsymbol_0001_sunny.png" } ], "WindChillC": "22", "WindChillF": "71", "winddir16Point": "N", "winddirDegree": "8", "WindGustKmph": "23", "WindGustMiles": "14", "windspeedKmph": "20", "windspeedMiles": "13" }, {"cloudcover": "9", "DewPointC": "11", "DewPointF": "52", "FeelsLikeC": "17", "FeelsLikeF": "62", "HeatIndexC": "17", "HeatIndexF": "62", "humidity": "69", "precipMM": "0.0", "pressure": "1019", "tempC": "17", "tempF": "62", "time": "2000", "visibility": "10", "weatherCode": "113",  "weatherDesc": [ {"value": "Clear" } ],  "weatherIconUrl": [ {"value": "http:\/\/cdn.worldweatheronline.net\/images\/wsymbols01_png_64\/wsymbol_0008_clear_sky_night.png" } ], "WindChillC": "17", "WindChillF": "62", "winddir16Point": "NNE", "winddirDegree": "31", "WindGustKmph": "31", "WindGustMiles": "19", "windspeedKmph": "15", "windspeedMiles": "9" }, {"cloudcover": "11", "DewPointC": "11", "DewPointF": "51", "FeelsLikeC": "15", "FeelsLikeF": "60", "HeatIndexC": "15", "HeatIndexF": "60", "humidity": "73", "precipMM": "0.0", "pressure": "1020", "tempC": "15", "tempF": "60", "time": "2300", "visibility": "10", "weatherCode": "113",  "weatherDesc": [ {"value": "Clear" } ],  "weatherIconUrl": [ {"value": "http:\/\/cdn.worldweatheronline.net\/images\/wsymbols01_png_64\/wsymbol_0008_clear_sky_night.png" } ], "WindChillC": "15", "WindChillF": "60", "winddir16Point": "NNE", "winddirDegree": "19", "WindGustKmph": "23", "WindGustMiles": "15", "windspeedKmph": "11", "windspeedMiles": "7" } ], "maxtempC": "27", "maxtempF": "80", "mintempC": "15", "mintempF": "59" } ] }}