{ "data": { "request": [ {"query": "Lat 23.50 and Lon 120.42", "type": "LatLon" } ],  "weather": [ { "astronomy": [ {"moonrise": "10:13 AM", "moonset": "11:52 PM", "sunrise": "06:05 AM", "sunset": "06:08 PM" } ], "date": "2013-03-18",  "hourly": [ {"cloudcover": "9", "DewPointC": "13", "DewPointF": "55", "FeelsLikeC": "18", "FeelsLikeF": "64", "HeatIndexC": "18", "HeatIndexF": "64", "humidity": "71", "precipMM": "0.0", "pressure": "1010", "tempC": "18", "tempF": "64", "time": "200", "visibility": "10", "weatherCode": "113",  "weatherDesc": [ {"value": "Clear" } ],  "weatherIconUrl": [ {"value": "http:\/\/cdn.worldweatheronline.net\/images\/wsymbols01_png_64\/wsymbol_0008_clear_sky_night.png" } ], "WindChillC": "18", "WindChillF": "64", "winddir16Point": "SE", "winddirDegree": "143", "WindGustKmph": "22", "WindGustMiles": "14", "windspeedKmph": "10", "windspeedMiles": "6" }, {"cloudcover": "14", "DewPointC": "12", "DewPointF": "53", "FeelsLikeC": "18", "FeelsLikeF": "64", "HeatIndexC": "18", "HeatIndexF": "64", "humidity": "69", "precipMM": "0.6", "pressure": "1010", "tempC": "18", "tempF": "64", "time": "500", "visibility": "9", "weatherCode": "176",  "weatherDesc": [ {"value": "Patchy rain nearby" } ],  "weatherIconUrl": [ {"value": "http:\/\/cdn.worldweatheronline.net\/images\/wsymbols01_png_64\/wsymbol_0025_light_rain_showers_night.png" } ], "WindChillC": "18", "WindChillF": "64", "winddir16Point": "SE", "winddirDegree": "139", "WindGustKmph": "25", "WindGustMiles": "15", "windspeedKmph": "12", "windspeedMiles": "7" }, {"cloudcover": "15", "DewPointC": "15", "DewPointF": "59", "FeelsLikeC": "23", "FeelsLikeF": "73", "HeatIndexC": "25", "HeatIndexF": "77", "humidity": "62", "precipMM": "0.6", "pressure": "1010", "tempC": "21", "tempF": "70", "time": "800", "visibility": "9", "weatherCode": "176",  "weatherDesc": [ {"value": "Patchy rain nearby" } ],  "weatherIconUrl": [ {"value": "http:\/\/cdn.worldweatheronline.net\/images\/wsymbols01_png_64\/wsymbol_0009_light_rain_showers.png" } ], "WindChillC": "23", "WindChillF": "73", "winddir16Point": "SSE", "winddirDegree": "157", "WindGustKmph": "14", "WindGustMiles": "9", "windspeedKmph": "11", "windspeedMiles": "7" }, {"cloudcover": "18", "DewPointC": "20", "DewPointF": "67", "FeelsLikeC": "30", "FeelsLikeF": "86", "HeatIndexC": "30", "HeatIndexF": "86", "humidity": "59", "precipMM": "0.1", "pressure": "1011", "tempC": "27", "tempF": "81", "time": "1100", "visibility": "10", "weatherCode": "113",  "weatherDesc": [ {"value": "Sunny" } ],  "weatherIconUrl": [ {"value": "http:\/\/cdn.worldweatheronline.net\/images\/wsymbols01_png_64\/wsymbol_0001_sunny.png" } ], "WindChillC": "28", "WindChillF": "83", "winddir16Point": "SW", "winddirDegree": "218", "WindGustKmph": "14", "WindGustMiles": "9", "windspeedKmph": "13", "windspeedMiles": "8" }, {"cloudcover": "13", "DewPointC": "21", "DewPointF": "69", "FeelsLikeC": "32", "FeelsLikeF": "90", "HeatIndexC": "32", "HeatIndexF": "90", "humidity": "59", "precipMM": "0.2", "pressure": "1009", "tempC": "28", "tempF": "82", "time": "1400", "visibility": "9", "weatherCode": "176",  "weatherDesc": [ {"value": "Patchy rain nearby" } ],  "weatherIconUrl": [ {"value": "http:\/\/cdn.worldweatheronline.net\/images\/wsymbols01_png_64\/wsymbol_0009_light_rain_showers.png" } ], "WindChillC": "30", "WindChillF": "85", "winddir16Point": "WSW", "winddirDegree": "246", "WindGustKmph": "16", "WindGustMiles": "10", "windspeedKmph": "14", "windspeedMiles": "9" }, {"cloudcover": "8", "DewPointC": "20", "DewPointF": "69", "FeelsLikeC": "30", "FeelsLikeF": "86", "HeatIndexC": "30", "HeatIndexF": "86", "humidity": "65", "precipMM": "0.0", "pressure": "1009", "tempC": "26", "tempF": "79", "time": "1700", "visibility": "10", "weatherCode": "113",  "weatherDesc": [ {"value": "Sunny" } ],  "weatherIconUrl": [ {"value": "http:\/\/cdn.worldweatheronline.net\/images\/wsymbols01_png_64\/wsymbol_0001_sunny.png" } ], "WindChillC": "28", "WindChillF": "82", "winddir16Point": "SW", "winddirDegree": "232", "WindGustKmph": "13", "WindGustMiles": "8", "windspeedKmph": "11", "windspeedMiles": "7" }, {"cloudcover": "7", "DewPointC": "19", "DewPointF": "66", "FeelsLikeC": "25", "FeelsLikeF": "78", "HeatIndexC": "25", "HeatIndexF": "78", "humidity": "77", "precipMM": "0.0", "pressure": "1011", "tempC": "23", "tempF": "74", "time": "2000", "visibility": "10", "weatherCode": "113",  "weatherDesc": [ {"value": "Clear" } ],  "weatherIconUrl": [ {"value": "http:\/\/cdn.worldweatheronline.net\/images\/wsymbols01_png_64\/wsymbol_0008_clear_sky_night.png" } ], "WindChillC": "23", "WindChillF": "74", "winddir16Point": "SSW", "winddirDegree": "197", "WindGustKmph": "12", "WindGustMiles": "8", "windspeedKmph": "9", "windspeedMiles": "6" }, {"cloudcover": "5", "DewPointC": "18", "DewPointF": "64", "FeelsLikeC": "21", "FeelsLikeF": "69", "HeatIndexC": "21", "HeatIndexF": "69", "humidity": "82", "precipMM": "0.0", "pressure": "1012", "tempC": "21", "tempF": "69", "time": "2300", "visibility": "10", "weatherCode": "113",  "weatherDesc": [ {"value": "Clear" } ],  "weatherIconUrl": [ {"value": "http:\/\/cdn.worldweatheronline.net\/images\/wsymbols01_png_64\/wsymbol_0008_clear_sky_night.png" } ], "WindChillC": "21", "WindChillF": "69", "winddir16Point": "SSW", "winddirDegree": "191", "WindGustKmph": "12", "WindGustMiles": "8", "windspeedKmph": "6", "windspeedMiles": "4" } ], "maxtempC": "28", "maxtempF": "82", "mintempC": "18", "mintempF": "64" } ] }}