{ "data": { "request": [ {"query": "Lat 23.50 and Lon 120.42", "type": "LatLon" } ],  "weather": [ { "astronomy": [ {"moonrise": "08:15 PM", "moonset": "08:59 AM", "sunrise": "06:16 AM", "sunset": "05:12 PM" } ], "date": "2013-11-21",  "hourly": [ {"cloudcover": "45", "DewPointC": "5", "DewPointF": "40", "FeelsLikeC": "16", "FeelsLikeF": "61", "HeatIndexC": "16", "HeatIndexF": "61", "humidity": "46", "precipMM": "0.0", "pressure": "1019", "tempC": "16", "tempF": "61", "time": "200", "visibility": "10", "weatherCode": "116",  "weatherDesc": [ {"value": "Partly Cloudy" } ],  "weatherIconUrl": [ {"value": "http:\/\/cdn.worldweatheronline.net\/images\/wsymbols01_png_64\/wsymbol_0004_black_low_cloud.png" } ], "WindChillC": "16", "WindChillF": "61", "winddir16Point": "ENE", "winddirDegree": "74", "WindGustKmph": "18", "WindGustMiles": "11", "windspeedKmph": "9", "windspeedMiles": "5" }, {"cloudcover": "46", "DewPointC": "1", "DewPointF": "35", "FeelsLikeC": "16", "FeelsLikeF": "61", "HeatIndexC": "16", "HeatIndexF": "61", "humidity": "37", "precipMM": "0.0", "pressure": "1019", "tempC": "16", "tempF": "61", "time": "500", "visibility": "10", "weatherCode": "116",  "weatherDesc": [ {"value": "Partly Cloudy" } ],  "weatherIconUrl": [ {"value": "http:\/\/cdn.worldweatheronline.net\/images\/wsymbols01_png_64\/wsymbol_0004_black_low_cloud.png" } ], "WindChillC": "16", "WindChillF": "61", "winddir16Point": "ENE", "winddirDegree": "75", "WindGustKmph": "23", "WindGustMiles": "15", "windspeedKmph": "11", "windspeedMiles": "7" }, {"cloudcover": "45", "DewPointC": "7", "DewPointF": "44", "FeelsLikeC": "19", "FeelsLikeF": "66", "HeatIndexC": "19", "HeatIndexF": "66", "humidity": "46", "precipMM": "0.0", "pressure": "1019", "tempC": "19", "tempF": "66", "time": "800", "visibility": "10", "weatherCode": "116",  "weatherDesc": [ {"value": "Partly Cloudy" } ],  "weatherIconUrl": [ {"value": "http:\/\/cdn.worldweatheronline.net\/images\/wsymbols01_png_64\/wsymbol_0002_sunny_intervals.png" } ], "WindChillC": "19", "WindChillF": "66", "winddir16Point": "E", "winddirDegree": "81", "WindGustKmph": "17", "WindGustMiles": "11", "windspeedKmph": "9", "windspeedMiles": "5" }, {"cloudcover": "45", "DewPointC": "11", "DewPointF": "51", "FeelsLikeC": "22", "FeelsLikeF": "71", "HeatIndexC": "24", "HeatIndexF": "76", "humidity": "49", "precipMM": "0.2", "pressure": "1019", "tempC": "22", "tempF": "71", "time": "1100", "visibility": "5", "weatherCode": "263",  "weatherDesc": [ {"value": "Patchy light drizzle" } ],  "weatherIconUrl": [ {"value": "http:\/\/cdn.worldweatheronline.net\/images\/wsymbols01_png_64\/wsymbol_0009_light_rain_showers.png" } ], "WindChillC": "22", "WindChillF": "71", "winddir16Point": "E", "winddirDegree": "93", "WindGustKmph": "6", "WindGustMiles": "4", "windspeedKmph": "5", "windspeedMiles": "3" }, {"cloudcover": "45", "DewPointC": "14", "DewPointF": "57", "FeelsLikeC": "27", "FeelsLikeF": "80", "HeatIndexC": "27", "HeatIndexF": "80", "humidity": "47", "precipMM": "0.1", "pressure": "1018", "tempC": "26", "tempF": "79", "time": "1400", "visibility": "10", "weatherCode": "116",  "weatherDesc": [ {"value": "Partly Cloudy" } ],  "weatherIconUrl": [ {"value": "http:\/\/cdn.worldweatheronline.net\/images\/wsymbols01_png_64\/wsymbol_0002_sunny_intervals.png" } ], "WindChillC": "26", "WindChillF": "79", "winddir16Point": "WNW", "winddirDegree": "303", "WindGustKmph": "9", "WindGustMiles": "5", "windspeedKmph": "8", "windspeedMiles": "5" }, {"cloudcover": "41", "DewPointC": "16", "DewPointF": "60", "FeelsLikeC": "25", "FeelsLikeF": "76", "HeatIndexC": "25", "HeatIndexF": "76", "humidity": "66", "precipMM": "0.0", "pressure": "1018", "tempC": "22", "tempF": "72", "time": "1700", "visibility": "10", "weatherCode": "116",  "weatherDesc": [ {"value": "Partly Cloudy" } ],  "weatherIconUrl": [ {"value": "http:\/\/cdn.worldweatheronline.net\/images\/wsymbols01_png_64\/wsymbol_0002_sunny_intervals.png" } ], "WindChillC": "22", "WindChillF": "72", "winddir16Point": "NNW", "winddirDegree": "340", "WindGustKmph": "6", "WindGustMiles": "4", "windspeedKmph": "5", "windspeedMiles": "3" }, {"cloudcover": "18", "DewPointC": "11", "DewPointF": "51", "FeelsLikeC": "17", "FeelsLikeF": "63", "HeatIndexC": "17", "HeatIndexF": "63", "humidity": "67", "precipMM": "0.0", "pressure": "1019", "tempC": "17", "tempF": "63", "time": "2000", "visibility": "10", "weatherCode": "113",  "weatherDesc": [ {"value": "Clear" } ],  "weatherIconUrl": [ {"value": "http:\/\/cdn.worldweatheronline.net\/images\/wsymbols01_png_64\/wsymbol_0008_clear_sky_night.png" } ], "WindChillC": "17", "WindChillF": "63", "winddir16Point": "ENE", "winddirDegree": "65", "WindGustKmph": "8", "WindGustMiles": "5", "windspeedKmph": "4", "windspeedMiles": "2" }, {"cloudcover": "16", "DewPointC": "11", "DewPointF": "52", "FeelsLikeC": "17", "FeelsLikeF": "62", "HeatIndexC": "17", "HeatIndexF": "62", "humidity": "70", "precipMM": "0.0", "pressure": "1019", "tempC": "17", "tempF": "62", "time": "2300", "visibility": "10", "weatherCode": "113",  "weatherDesc": [ {"value": "Clear" } ],  "weatherIconUrl": [ {"value": "http:\/\/cdn.worldweatheronline.net\/images\/wsymbols01_png_64\/wsymbol_0008_clear_sky_night.png" } ], "WindChillC": "17", "WindChillF": "62", "winddir16Point": "ENE", "winddirDegree": "75", "WindGustKmph": "8", "WindGustMiles": "5", "windspeedKmph": "4", "windspeedMiles": "2" } ], "maxtempC": "26", "maxtempF": "79", "mintempC": "16", "mintempF": "61" } ] }}