{ "data": { "request": [ {"query": "Lat 23.50 and Lon 120.42", "type": "LatLon" } ],  "weather": [ { "astronomy": [ {"moonrise": "11:04 PM", "moonset": "09:24 AM", "sunrise": "05:26 AM", "sunset": "06:26 PM" } ], "date": "2013-04-30",  "hourly": [ {"cloudcover": "13", "DewPointC": "17", "DewPointF": "63", "FeelsLikeC": "20", "FeelsLikeF": "68", "HeatIndexC": "20", "HeatIndexF": "68", "humidity": "83", "precipMM": "0.0", "pressure": "1011", "tempC": "20", "tempF": "68", "time": "200", "visibility": "10", "weatherCode": "113",  "weatherDesc": [ {"value": "Clear" } ],  "weatherIconUrl": [ {"value": "http:\/\/cdn.worldweatheronline.net\/images\/wsymbols01_png_64\/wsymbol_0008_clear_sky_night.png" } ], "WindChillC": "20", "WindChillF": "68", "winddir16Point": "SW", "winddirDegree": "218", "WindGustKmph": "13", "WindGustMiles": "8", "windspeedKmph": "6", "windspeedMiles": "4" }, {"cloudcover": "8", "DewPointC": "17", "DewPointF": "62", "FeelsLikeC": "20", "FeelsLikeF": "68", "HeatIndexC": "20", "HeatIndexF": "68", "humidity": "82", "precipMM": "0.0", "pressure": "1010", "tempC": "20", "tempF": "68", "time": "500", "visibility": "10", "weatherCode": "113",  "weatherDesc": [ {"value": "Clear" } ],  "weatherIconUrl": [ {"value": "http:\/\/cdn.worldweatheronline.net\/images\/wsymbols01_png_64\/wsymbol_0008_clear_sky_night.png" } ], "WindChillC": "20", "WindChillF": "68", "winddir16Point": "SSE", "winddirDegree": "161", "WindGustKmph": "17", "WindGustMiles": "10", "windspeedKmph": "8", "windspeedMiles": "5" }, {"cloudcover": "9", "DewPointC": "18", "DewPointF": "64", "FeelsLikeC": "27", "FeelsLikeF": "80", "HeatIndexC": "27", "HeatIndexF": "80", "humidity": "62", "precipMM": "0.0", "pressure": "1009", "tempC": "24", "tempF": "75", "time": "800", "visibility": "10", "weatherCode": "113",  "weatherDesc": [ {"value": "Sunny" } ],  "weatherIconUrl": [ {"value": "http:\/\/cdn.worldweatheronline.net\/images\/wsymbols01_png_64\/wsymbol_0001_sunny.png" } ], "WindChillC": "26", "WindChillF": "78", "winddir16Point": "SSW", "winddirDegree": "202", "WindGustKmph": "13", "WindGustMiles": "8", "windspeedKmph": "10", "windspeedMiles": "6" }, {"cloudcover": "9", "DewPointC": "22", "DewPointF": "71", "FeelsLikeC": "37", "FeelsLikeF": "98", "HeatIndexC": "37", "HeatIndexF": "98", "humidity": "54", "precipMM": "0.0", "pressure": "1010", "tempC": "31", "tempF": "87", "time": "1100", "visibility": "10", "weatherCode": "113",  "weatherDesc": [ {"value": "Sunny" } ],  "weatherIconUrl": [ {"value": "http:\/\/cdn.worldweatheronline.net\/images\/wsymbols01_png_64\/wsymbol_0001_sunny.png" } ], "WindChillC": "32", "WindChillF": "90", "winddir16Point": "SW", "winddirDegree": "225", "WindGustKmph": "23", "WindGustMiles": "14", "windspeedKmph": "20", "windspeedMiles": "13" }, {"cloudcover": "10", "DewPointC": "23", "DewPointF": "73", "FeelsLikeC": "37", "FeelsLikeF": "99", "HeatIndexC": "37", "HeatIndexF": "99", "humidity": "57", "precipMM": "0.1", "pressure": "1008", "tempC": "31", "tempF": "88", "time": "1400", "visibility": "10", "weatherCode": "113",  "weatherDesc": [ {"value": "Sunny" } ],  "weatherIconUrl": [ {"value": "http:\/\/cdn.worldweatheronline.net\/images\/wsymbols01_png_64\/wsymbol_0001_sunny.png" } ], "WindChillC": "32", "WindChillF": "90", "winddir16Point": "SW", "winddirDegree": "225", "WindGustKmph": "25", "WindGustMiles": "15", "windspeedKmph": "22", "windspeedMiles": "13" }, {"cloudcover": "11", "DewPointC": "23", "DewPointF": "73", "FeelsLikeC": "34", "FeelsLikeF": "94", "HeatIndexC": "34", "HeatIndexF": "94", "humidity": "66", "precipMM": "0.0", "pressure": "1006", "tempC": "28", "tempF": "83", "time": "1700", "visibility": "10", "weatherCode": "113",  "weatherDesc": [ {"value": "Sunny" } ],  "weatherIconUrl": [ {"value": "http:\/\/cdn.worldweatheronline.net\/images\/wsymbols01_png_64\/wsymbol_0001_sunny.png" } ], "WindChillC": "30", "WindChillF": "86", "winddir16Point": "SSW", "winddirDegree": "212", "WindGustKmph": "18", "WindGustMiles": "11", "windspeedKmph": "16", "windspeedMiles": "10" }, {"cloudcover": "9", "DewPointC": "20", "DewPointF": "67", "FeelsLikeC": "26", "FeelsLikeF": "78", "HeatIndexC": "26", "HeatIndexF": "78", "humidity": "77", "precipMM": "0.0", "pressure": "1007", "tempC": "24", "tempF": "75", "time": "2000", "visibility": "10", "weatherCode": "113",  "weatherDesc": [ {"value": "Clear" } ],  "weatherIconUrl": [ {"value": "http:\/\/cdn.worldweatheronline.net\/images\/wsymbols01_png_64\/wsymbol_0008_clear_sky_night.png" } ], "WindChillC": "24", "WindChillF": "75", "winddir16Point": "SSE", "winddirDegree": "161", "WindGustKmph": "22", "WindGustMiles": "13", "windspeedKmph": "13", "windspeedMiles": "8" }, {"cloudcover": "14", "DewPointC": "17", "DewPointF": "62", "FeelsLikeC": "22", "FeelsLikeF": "71", "HeatIndexC": "24", "HeatIndexF": "76", "humidity": "74", "precipMM": "0.7", "pressure": "1008", "tempC": "22", "tempF": "71", "time": "2300", "visibility": "9", "weatherCode": "176",  "weatherDesc": [ {"value": "Patchy rain nearby" } ],  "weatherIconUrl": [ {"value": "http:\/\/cdn.worldweatheronline.net\/images\/wsymbols01_png_64\/wsymbol_0025_light_rain_showers_night.png" } ], "WindChillC": "22", "WindChillF": "71", "winddir16Point": "SSE", "winddirDegree": "154", "WindGustKmph": "25", "WindGustMiles": "15", "windspeedKmph": "12", "windspeedMiles": "7" } ], "maxtempC": "31", "maxtempF": "88", "mintempC": "20", "mintempF": "68" } ] }}