{ "data": { "request": [ {"query": "Lat 23.50 and Lon 120.42", "type": "LatLon" } ],  "weather": [ { "astronomy": [ {"moonrise": "11:33 AM", "moonset": "No moonset", "sunrise": "06:42 AM", "sunset": "05:36 PM" } ], "date": "2013-01-19",  "hourly": [ {"cloudcover": "0", "DewPointC": "8", "DewPointF": "46", "FeelsLikeC": "10", "FeelsLikeF": "51", "HeatIndexC": "11", "HeatIndexF": "52", "humidity": "81", "precipMM": "0.0", "pressure": "1024", "tempC": "11", "tempF": "52", "time": "200", "visibility": "10", "weatherCode": "113",  "weatherDesc": [ {"value": "Clear" } ],  "weatherIconUrl": [ {"value": "http:\/\/cdn.worldweatheronline.net\/images\/wsymbols01_png_64\/wsymbol_0008_clear_sky_night.png" } ], "WindChillC": "10", "WindChillF": "51", "winddir16Point": "NE", "winddirDegree": "55", "WindGustKmph": "14", "WindGustMiles": "9", "windspeedKmph": "7", "windspeedMiles": "4" }, {"cloudcover": "0", "DewPointC": "7", "DewPointF": "45", "FeelsLikeC": "10", "FeelsLikeF": "50", "HeatIndexC": "10", "HeatIndexF": "51", "humidity": "80", "precipMM": "0.0", "pressure": "1023", "tempC": "10", "tempF": "51", "time": "500", "visibility": "10", "weatherCode": "113",  "weatherDesc": [ {"value": "Clear" } ],  "weatherIconUrl": [ {"value": "http:\/\/cdn.worldweatheronline.net\/images\/wsymbols01_png_64\/wsymbol_0008_clear_sky_night.png" } ], "WindChillC": "10", "WindChillF": "50", "winddir16Point": "ENE", "winddirDegree": "74", "WindGustKmph": "14", "WindGustMiles": "9", "windspeedKmph": "6", "windspeedMiles": "4" }, {"cloudcover": "0", "DewPointC": "10", "DewPointF": "49", "FeelsLikeC": "15", "FeelsLikeF": "59", "HeatIndexC": "15", "HeatIndexF": "59", "humidity": "70", "precipMM": "0.0", "pressure": "1024", "tempC": "14", "tempF": "57", "time": "800", "visibility": "10", "weatherCode": "113",  "weatherDesc": [ {"value": "Sunny" } ],  "weatherIconUrl": [ {"value": "http:\/\/cdn.worldweatheronline.net\/images\/wsymbols01_png_64\/wsymbol_0001_sunny.png" } ], "WindChillC": "15", "WindChillF": "59", "winddir16Point": "E", "winddirDegree": "85", "WindGustKmph": "11", "WindGustMiles": "7", "windspeedKmph": "7", "windspeedMiles": "4" }, {"cloudcover": "0", "DewPointC": "11", "DewPointF": "51", "FeelsLikeC": "20", "FeelsLikeF": "68", "HeatIndexC": "20", "HeatIndexF": "68", "humidity": "54", "precipMM": "0.0", "pressure": "1024", "tempC": "19", "tempF": "66", "time": "1100", "visibility": "10", "weatherCode": "113",  "weatherDesc": [ {"value": "Sunny" } ],  "weatherIconUrl": [ {"value": "http:\/\/cdn.worldweatheronline.net\/images\/wsymbols01_png_64\/wsymbol_0001_sunny.png" } ], "WindChillC": "20", "WindChillF": "68", "winddir16Point": "NW", "winddirDegree": "307", "WindGustKmph": "12", "WindGustMiles": "7", "windspeedKmph": "10", "windspeedMiles": "6" }, {"cloudcover": "0", "DewPointC": "13", "DewPointF": "56", "FeelsLikeC": "23", "FeelsLikeF": "73", "HeatIndexC": "25", "HeatIndexF": "77", "humidity": "55", "precipMM": "0.0", "pressure": "1021", "tempC": "21", "tempF": "70", "time": "1400", "visibility": "10", "weatherCode": "113",  "weatherDesc": [ {"value": "Sunny" } ],  "weatherIconUrl": [ {"value": "http:\/\/cdn.worldweatheronline.net\/images\/wsymbols01_png_64\/wsymbol_0001_sunny.png" } ], "WindChillC": "23", "WindChillF": "73", "winddir16Point": "NW", "winddirDegree": "312", "WindGustKmph": "14", "WindGustMiles": "9", "windspeedKmph": "12", "windspeedMiles": "8" }, {"cloudcover": "3", "DewPointC": "14", "DewPointF": "57", "FeelsLikeC": "20", "FeelsLikeF": "68", "HeatIndexC": "20", "HeatIndexF": "68", "humidity": "68", "precipMM": "0.0", "pressure": "1021", "tempC": "19", "tempF": "66", "time": "1700", "visibility": "10", "weatherCode": "113",  "weatherDesc": [ {"value": "Sunny" } ],  "weatherIconUrl": [ {"value": "http:\/\/cdn.worldweatheronline.net\/images\/wsymbols01_png_64\/wsymbol_0001_sunny.png" } ], "WindChillC": "20", "WindChillF": "68", "winddir16Point": "NNW", "winddirDegree": "335", "WindGustKmph": "12", "WindGustMiles": "7", "windspeedKmph": "10", "windspeedMiles": "6" }, {"cloudcover": "4", "DewPointC": "12", "DewPointF": "53", "FeelsLikeC": "15", "FeelsLikeF": "60", "HeatIndexC": "15", "HeatIndexF": "59", "humidity": "82", "precipMM": "0.0", "pressure": "1022", "tempC": "15", "tempF": "59", "time": "2000", "visibility": "10", "weatherCode": "113",  "weatherDesc": [ {"value": "Clear" } ],  "weatherIconUrl": [ {"value": "http:\/\/cdn.worldweatheronline.net\/images\/wsymbols01_png_64\/wsymbol_0008_clear_sky_night.png" } ], "WindChillC": "15", "WindChillF": "60", "winddir16Point": "NNE", "winddirDegree": "29", "WindGustKmph": "10", "WindGustMiles": "6", "windspeedKmph": "5", "windspeedMiles": "3" }, {"cloudcover": "5", "DewPointC": "10", "DewPointF": "50", "FeelsLikeC": "13", "FeelsLikeF": "55", "HeatIndexC": "13", "HeatIndexF": "55", "humidity": "85", "precipMM": "0.0", "pressure": "1022", "tempC": "13", "tempF": "55", "time": "2300", "visibility": "10", "weatherCode": "113",  "weatherDesc": [ {"value": "Clear" } ],  "weatherIconUrl": [ {"value": "http:\/\/cdn.worldweatheronline.net\/images\/wsymbols01_png_64\/wsymbol_0008_clear_sky_night.png" } ], "WindChillC": "13", "WindChillF": "55", "winddir16Point": "ENE", "winddirDegree": "75", "WindGustKmph": "10", "WindGustMiles": "6", "windspeedKmph": "5", "windspeedMiles": "3" } ], "maxtempC": "21", "maxtempF": "70", "mintempC": "10", "mintempF": "51" } ] }}