{ "data": { "request": [ {"query": "Lat 23.50 and Lon 120.42", "type": "LatLon" } ],  "weather": [ { "astronomy": [ {"moonrise": "10:54 AM", "moonset": "11:55 PM", "sunrise": "06:42 AM", "sunset": "05:36 PM" } ], "date": "2013-01-18",  "hourly": [ {"cloudcover": "7", "DewPointC": "6", "DewPointF": "43", "FeelsLikeC": "9", "FeelsLikeF": "47", "HeatIndexC": "10", "HeatIndexF": "50", "humidity": "77", "precipMM": "0.0", "pressure": "1026", "tempC": "10", "tempF": "50", "time": "200", "visibility": "10", "weatherCode": "113",  "weatherDesc": [ {"value": "Clear" } ],  "weatherIconUrl": [ {"value": "http:\/\/cdn.worldweatheronline.net\/images\/wsymbols01_png_64\/wsymbol_0008_clear_sky_night.png" } ], "WindChillC": "9", "WindChillF": "47", "winddir16Point": "NNE", "winddirDegree": "25", "WindGustKmph": "20", "WindGustMiles": "12", "windspeedKmph": "9", "windspeedMiles": "6" }, {"cloudcover": "9", "DewPointC": "5", "DewPointF": "42", "FeelsLikeC": "8", "FeelsLikeF": "46", "HeatIndexC": "9", "HeatIndexF": "49", "humidity": "77", "precipMM": "0.0", "pressure": "1026", "tempC": "9", "tempF": "49", "time": "500", "visibility": "10", "weatherCode": "113",  "weatherDesc": [ {"value": "Clear" } ],  "weatherIconUrl": [ {"value": "http:\/\/cdn.worldweatheronline.net\/images\/wsymbols01_png_64\/wsymbol_0008_clear_sky_night.png" } ], "WindChillC": "8", "WindChillF": "46", "winddir16Point": "NNE", "winddirDegree": "34", "WindGustKmph": "20", "WindGustMiles": "12", "windspeedKmph": "9", "windspeedMiles": "6" }, {"cloudcover": "12", "DewPointC": "7", "DewPointF": "45", "FeelsLikeC": "12", "FeelsLikeF": "54", "HeatIndexC": "13", "HeatIndexF": "55", "humidity": "70", "precipMM": "0.0", "pressure": "1027", "tempC": "12", "tempF": "54", "time": "800", "visibility": "10", "weatherCode": "113",  "weatherDesc": [ {"value": "Sunny" } ],  "weatherIconUrl": [ {"value": "http:\/\/cdn.worldweatheronline.net\/images\/wsymbols01_png_64\/wsymbol_0001_sunny.png" } ], "WindChillC": "12", "WindChillF": "54", "winddir16Point": "NE", "winddirDegree": "40", "WindGustKmph": "14", "WindGustMiles": "9", "windspeedKmph": "8", "windspeedMiles": "5" }, {"cloudcover": "9", "DewPointC": "9", "DewPointF": "49", "FeelsLikeC": "19", "FeelsLikeF": "66", "HeatIndexC": "19", "HeatIndexF": "66", "humidity": "54", "precipMM": "0.0", "pressure": "1027", "tempC": "18", "tempF": "65", "time": "1100", "visibility": "10", "weatherCode": "113",  "weatherDesc": [ {"value": "Sunny" } ],  "weatherIconUrl": [ {"value": "http:\/\/cdn.worldweatheronline.net\/images\/wsymbols01_png_64\/wsymbol_0001_sunny.png" } ], "WindChillC": "19", "WindChillF": "66", "winddir16Point": "NNW", "winddirDegree": "330", "WindGustKmph": "17", "WindGustMiles": "11", "windspeedKmph": "15", "windspeedMiles": "9" }, {"cloudcover": "7", "DewPointC": "10", "DewPointF": "50", "FeelsLikeC": "20", "FeelsLikeF": "67", "HeatIndexC": "20", "HeatIndexF": "67", "humidity": "54", "precipMM": "0.0", "pressure": "1025", "tempC": "19", "tempF": "66", "time": "1400", "visibility": "10", "weatherCode": "113",  "weatherDesc": [ {"value": "Sunny" } ],  "weatherIconUrl": [ {"value": "http:\/\/cdn.worldweatheronline.net\/images\/wsymbols01_png_64\/wsymbol_0001_sunny.png" } ], "WindChillC": "20", "WindChillF": "67", "winddir16Point": "NNW", "winddirDegree": "328", "WindGustKmph": "20", "WindGustMiles": "13", "windspeedKmph": "18", "windspeedMiles": "11" }, {"cloudcover": "5", "DewPointC": "10", "DewPointF": "50", "FeelsLikeC": "17", "FeelsLikeF": "63", "HeatIndexC": "17", "HeatIndexF": "63", "humidity": "63", "precipMM": "0.0", "pressure": "1025", "tempC": "16", "tempF": "61", "time": "1700", "visibility": "10", "weatherCode": "113",  "weatherDesc": [ {"value": "Sunny" } ],  "weatherIconUrl": [ {"value": "http:\/\/cdn.worldweatheronline.net\/images\/wsymbols01_png_64\/wsymbol_0001_sunny.png" } ], "WindChillC": "17", "WindChillF": "63", "winddir16Point": "NNW", "winddirDegree": "341", "WindGustKmph": "18", "WindGustMiles": "11", "windspeedKmph": "16", "windspeedMiles": "10" }, {"cloudcover": "4", "DewPointC": "8", "DewPointF": "47", "FeelsLikeC": "12", "FeelsLikeF": "54", "HeatIndexC": "13", "HeatIndexF": "55", "humidity": "75", "precipMM": "0.0", "pressure": "1026", "tempC": "13", "tempF": "55", "time": "2000", "visibility": "10", "weatherCode": "113",  "weatherDesc": [ {"value": "Clear" } ],  "weatherIconUrl": [ {"value": "http:\/\/cdn.worldweatheronline.net\/images\/wsymbols01_png_64\/wsymbol_0008_clear_sky_night.png" } ], "WindChillC": "12", "WindChillF": "54", "winddir16Point": "NNE", "winddirDegree": "19", "WindGustKmph": "15", "WindGustMiles": "10", "windspeedKmph": "8", "windspeedMiles": "5" }, {"cloudcover": "3", "DewPointC": "7", "DewPointF": "44", "FeelsLikeC": "10", "FeelsLikeF": "50", "HeatIndexC": "11", "HeatIndexF": "51", "humidity": "78", "precipMM": "0.0", "pressure": "1025", "tempC": "11", "tempF": "51", "time": "2300", "visibility": "10", "weatherCode": "113",  "weatherDesc": [ {"value": "Clear" } ],  "weatherIconUrl": [ {"value": "http:\/\/cdn.worldweatheronline.net\/images\/wsymbols01_png_64\/wsymbol_0008_clear_sky_night.png" } ], "WindChillC": "10", "WindChillF": "50", "winddir16Point": "NNE", "winddirDegree": "30", "WindGustKmph": "11", "WindGustMiles": "7", "windspeedKmph": "5", "windspeedMiles": "3" } ], "maxtempC": "19", "maxtempF": "66", "mintempC": "9", "mintempF": "49" } ] }}