{ "data": { "request": [ {"query": "Lat 23.50 and Lon 120.42", "type": "LatLon" } ],  "weather": [ { "astronomy": [ {"moonrise": "07:32 AM", "moonset": "07:13 PM", "sunrise": "06:42 AM", "sunset": "05:32 PM" } ], "date": "2013-01-13",  "hourly": [ {"cloudcover": "12", "DewPointC": "13", "DewPointF": "55", "FeelsLikeC": "14", "FeelsLikeF": "57", "HeatIndexC": "15", "HeatIndexF": "58", "humidity": "89", "precipMM": "0.1", "pressure": "1013", "tempC": "15", "tempF": "58", "time": "200", "visibility": "10", "weatherCode": "113",  "weatherDesc": [ {"value": "Clear" } ],  "weatherIconUrl": [ {"value": "http:\/\/cdn.worldweatheronline.net\/images\/wsymbols01_png_64\/wsymbol_0008_clear_sky_night.png" } ], "WindChillC": "14", "WindChillF": "57", "winddir16Point": "N", "winddirDegree": "358", "WindGustKmph": "22", "WindGustMiles": "14", "windspeedKmph": "10", "windspeedMiles": "6" }, {"cloudcover": "23", "DewPointC": "13", "DewPointF": "55", "FeelsLikeC": "13", "FeelsLikeF": "55", "HeatIndexC": "14", "HeatIndexF": "57", "humidity": "93", "precipMM": "0.2", "pressure": "1013", "tempC": "14", "tempF": "57", "time": "500", "visibility": "9", "weatherCode": "176",  "weatherDesc": [ {"value": "Patchy rain nearby" } ],  "weatherIconUrl": [ {"value": "http:\/\/cdn.worldweatheronline.net\/images\/wsymbols01_png_64\/wsymbol_0025_light_rain_showers_night.png" } ], "WindChillC": "13", "WindChillF": "55", "winddir16Point": "N", "winddirDegree": "1", "WindGustKmph": "32", "WindGustMiles": "20", "windspeedKmph": "15", "windspeedMiles": "9" }, {"cloudcover": "43", "DewPointC": "15", "DewPointF": "59", "FeelsLikeC": "17", "FeelsLikeF": "63", "HeatIndexC": "17", "HeatIndexF": "63", "humidity": "86", "precipMM": "0.2", "pressure": "1012", "tempC": "16", "tempF": "60", "time": "800", "visibility": "9", "weatherCode": "176",  "weatherDesc": [ {"value": "Patchy rain nearby" } ],  "weatherIconUrl": [ {"value": "http:\/\/cdn.worldweatheronline.net\/images\/wsymbols01_png_64\/wsymbol_0009_light_rain_showers.png" } ], "WindChillC": "17", "WindChillF": "63", "winddir16Point": "NNE", "winddirDegree": "25", "WindGustKmph": "26", "WindGustMiles": "16", "windspeedKmph": "16", "windspeedMiles": "10" }, {"cloudcover": "17", "DewPointC": "17", "DewPointF": "63", "FeelsLikeC": "25", "FeelsLikeF": "77", "HeatIndexC": "25", "HeatIndexF": "77", "humidity": "70", "precipMM": "0.0", "pressure": "1012", "tempC": "22", "tempF": "72", "time": "1100", "visibility": "10", "weatherCode": "113",  "weatherDesc": [ {"value": "Sunny" } ],  "weatherIconUrl": [ {"value": "http:\/\/cdn.worldweatheronline.net\/images\/wsymbols01_png_64\/wsymbol_0001_sunny.png" } ], "WindChillC": "23", "WindChillF": "73", "winddir16Point": "N", "winddirDegree": "357", "WindGustKmph": "20", "WindGustMiles": "13", "windspeedKmph": "18", "windspeedMiles": "11" }, {"cloudcover": "3", "DewPointC": "17", "DewPointF": "63", "FeelsLikeC": "26", "FeelsLikeF": "78", "HeatIndexC": "26", "HeatIndexF": "78", "humidity": "67", "precipMM": "0.0", "pressure": "1011", "tempC": "23", "tempF": "73", "time": "1400", "visibility": "10", "weatherCode": "113",  "weatherDesc": [ {"value": "Sunny" } ],  "weatherIconUrl": [ {"value": "http:\/\/cdn.worldweatheronline.net\/images\/wsymbols01_png_64\/wsymbol_0001_sunny.png" } ], "WindChillC": "24", "WindChillF": "75", "winddir16Point": "NNW", "winddirDegree": "346", "WindGustKmph": "25", "WindGustMiles": "15", "windspeedKmph": "22", "windspeedMiles": "13" }, {"cloudcover": "2", "DewPointC": "15", "DewPointF": "58", "FeelsLikeC": "20", "FeelsLikeF": "68", "HeatIndexC": "20", "HeatIndexF": "68", "humidity": "71", "precipMM": "0.0", "pressure": "1011", "tempC": "19", "tempF": "67", "time": "1700", "visibility": "10", "weatherCode": "113",  "weatherDesc": [ {"value": "Sunny" } ],  "weatherIconUrl": [ {"value": "http:\/\/cdn.worldweatheronline.net\/images\/wsymbols01_png_64\/wsymbol_0001_sunny.png" } ], "WindChillC": "20", "WindChillF": "68", "winddir16Point": "N", "winddirDegree": "9", "WindGustKmph": "24", "WindGustMiles": "15", "windspeedKmph": "21", "windspeedMiles": "13" }, {"cloudcover": "3", "DewPointC": "9", "DewPointF": "48", "FeelsLikeC": "15", "FeelsLikeF": "59", "HeatIndexC": "15", "HeatIndexF": "59", "humidity": "66", "precipMM": "0.0", "pressure": "1013", "tempC": "15", "tempF": "59", "time": "2000", "visibility": "10", "weatherCode": "113",  "weatherDesc": [ {"value": "Clear" } ],  "weatherIconUrl": [ {"value": "http:\/\/cdn.worldweatheronline.net\/images\/wsymbols01_png_64\/wsymbol_0008_clear_sky_night.png" } ], "WindChillC": "15", "WindChillF": "59", "winddir16Point": "NNE", "winddirDegree": "33", "WindGustKmph": "45", "WindGustMiles": "28", "windspeedKmph": "22", "windspeedMiles": "14" }, {"cloudcover": "0", "DewPointC": "3", "DewPointF": "37", "FeelsLikeC": "10", "FeelsLikeF": "49", "HeatIndexC": "12", "HeatIndexF": "53", "humidity": "53", "precipMM": "0.0", "pressure": "1014", "tempC": "12", "tempF": "53", "time": "2300", "visibility": "10", "weatherCode": "113",  "weatherDesc": [ {"value": "Clear" } ],  "weatherIconUrl": [ {"value": "http:\/\/cdn.worldweatheronline.net\/images\/wsymbols01_png_64\/wsymbol_0008_clear_sky_night.png" } ], "WindChillC": "10", "WindChillF": "49", "winddir16Point": "NE", "winddirDegree": "37", "WindGustKmph": "45", "WindGustMiles": "28", "windspeedKmph": "22", "windspeedMiles": "13" } ], "maxtempC": "23", "maxtempF": "73", "mintempC": "12", "mintempF": "53" } ] }}