{ "data": { "request": [ {"query": "Lat 23.50 and Lon 120.42", "type": "LatLon" } ],  "weather": [ { "astronomy": [ {"moonrise": "10:08 AM", "moonset": "09:52 PM", "sunrise": "06:27 AM", "sunset": "05:12 PM" } ], "date": "2013-12-07",  "hourly": [ {"cloudcover": "2", "DewPointC": "6", "DewPointF": "43", "FeelsLikeC": "12", "FeelsLikeF": "54", "HeatIndexC": "14", "HeatIndexF": "56", "humidity": "60", "precipMM": "0.0", "pressure": "1017", "tempC": "14", "tempF": "56", "time": "200", "visibility": "10", "weatherCode": "113",  "weatherDesc": [ {"value": "Clear" } ],  "weatherIconUrl": [ {"value": "http:\/\/cdn.worldweatheronline.net\/images\/wsymbols01_png_64\/wsymbol_0008_clear_sky_night.png" } ], "WindChillC": "12", "WindChillF": "54", "winddir16Point": "E", "winddirDegree": "93", "WindGustKmph": "28", "WindGustMiles": "17", "windspeedKmph": "13", "windspeedMiles": "8" }, {"cloudcover": "2", "DewPointC": "5", "DewPointF": "40", "FeelsLikeC": "12", "FeelsLikeF": "53", "HeatIndexC": "13", "HeatIndexF": "56", "humidity": "56", "precipMM": "0.0", "pressure": "1016", "tempC": "13", "tempF": "56", "time": "500", "visibility": "10", "weatherCode": "113",  "weatherDesc": [ {"value": "Clear" } ],  "weatherIconUrl": [ {"value": "http:\/\/cdn.worldweatheronline.net\/images\/wsymbols01_png_64\/wsymbol_0008_clear_sky_night.png" } ], "WindChillC": "12", "WindChillF": "53", "winddir16Point": "E", "winddirDegree": "93", "WindGustKmph": "28", "WindGustMiles": "17", "windspeedKmph": "13", "windspeedMiles": "8" }, {"cloudcover": "0", "DewPointC": "9", "DewPointF": "49", "FeelsLikeC": "18", "FeelsLikeF": "65", "HeatIndexC": "18", "HeatIndexF": "65", "humidity": "55", "precipMM": "0.0", "pressure": "1018", "tempC": "18", "tempF": "65", "time": "800", "visibility": "10", "weatherCode": "113",  "weatherDesc": [ {"value": "Sunny" } ],  "weatherIconUrl": [ {"value": "http:\/\/cdn.worldweatheronline.net\/images\/wsymbols01_png_64\/wsymbol_0001_sunny.png" } ], "WindChillC": "18", "WindChillF": "65", "winddir16Point": "E", "winddirDegree": "94", "WindGustKmph": "19", "WindGustMiles": "12", "windspeedKmph": "10", "windspeedMiles": "6" }, {"cloudcover": "0", "DewPointC": "10", "DewPointF": "51", "FeelsLikeC": "25", "FeelsLikeF": "78", "HeatIndexC": "25", "HeatIndexF": "78", "humidity": "40", "precipMM": "0.0", "pressure": "1019", "tempC": "25", "tempF": "77", "time": "1100", "visibility": "10", "weatherCode": "113",  "weatherDesc": [ {"value": "Sunny" } ],  "weatherIconUrl": [ {"value": "http:\/\/cdn.worldweatheronline.net\/images\/wsymbols01_png_64\/wsymbol_0001_sunny.png" } ], "WindChillC": "25", "WindChillF": "77", "winddir16Point": "NW", "winddirDegree": "313", "WindGustKmph": "10", "WindGustMiles": "6", "windspeedKmph": "9", "windspeedMiles": "6" }, {"cloudcover": "4", "DewPointC": "13", "DewPointF": "56", "FeelsLikeC": "27", "FeelsLikeF": "81", "HeatIndexC": "27", "HeatIndexF": "81", "humidity": "43", "precipMM": "0.0", "pressure": "1016", "tempC": "27", "tempF": "81", "time": "1400", "visibility": "10", "weatherCode": "113",  "weatherDesc": [ {"value": "Sunny" } ],  "weatherIconUrl": [ {"value": "http:\/\/cdn.worldweatheronline.net\/images\/wsymbols01_png_64\/wsymbol_0001_sunny.png" } ], "WindChillC": "27", "WindChillF": "81", "winddir16Point": "NW", "winddirDegree": "314", "WindGustKmph": "16", "WindGustMiles": "10", "windspeedKmph": "14", "windspeedMiles": "9" }, {"cloudcover": "5", "DewPointC": "15", "DewPointF": "59", "FeelsLikeC": "25", "FeelsLikeF": "76", "HeatIndexC": "25", "HeatIndexF": "76", "humidity": "63", "precipMM": "0.0", "pressure": "1017", "tempC": "22", "tempF": "72", "time": "1700", "visibility": "10", "weatherCode": "113",  "weatherDesc": [ {"value": "Sunny" } ],  "weatherIconUrl": [ {"value": "http:\/\/cdn.worldweatheronline.net\/images\/wsymbols01_png_64\/wsymbol_0001_sunny.png" } ], "WindChillC": "22", "WindChillF": "72", "winddir16Point": "NNW", "winddirDegree": "348", "WindGustKmph": "15", "WindGustMiles": "9", "windspeedKmph": "10", "windspeedMiles": "6" }, {"cloudcover": "2", "DewPointC": "11", "DewPointF": "52", "FeelsLikeC": "17", "FeelsLikeF": "62", "HeatIndexC": "17", "HeatIndexF": "62", "humidity": "69", "precipMM": "0.0", "pressure": "1018", "tempC": "17", "tempF": "62", "time": "2000", "visibility": "10", "weatherCode": "113",  "weatherDesc": [ {"value": "Clear" } ],  "weatherIconUrl": [ {"value": "http:\/\/cdn.worldweatheronline.net\/images\/wsymbols01_png_64\/wsymbol_0008_clear_sky_night.png" } ], "WindChillC": "17", "WindChillF": "62", "winddir16Point": "ENE", "winddirDegree": "74", "WindGustKmph": "17", "WindGustMiles": "11", "windspeedKmph": "8", "windspeedMiles": "5" }, {"cloudcover": "1", "DewPointC": "11", "DewPointF": "51", "FeelsLikeC": "16", "FeelsLikeF": "61", "HeatIndexC": "16", "HeatIndexF": "61", "humidity": "71", "precipMM": "0.0", "pressure": "1018", "tempC": "16", "tempF": "61", "time": "2300", "visibility": "10", "weatherCode": "113",  "weatherDesc": [ {"value": "Clear" } ],  "weatherIconUrl": [ {"value": "http:\/\/cdn.worldweatheronline.net\/images\/wsymbols01_png_64\/wsymbol_0008_clear_sky_night.png" } ], "WindChillC": "16", "WindChillF": "61", "winddir16Point": "E", "winddirDegree": "90", "WindGustKmph": "18", "WindGustMiles": "11", "windspeedKmph": "9", "windspeedMiles": "5" } ], "maxtempC": "27", "maxtempF": "81", "mintempC": "13", "mintempF": "56" } ] }}