{ "data": { "request": [ {"query": "Lat 23.50 and Lon 120.42", "type": "LatLon" } ],  "weather": [ { "astronomy": [ {"moonrise": "10:18 AM", "moonset": "10:27 PM", "sunrise": "05:21 AM", "sunset": "06:48 PM" } ], "date": "2013-07-14",  "hourly": [ {"cloudcover": "21", "DewPointC": "20", "DewPointF": "68", "FeelsLikeC": "25", "FeelsLikeF": "77", "HeatIndexC": "25", "HeatIndexF": "77", "humidity": "84", "precipMM": "0.4", "pressure": "1004", "tempC": "23", "tempF": "73", "time": "200", "visibility": "9", "weatherCode": "176",  "weatherDesc": [ {"value": "Patchy rain nearby" } ],  "weatherIconUrl": [ {"value": "http:\/\/cdn.worldweatheronline.net\/images\/wsymbols01_png_64\/wsymbol_0025_light_rain_showers_night.png" } ], "WindChillC": "23", "WindChillF": "73", "winddir16Point": "S", "winddirDegree": "173", "WindGustKmph": "47", "WindGustMiles": "29", "windspeedKmph": "22", "windspeedMiles": "14" }, {"cloudcover": "12", "DewPointC": "20", "DewPointF": "68", "FeelsLikeC": "25", "FeelsLikeF": "77", "HeatIndexC": "25", "HeatIndexF": "77", "humidity": "84", "precipMM": "0.0", "pressure": "1005", "tempC": "23", "tempF": "73", "time": "500", "visibility": "10", "weatherCode": "113",  "weatherDesc": [ {"value": "Clear" } ],  "weatherIconUrl": [ {"value": "http:\/\/cdn.worldweatheronline.net\/images\/wsymbols01_png_64\/wsymbol_0008_clear_sky_night.png" } ], "WindChillC": "23", "WindChillF": "73", "winddir16Point": "S", "winddirDegree": "170", "WindGustKmph": "40", "WindGustMiles": "25", "windspeedKmph": "19", "windspeedMiles": "12" }, {"cloudcover": "25", "DewPointC": "23", "DewPointF": "74", "FeelsLikeC": "31", "FeelsLikeF": "87", "HeatIndexC": "31", "HeatIndexF": "87", "humidity": "78", "precipMM": "0.5", "pressure": "1007", "tempC": "25", "tempF": "77", "time": "800", "visibility": "9", "weatherCode": "176",  "weatherDesc": [ {"value": "Patchy rain nearby" } ],  "weatherIconUrl": [ {"value": "http:\/\/cdn.worldweatheronline.net\/images\/wsymbols01_png_64\/wsymbol_0009_light_rain_showers.png" } ], "WindChillC": "27", "WindChillF": "81", "winddir16Point": "S", "winddirDegree": "187", "WindGustKmph": "24", "WindGustMiles": "15", "windspeedKmph": "18", "windspeedMiles": "11" }, {"cloudcover": "23", "DewPointC": "24", "DewPointF": "76", "FeelsLikeC": "36", "FeelsLikeF": "98", "HeatIndexC": "36", "HeatIndexF": "98", "humidity": "70", "precipMM": "0.7", "pressure": "1008", "tempC": "29", "tempF": "85", "time": "1100", "visibility": "9", "weatherCode": "176",  "weatherDesc": [ {"value": "Patchy rain nearby" } ],  "weatherIconUrl": [ {"value": "http:\/\/cdn.worldweatheronline.net\/images\/wsymbols01_png_64\/wsymbol_0009_light_rain_showers.png" } ], "WindChillC": "31", "WindChillF": "87", "winddir16Point": "SSW", "winddirDegree": "208", "WindGustKmph": "27", "WindGustMiles": "17", "windspeedKmph": "22", "windspeedMiles": "13" }, {"cloudcover": "18", "DewPointC": "24", "DewPointF": "76", "FeelsLikeC": "37", "FeelsLikeF": "98", "HeatIndexC": "37", "HeatIndexF": "98", "humidity": "68", "precipMM": "1.2", "pressure": "1007", "tempC": "30", "tempF": "86", "time": "1400", "visibility": "9", "weatherCode": "176",  "weatherDesc": [ {"value": "Patchy rain nearby" } ],  "weatherIconUrl": [ {"value": "http:\/\/cdn.worldweatheronline.net\/images\/wsymbols01_png_64\/wsymbol_0009_light_rain_showers.png" } ], "WindChillC": "31", "WindChillF": "88", "winddir16Point": "SSW", "winddirDegree": "213", "WindGustKmph": "32", "WindGustMiles": "20", "windspeedKmph": "24", "windspeedMiles": "15" }, {"cloudcover": "28", "DewPointC": "24", "DewPointF": "75", "FeelsLikeC": "35", "FeelsLikeF": "94", "HeatIndexC": "35", "HeatIndexF": "94", "humidity": "71", "precipMM": "0.3", "pressure": "1007", "tempC": "29", "tempF": "83", "time": "1700", "visibility": "9", "weatherCode": "176",  "weatherDesc": [ {"value": "Patchy rain nearby" } ],  "weatherIconUrl": [ {"value": "http:\/\/cdn.worldweatheronline.net\/images\/wsymbols01_png_64\/wsymbol_0009_light_rain_showers.png" } ], "WindChillC": "30", "WindChillF": "86", "winddir16Point": "SSW", "winddirDegree": "208", "WindGustKmph": "22", "WindGustMiles": "13", "windspeedKmph": "19", "windspeedMiles": "12" }, {"cloudcover": "27", "DewPointC": "22", "DewPointF": "71", "FeelsLikeC": "29", "FeelsLikeF": "83", "HeatIndexC": "29", "HeatIndexF": "83", "humidity": "78", "precipMM": "0.0", "pressure": "1009", "tempC": "26", "tempF": "79", "time": "2000", "visibility": "10", "weatherCode": "116",  "weatherDesc": [ {"value": "Partly Cloudy" } ],  "weatherIconUrl": [ {"value": "http:\/\/cdn.worldweatheronline.net\/images\/wsymbols01_png_64\/wsymbol_0004_black_low_cloud.png" } ], "WindChillC": "26", "WindChillF": "79", "winddir16Point": "S", "winddirDegree": "184", "WindGustKmph": "22", "WindGustMiles": "14", "windspeedKmph": "13", "windspeedMiles": "8" }, {"cloudcover": "30", "DewPointC": "20", "DewPointF": "68", "FeelsLikeC": "26", "FeelsLikeF": "79", "HeatIndexC": "26", "HeatIndexF": "79", "humidity": "78", "precipMM": "0.0", "pressure": "1010", "tempC": "24", "tempF": "75", "time": "2300", "visibility": "10", "weatherCode": "116",  "weatherDesc": [ {"value": "Partly Cloudy" } ],  "weatherIconUrl": [ {"value": "http:\/\/cdn.worldweatheronline.net\/images\/wsymbols01_png_64\/wsymbol_0004_black_low_cloud.png" } ], "WindChillC": "24", "WindChillF": "75", "winddir16Point": "S", "winddirDegree": "181", "WindGustKmph": "24", "WindGustMiles": "15", "windspeedKmph": "12", "windspeedMiles": "7" } ], "maxtempC": "30", "maxtempF": "86", "mintempC": "23", "mintempF": "73" } ] }}