{ "data": { "request": [ {"query": "Lat 23.50 and Lon 120.42", "type": "LatLon" } ],  "weather": [ { "astronomy": [ {"moonrise": "11:12 AM", "moonset": "11:07 PM", "sunrise": "05:21 AM", "sunset": "06:48 PM" } ], "date": "2013-07-15",  "hourly": [ {"cloudcover": "49", "DewPointC": "19", "DewPointF": "66", "FeelsLikeC": "25", "FeelsLikeF": "77", "HeatIndexC": "25", "HeatIndexF": "77", "humidity": "76", "precipMM": "0.3", "pressure": "1010", "tempC": "23", "tempF": "74", "time": "200", "visibility": "5", "weatherCode": "263",  "weatherDesc": [ {"value": "Patchy light drizzle" } ],  "weatherIconUrl": [ {"value": "http:\/\/cdn.worldweatheronline.net\/images\/wsymbols01_png_64\/wsymbol_0025_light_rain_showers_night.png" } ], "WindChillC": "23", "WindChillF": "74", "winddir16Point": "SSE", "winddirDegree": "151", "WindGustKmph": "20", "WindGustMiles": "12", "windspeedKmph": "9", "windspeedMiles": "6" }, {"cloudcover": "45", "DewPointC": "18", "DewPointF": "65", "FeelsLikeC": "25", "FeelsLikeF": "77", "HeatIndexC": "25", "HeatIndexF": "77", "humidity": "75", "precipMM": "0.1", "pressure": "1010", "tempC": "23", "tempF": "73", "time": "500", "visibility": "10", "weatherCode": "116",  "weatherDesc": [ {"value": "Partly Cloudy" } ],  "weatherIconUrl": [ {"value": "http:\/\/cdn.worldweatheronline.net\/images\/wsymbols01_png_64\/wsymbol_0004_black_low_cloud.png" } ], "WindChillC": "23", "WindChillF": "73", "winddir16Point": "SE", "winddirDegree": "141", "WindGustKmph": "17", "WindGustMiles": "11", "windspeedKmph": "8", "windspeedMiles": "5" }, {"cloudcover": "47", "DewPointC": "21", "DewPointF": "71", "FeelsLikeC": "32", "FeelsLikeF": "89", "HeatIndexC": "32", "HeatIndexF": "89", "humidity": "64", "precipMM": "0.0", "pressure": "1010", "tempC": "26", "tempF": "80", "time": "800", "visibility": "10", "weatherCode": "116",  "weatherDesc": [ {"value": "Partly Cloudy" } ],  "weatherIconUrl": [ {"value": "http:\/\/cdn.worldweatheronline.net\/images\/wsymbols01_png_64\/wsymbol_0002_sunny_intervals.png" } ], "WindChillC": "29", "WindChillF": "84", "winddir16Point": "SSE", "winddirDegree": "155", "WindGustKmph": "3", "WindGustMiles": "2", "windspeedKmph": "3", "windspeedMiles": "2" }, {"cloudcover": "26", "DewPointC": "24", "DewPointF": "76", "FeelsLikeC": "41", "FeelsLikeF": "107", "HeatIndexC": "41", "HeatIndexF": "107", "humidity": "57", "precipMM": "0.1", "pressure": "1010", "tempC": "32", "tempF": "90", "time": "1100", "visibility": "10", "weatherCode": "116",  "weatherDesc": [ {"value": "Partly Cloudy" } ],  "weatherIconUrl": [ {"value": "http:\/\/cdn.worldweatheronline.net\/images\/wsymbols01_png_64\/wsymbol_0002_sunny_intervals.png" } ], "WindChillC": "34", "WindChillF": "93", "winddir16Point": "W", "winddirDegree": "275", "WindGustKmph": "9", "WindGustMiles": "6", "windspeedKmph": "8", "windspeedMiles": "5" }, {"cloudcover": "53", "DewPointC": "25", "DewPointF": "77", "FeelsLikeC": "41", "FeelsLikeF": "106", "HeatIndexC": "41", "HeatIndexF": "106", "humidity": "61", "precipMM": "1.8", "pressure": "1010", "tempC": "32", "tempF": "90", "time": "1400", "visibility": "10", "weatherCode": "353",  "weatherDesc": [ {"value": "Light rain shower" } ],  "weatherIconUrl": [ {"value": "http:\/\/cdn.worldweatheronline.net\/images\/wsymbols01_png_64\/wsymbol_0009_light_rain_showers.png" } ], "WindChillC": "33", "WindChillF": "92", "winddir16Point": "WNW", "winddirDegree": "287", "WindGustKmph": "17", "WindGustMiles": "11", "windspeedKmph": "12", "windspeedMiles": "7" }, {"cloudcover": "20", "DewPointC": "25", "DewPointF": "77", "FeelsLikeC": "38", "FeelsLikeF": "101", "HeatIndexC": "38", "HeatIndexF": "101", "humidity": "70", "precipMM": "4.3", "pressure": "1009", "tempC": "30", "tempF": "86", "time": "1700", "visibility": "7", "weatherCode": "356",  "weatherDesc": [ {"value": "Moderate or heavy rain shower" } ],  "weatherIconUrl": [ {"value": "http:\/\/cdn.worldweatheronline.net\/images\/wsymbols01_png_64\/wsymbol_0010_heavy_rain_showers.png" } ], "WindChillC": "31", "WindChillF": "89", "winddir16Point": "NW", "winddirDegree": "319", "WindGustKmph": "21", "WindGustMiles": "13", "windspeedKmph": "12", "windspeedMiles": "7" }, {"cloudcover": "25", "DewPointC": "23", "DewPointF": "73", "FeelsLikeC": "29", "FeelsLikeF": "85", "HeatIndexC": "29", "HeatIndexF": "85", "humidity": "80", "precipMM": "3.2", "pressure": "1009", "tempC": "26", "tempF": "80", "time": "2000", "visibility": "7", "weatherCode": "356",  "weatherDesc": [ {"value": "Moderate or heavy rain shower" } ],  "weatherIconUrl": [ {"value": "http:\/\/cdn.worldweatheronline.net\/images\/wsymbols01_png_64\/wsymbol_0026_heavy_rain_showers_night.png" } ], "WindChillC": "26", "WindChillF": "80", "winddir16Point": "NNW", "winddirDegree": "343", "WindGustKmph": "12", "WindGustMiles": "8", "windspeedKmph": "8", "windspeedMiles": "5" }, {"cloudcover": "23", "DewPointC": "23", "DewPointF": "73", "FeelsLikeC": "29", "FeelsLikeF": "84", "HeatIndexC": "29", "HeatIndexF": "84", "humidity": "83", "precipMM": "0.3", "pressure": "1010", "tempC": "26", "tempF": "79", "time": "2300", "visibility": "9", "weatherCode": "176",  "weatherDesc": [ {"value": "Patchy rain nearby" } ],  "weatherIconUrl": [ {"value": "http:\/\/cdn.worldweatheronline.net\/images\/wsymbols01_png_64\/wsymbol_0025_light_rain_showers_night.png" } ], "WindChillC": "26", "WindChillF": "79", "winddir16Point": "NE", "winddirDegree": "53", "WindGustKmph": "4", "WindGustMiles": "2", "windspeedKmph": "2", "windspeedMiles": "1" } ], "maxtempC": "32", "maxtempF": "90", "mintempC": "23", "mintempF": "73" } ] }}