{ "data": { "request": [ {"query": "Lat 23.50 and Lon 120.42", "type": "LatLon" } ],  "weather": [ { "astronomy": [ {"moonrise": "01:21 AM", "moonset": "01:32 PM", "sunrise": "06:21 AM", "sunset": "05:11 PM" } ], "date": "2013-11-28",  "hourly": [ {"cloudcover": "22", "DewPointC": "11", "DewPointF": "51", "FeelsLikeC": "14", "FeelsLikeF": "57", "HeatIndexC": "15", "HeatIndexF": "59", "humidity": "76", "precipMM": "0.0", "pressure": "1019", "tempC": "15", "tempF": "59", "time": "200", "visibility": "10", "weatherCode": "113",  "weatherDesc": [ {"value": "Clear" } ],  "weatherIconUrl": [ {"value": "http:\/\/cdn.worldweatheronline.net\/images\/wsymbols01_png_64\/wsymbol_0008_clear_sky_night.png" } ], "WindChillC": "14", "WindChillF": "57", "winddir16Point": "NNE", "winddirDegree": "16", "WindGustKmph": "35", "WindGustMiles": "22", "windspeedKmph": "17", "windspeedMiles": "10" }, {"cloudcover": "46", "DewPointC": "10", "DewPointF": "50", "FeelsLikeC": "13", "FeelsLikeF": "55", "HeatIndexC": "14", "HeatIndexF": "57", "humidity": "76", "precipMM": "0.0", "pressure": "1020", "tempC": "14", "tempF": "57", "time": "500", "visibility": "10", "weatherCode": "116",  "weatherDesc": [ {"value": "Partly Cloudy" } ],  "weatherIconUrl": [ {"value": "http:\/\/cdn.worldweatheronline.net\/images\/wsymbols01_png_64\/wsymbol_0004_black_low_cloud.png" } ], "WindChillC": "13", "WindChillF": "55", "winddir16Point": "NNE", "winddirDegree": "15", "WindGustKmph": "42", "WindGustMiles": "26", "windspeedKmph": "20", "windspeedMiles": "12" }, {"cloudcover": "43", "DewPointC": "13", "DewPointF": "55", "FeelsLikeC": "18", "FeelsLikeF": "65", "HeatIndexC": "18", "HeatIndexF": "65", "humidity": "71", "precipMM": "0.1", "pressure": "1021", "tempC": "18", "tempF": "65", "time": "800", "visibility": "10", "weatherCode": "116",  "weatherDesc": [ {"value": "Partly Cloudy" } ],  "weatherIconUrl": [ {"value": "http:\/\/cdn.worldweatheronline.net\/images\/wsymbols01_png_64\/wsymbol_0002_sunny_intervals.png" } ], "WindChillC": "18", "WindChillF": "65", "winddir16Point": "N", "winddirDegree": "10", "WindGustKmph": "20", "WindGustMiles": "12", "windspeedKmph": "16", "windspeedMiles": "10" }, {"cloudcover": "44", "DewPointC": "14", "DewPointF": "57", "FeelsLikeC": "20", "FeelsLikeF": "69", "HeatIndexC": "20", "HeatIndexF": "69", "humidity": "67", "precipMM": "0.1", "pressure": "1022", "tempC": "20", "tempF": "69", "time": "1100", "visibility": "10", "weatherCode": "116",  "weatherDesc": [ {"value": "Partly Cloudy" } ],  "weatherIconUrl": [ {"value": "http:\/\/cdn.worldweatheronline.net\/images\/wsymbols01_png_64\/wsymbol_0002_sunny_intervals.png" } ], "WindChillC": "20", "WindChillF": "69", "winddir16Point": "NNW", "winddirDegree": "347", "WindGustKmph": "24", "WindGustMiles": "15", "windspeedKmph": "21", "windspeedMiles": "13" }, {"cloudcover": "18", "DewPointC": "14", "DewPointF": "58", "FeelsLikeC": "21", "FeelsLikeF": "69", "HeatIndexC": "21", "HeatIndexF": "69", "humidity": "66", "precipMM": "0.1", "pressure": "1021", "tempC": "21", "tempF": "69", "time": "1400", "visibility": "10", "weatherCode": "113",  "weatherDesc": [ {"value": "Sunny" } ],  "weatherIconUrl": [ {"value": "http:\/\/cdn.worldweatheronline.net\/images\/wsymbols01_png_64\/wsymbol_0001_sunny.png" } ], "WindChillC": "21", "WindChillF": "69", "winddir16Point": "NNW", "winddirDegree": "344", "WindGustKmph": "23", "WindGustMiles": "14", "windspeedKmph": "20", "windspeedMiles": "12" }, {"cloudcover": "24", "DewPointC": "13", "DewPointF": "56", "FeelsLikeC": "19", "FeelsLikeF": "66", "HeatIndexC": "19", "HeatIndexF": "66", "humidity": "69", "precipMM": "0.0", "pressure": "1021", "tempC": "19", "tempF": "66", "time": "1700", "visibility": "10", "weatherCode": "113",  "weatherDesc": [ {"value": "Sunny" } ],  "weatherIconUrl": [ {"value": "http:\/\/cdn.worldweatheronline.net\/images\/wsymbols01_png_64\/wsymbol_0001_sunny.png" } ], "WindChillC": "19", "WindChillF": "66", "winddir16Point": "NNW", "winddirDegree": "347", "WindGustKmph": "18", "WindGustMiles": "11", "windspeedKmph": "15", "windspeedMiles": "10" }, {"cloudcover": "28", "DewPointC": "9", "DewPointF": "49", "FeelsLikeC": "13", "FeelsLikeF": "56", "HeatIndexC": "15", "HeatIndexF": "58", "humidity": "71", "precipMM": "0.0", "pressure": "1023", "tempC": "15", "tempF": "58", "time": "2000", "visibility": "10", "weatherCode": "116",  "weatherDesc": [ {"value": "Partly Cloudy" } ],  "weatherIconUrl": [ {"value": "http:\/\/cdn.worldweatheronline.net\/images\/wsymbols01_png_64\/wsymbol_0004_black_low_cloud.png" } ], "WindChillC": "13", "WindChillF": "56", "winddir16Point": "N", "winddirDegree": "1", "WindGustKmph": "30", "WindGustMiles": "18", "windspeedKmph": "15", "windspeedMiles": "9" }, {"cloudcover": "16", "DewPointC": "7", "DewPointF": "44", "FeelsLikeC": "11", "FeelsLikeF": "51", "HeatIndexC": "12", "HeatIndexF": "54", "humidity": "69", "precipMM": "0.0", "pressure": "1023", "tempC": "12", "tempF": "54", "time": "2300", "visibility": "10", "weatherCode": "113",  "weatherDesc": [ {"value": "Clear" } ],  "weatherIconUrl": [ {"value": "http:\/\/cdn.worldweatheronline.net\/images\/wsymbols01_png_64\/wsymbol_0008_clear_sky_night.png" } ], "WindChillC": "11", "WindChillF": "51", "winddir16Point": "N", "winddirDegree": "6", "WindGustKmph": "31", "WindGustMiles": "19", "windspeedKmph": "15", "windspeedMiles": "9" } ], "maxtempC": "21", "maxtempF": "69", "mintempC": "12", "mintempF": "54" } ] }}