{ "data": { "request": [ {"query": "Lat 23.50 and Lon 120.42", "type": "LatLon" } ],  "weather": [ { "astronomy": [ {"moonrise": "08:22 AM", "moonset": "07:44 PM", "sunrise": "06:26 AM", "sunset": "05:12 PM" } ], "date": "2013-12-05",  "hourly": [ {"cloudcover": "0", "DewPointC": "3", "DewPointF": "38", "FeelsLikeC": "9", "FeelsLikeF": "48", "HeatIndexC": "11", "HeatIndexF": "51", "humidity": "59", "precipMM": "0.0", "pressure": "1017", "tempC": "11", "tempF": "51", "time": "200", "visibility": "10", "weatherCode": "113",  "weatherDesc": [ {"value": "Clear" } ],  "weatherIconUrl": [ {"value": "http:\/\/cdn.worldweatheronline.net\/images\/wsymbols01_png_64\/wsymbol_0008_clear_sky_night.png" } ], "WindChillC": "9", "WindChillF": "48", "winddir16Point": "E", "winddirDegree": "96", "WindGustKmph": "31", "WindGustMiles": "19", "windspeedKmph": "15", "windspeedMiles": "9" }, {"cloudcover": "0", "DewPointC": "3", "DewPointF": "38", "FeelsLikeC": "9", "FeelsLikeF": "47", "HeatIndexC": "11", "HeatIndexF": "51", "humidity": "60", "precipMM": "0.0", "pressure": "1017", "tempC": "11", "tempF": "51", "time": "500", "visibility": "10", "weatherCode": "113",  "weatherDesc": [ {"value": "Clear" } ],  "weatherIconUrl": [ {"value": "http:\/\/cdn.worldweatheronline.net\/images\/wsymbols01_png_64\/wsymbol_0008_clear_sky_night.png" } ], "WindChillC": "9", "WindChillF": "47", "winddir16Point": "ESE", "winddirDegree": "106", "WindGustKmph": "32", "WindGustMiles": "20", "windspeedKmph": "15", "windspeedMiles": "9" }, {"cloudcover": "0", "DewPointC": "7", "DewPointF": "44", "FeelsLikeC": "15", "FeelsLikeF": "58", "HeatIndexC": "15", "HeatIndexF": "59", "humidity": "57", "precipMM": "0.0", "pressure": "1017", "tempC": "15", "tempF": "59", "time": "800", "visibility": "10", "weatherCode": "113",  "weatherDesc": [ {"value": "Sunny" } ],  "weatherIconUrl": [ {"value": "http:\/\/cdn.worldweatheronline.net\/images\/wsymbols01_png_64\/wsymbol_0001_sunny.png" } ], "WindChillC": "15", "WindChillF": "58", "winddir16Point": "ESE", "winddirDegree": "112", "WindGustKmph": "22", "WindGustMiles": "14", "windspeedKmph": "11", "windspeedMiles": "7" }, {"cloudcover": "0", "DewPointC": "9", "DewPointF": "47", "FeelsLikeC": "24", "FeelsLikeF": "75", "HeatIndexC": "24", "HeatIndexF": "75", "humidity": "42", "precipMM": "0.0", "pressure": "1017", "tempC": "22", "tempF": "72", "time": "1100", "visibility": "10", "weatherCode": "113",  "weatherDesc": [ {"value": "Sunny" } ],  "weatherIconUrl": [ {"value": "http:\/\/cdn.worldweatheronline.net\/images\/wsymbols01_png_64\/wsymbol_0001_sunny.png" } ], "WindChillC": "22", "WindChillF": "72", "winddir16Point": "W", "winddirDegree": "278", "WindGustKmph": "12", "WindGustMiles": "7", "windspeedKmph": "10", "windspeedMiles": "6" }, {"cloudcover": "0", "DewPointC": "11", "DewPointF": "51", "FeelsLikeC": "25", "FeelsLikeF": "77", "HeatIndexC": "25", "HeatIndexF": "77", "humidity": "41", "precipMM": "0.0", "pressure": "1016", "tempC": "25", "tempF": "76", "time": "1400", "visibility": "10", "weatherCode": "113",  "weatherDesc": [ {"value": "Sunny" } ],  "weatherIconUrl": [ {"value": "http:\/\/cdn.worldweatheronline.net\/images\/wsymbols01_png_64\/wsymbol_0001_sunny.png" } ], "WindChillC": "25", "WindChillF": "76", "winddir16Point": "WNW", "winddirDegree": "288", "WindGustKmph": "14", "WindGustMiles": "9", "windspeedKmph": "13", "windspeedMiles": "8" }, {"cloudcover": "0", "DewPointC": "13", "DewPointF": "56", "FeelsLikeC": "21", "FeelsLikeF": "69", "HeatIndexC": "21", "HeatIndexF": "69", "humidity": "63", "precipMM": "0.0", "pressure": "1015", "tempC": "21", "tempF": "69", "time": "1700", "visibility": "10", "weatherCode": "113",  "weatherDesc": [ {"value": "Sunny" } ],  "weatherIconUrl": [ {"value": "http:\/\/cdn.worldweatheronline.net\/images\/wsymbols01_png_64\/wsymbol_0001_sunny.png" } ], "WindChillC": "21", "WindChillF": "69", "winddir16Point": "NNW", "winddirDegree": "327", "WindGustKmph": "8", "WindGustMiles": "5", "windspeedKmph": "6", "windspeedMiles": "4" }, {"cloudcover": "0", "DewPointC": "10", "DewPointF": "49", "FeelsLikeC": "15", "FeelsLikeF": "59", "HeatIndexC": "15", "HeatIndexF": "59", "humidity": "69", "precipMM": "0.0", "pressure": "1016", "tempC": "15", "tempF": "59", "time": "2000", "visibility": "10", "weatherCode": "113",  "weatherDesc": [ {"value": "Clear" } ],  "weatherIconUrl": [ {"value": "http:\/\/cdn.worldweatheronline.net\/images\/wsymbols01_png_64\/wsymbol_0008_clear_sky_night.png" } ], "WindChillC": "15", "WindChillF": "59", "winddir16Point": "ENE", "winddirDegree": "75", "WindGustKmph": "15", "WindGustMiles": "9", "windspeedKmph": "7", "windspeedMiles": "4" }, {"cloudcover": "0", "DewPointC": "9", "DewPointF": "47", "FeelsLikeC": "13", "FeelsLikeF": "56", "HeatIndexC": "14", "HeatIndexF": "57", "humidity": "70", "precipMM": "0.0", "pressure": "1016", "tempC": "14", "tempF": "57", "time": "2300", "visibility": "10", "weatherCode": "113",  "weatherDesc": [ {"value": "Clear" } ],  "weatherIconUrl": [ {"value": "http:\/\/cdn.worldweatheronline.net\/images\/wsymbols01_png_64\/wsymbol_0008_clear_sky_night.png" } ], "WindChillC": "13", "WindChillF": "56", "winddir16Point": "E", "winddirDegree": "94", "WindGustKmph": "19", "WindGustMiles": "12", "windspeedKmph": "9", "windspeedMiles": "6" } ], "maxtempC": "25", "maxtempF": "76", "mintempC": "11", "mintempF": "51" } ] }}