{ "data": { "request": [ {"query": "Lat 23.50 and Lon 120.42", "type": "LatLon" } ],  "weather": [ { "astronomy": [ {"moonrise": "03:21 PM", "moonset": "03:30 AM", "sunrise": "05:59 AM", "sunset": "06:11 PM" } ], "date": "2013-03-24",  "hourly": [ {"cloudcover": "17", "DewPointC": "12", "DewPointF": "53", "FeelsLikeC": "19", "FeelsLikeF": "66", "HeatIndexC": "19", "HeatIndexF": "66", "humidity": "61", "precipMM": "0.0", "pressure": "1011", "tempC": "19", "tempF": "66", "time": "200", "visibility": "10", "weatherCode": "113",  "weatherDesc": [ {"value": "Clear" } ],  "weatherIconUrl": [ {"value": "http:\/\/cdn.worldweatheronline.net\/images\/wsymbols01_png_64\/wsymbol_0008_clear_sky_night.png" } ], "WindChillC": "19", "WindChillF": "66", "winddir16Point": "NNE", "winddirDegree": "13", "WindGustKmph": "8", "WindGustMiles": "5", "windspeedKmph": "4", "windspeedMiles": "2" }, {"cloudcover": "2", "DewPointC": "4", "DewPointF": "40", "FeelsLikeC": "19", "FeelsLikeF": "65", "HeatIndexC": "19", "HeatIndexF": "65", "humidity": "39", "precipMM": "0.0", "pressure": "1010", "tempC": "19", "tempF": "65", "time": "500", "visibility": "10", "weatherCode": "113",  "weatherDesc": [ {"value": "Clear" } ],  "weatherIconUrl": [ {"value": "http:\/\/cdn.worldweatheronline.net\/images\/wsymbols01_png_64\/wsymbol_0008_clear_sky_night.png" } ], "WindChillC": "19", "WindChillF": "65", "winddir16Point": "E", "winddirDegree": "85", "WindGustKmph": "23", "WindGustMiles": "14", "windspeedKmph": "11", "windspeedMiles": "7" }, {"cloudcover": "3", "DewPointC": "3", "DewPointF": "38", "FeelsLikeC": "24", "FeelsLikeF": "76", "HeatIndexC": "24", "HeatIndexF": "76", "humidity": "24", "precipMM": "0.0", "pressure": "1011", "tempC": "24", "tempF": "75", "time": "800", "visibility": "10", "weatherCode": "113",  "weatherDesc": [ {"value": "Sunny" } ],  "weatherIconUrl": [ {"value": "http:\/\/cdn.worldweatheronline.net\/images\/wsymbols01_png_64\/wsymbol_0001_sunny.png" } ], "WindChillC": "25", "WindChillF": "78", "winddir16Point": "ESE", "winddirDegree": "110", "WindGustKmph": "10", "WindGustMiles": "6", "windspeedKmph": "8", "windspeedMiles": "5" }, {"cloudcover": "4", "DewPointC": "14", "DewPointF": "56", "FeelsLikeC": "31", "FeelsLikeF": "87", "HeatIndexC": "31", "HeatIndexF": "87", "humidity": "34", "precipMM": "0.0", "pressure": "1011", "tempC": "30", "tempF": "86", "time": "1100", "visibility": "10", "weatherCode": "113",  "weatherDesc": [ {"value": "Sunny" } ],  "weatherIconUrl": [ {"value": "http:\/\/cdn.worldweatheronline.net\/images\/wsymbols01_png_64\/wsymbol_0001_sunny.png" } ], "WindChillC": "31", "WindChillF": "88", "winddir16Point": "SSW", "winddirDegree": "212", "WindGustKmph": "19", "WindGustMiles": "12", "windspeedKmph": "16", "windspeedMiles": "10" }, {"cloudcover": "8", "DewPointC": "17", "DewPointF": "63", "FeelsLikeC": "32", "FeelsLikeF": "90", "HeatIndexC": "32", "HeatIndexF": "90", "humidity": "44", "precipMM": "0.0", "pressure": "1008", "tempC": "30", "tempF": "85", "time": "1400", "visibility": "10", "weatherCode": "113",  "weatherDesc": [ {"value": "Sunny" } ],  "weatherIconUrl": [ {"value": "http:\/\/cdn.worldweatheronline.net\/images\/wsymbols01_png_64\/wsymbol_0001_sunny.png" } ], "WindChillC": "31", "WindChillF": "88", "winddir16Point": "SW", "winddirDegree": "235", "WindGustKmph": "21", "WindGustMiles": "13", "windspeedKmph": "18", "windspeedMiles": "11" }, {"cloudcover": "10", "DewPointC": "18", "DewPointF": "65", "FeelsLikeC": "31", "FeelsLikeF": "87", "HeatIndexC": "31", "HeatIndexF": "87", "humidity": "51", "precipMM": "0.0", "pressure": "1008", "tempC": "27", "tempF": "81", "time": "1700", "visibility": "10", "weatherCode": "113",  "weatherDesc": [ {"value": "Sunny" } ],  "weatherIconUrl": [ {"value": "http:\/\/cdn.worldweatheronline.net\/images\/wsymbols01_png_64\/wsymbol_0001_sunny.png" } ], "WindChillC": "29", "WindChillF": "85", "winddir16Point": "SSW", "winddirDegree": "200", "WindGustKmph": "12", "WindGustMiles": "7", "windspeedKmph": "10", "windspeedMiles": "6" }, {"cloudcover": "6", "DewPointC": "15", "DewPointF": "58", "FeelsLikeC": "25", "FeelsLikeF": "77", "HeatIndexC": "25", "HeatIndexF": "77", "humidity": "57", "precipMM": "0.0", "pressure": "1010", "tempC": "24", "tempF": "74", "time": "2000", "visibility": "10", "weatherCode": "113",  "weatherDesc": [ {"value": "Clear" } ],  "weatherIconUrl": [ {"value": "http:\/\/cdn.worldweatheronline.net\/images\/wsymbols01_png_64\/wsymbol_0008_clear_sky_night.png" } ], "WindChillC": "24", "WindChillF": "74", "winddir16Point": "ESE", "winddirDegree": "120", "WindGustKmph": "13", "WindGustMiles": "8", "windspeedKmph": "7", "windspeedMiles": "4" }, {"cloudcover": "11", "DewPointC": "10", "DewPointF": "49", "FeelsLikeC": "20", "FeelsLikeF": "68", "HeatIndexC": "20", "HeatIndexF": "68", "humidity": "51", "precipMM": "0.1", "pressure": "1012", "tempC": "20", "tempF": "68", "time": "2300", "visibility": "10", "weatherCode": "113",  "weatherDesc": [ {"value": "Clear" } ],  "weatherIconUrl": [ {"value": "http:\/\/cdn.worldweatheronline.net\/images\/wsymbols01_png_64\/wsymbol_0008_clear_sky_night.png" } ], "WindChillC": "20", "WindChillF": "68", "winddir16Point": "NNE", "winddirDegree": "29", "WindGustKmph": "14", "WindGustMiles": "9", "windspeedKmph": "6", "windspeedMiles": "4" } ], "maxtempC": "30", "maxtempF": "86", "mintempC": "19", "mintempF": "65" } ] }}