{ "data": { "request": [ {"query": "Lat 23.50 and Lon 120.42", "type": "LatLon" } ],  "weather": [ { "astronomy": [ {"moonrise": "10:23 PM", "moonset": "08:59 AM", "sunrise": "06:19 AM", "sunset": "06:02 PM" } ], "date": "2013-03-02",  "hourly": [ {"cloudcover": "12", "DewPointC": "12", "DewPointF": "54", "FeelsLikeC": "18", "FeelsLikeF": "65", "HeatIndexC": "18", "HeatIndexF": "65", "humidity": "68", "precipMM": "0.0", "pressure": "1019", "tempC": "18", "tempF": "65", "time": "200", "visibility": "10", "weatherCode": "113",  "weatherDesc": [ {"value": "Clear" } ],  "weatherIconUrl": [ {"value": "http:\/\/cdn.worldweatheronline.net\/images\/wsymbols01_png_64\/wsymbol_0008_clear_sky_night.png" } ], "WindChillC": "18", "WindChillF": "65", "winddir16Point": "NNE", "winddirDegree": "25", "WindGustKmph": "22", "WindGustMiles": "14", "windspeedKmph": "11", "windspeedMiles": "7" }, {"cloudcover": "19", "DewPointC": "12", "DewPointF": "54", "FeelsLikeC": "17", "FeelsLikeF": "63", "HeatIndexC": "17", "HeatIndexF": "63", "humidity": "73", "precipMM": "0.0", "pressure": "1019", "tempC": "17", "tempF": "63", "time": "500", "visibility": "10", "weatherCode": "113",  "weatherDesc": [ {"value": "Clear" } ],  "weatherIconUrl": [ {"value": "http:\/\/cdn.worldweatheronline.net\/images\/wsymbols01_png_64\/wsymbol_0008_clear_sky_night.png" } ], "WindChillC": "17", "WindChillF": "63", "winddir16Point": "NNE", "winddirDegree": "21", "WindGustKmph": "24", "WindGustMiles": "15", "windspeedKmph": "12", "windspeedMiles": "7" }, {"cloudcover": "17", "DewPointC": "12", "DewPointF": "54", "FeelsLikeC": "19", "FeelsLikeF": "66", "HeatIndexC": "19", "HeatIndexF": "66", "humidity": "66", "precipMM": "0.0", "pressure": "1021", "tempC": "18", "tempF": "64", "time": "800", "visibility": "10", "weatherCode": "113",  "weatherDesc": [ {"value": "Sunny" } ],  "weatherIconUrl": [ {"value": "http:\/\/cdn.worldweatheronline.net\/images\/wsymbols01_png_64\/wsymbol_0001_sunny.png" } ], "WindChillC": "19", "WindChillF": "66", "winddir16Point": "N", "winddirDegree": "360", "WindGustKmph": "24", "WindGustMiles": "15", "windspeedKmph": "16", "windspeedMiles": "10" }, {"cloudcover": "26", "DewPointC": "15", "DewPointF": "60", "FeelsLikeC": "26", "FeelsLikeF": "78", "HeatIndexC": "26", "HeatIndexF": "78", "humidity": "58", "precipMM": "0.0", "pressure": "1022", "tempC": "23", "tempF": "74", "time": "1100", "visibility": "10", "weatherCode": "116",  "weatherDesc": [ {"value": "Partly Cloudy" } ],  "weatherIconUrl": [ {"value": "http:\/\/cdn.worldweatheronline.net\/images\/wsymbols01_png_64\/wsymbol_0002_sunny_intervals.png" } ], "WindChillC": "24", "WindChillF": "76", "winddir16Point": "NNW", "winddirDegree": "332", "WindGustKmph": "22", "WindGustMiles": "14", "windspeedKmph": "19", "windspeedMiles": "12" }, {"cloudcover": "24", "DewPointC": "16", "DewPointF": "60", "FeelsLikeC": "25", "FeelsLikeF": "78", "HeatIndexC": "25", "HeatIndexF": "78", "humidity": "61", "precipMM": "0.0", "pressure": "1021", "tempC": "22", "tempF": "72", "time": "1400", "visibility": "10", "weatherCode": "113",  "weatherDesc": [ {"value": "Sunny" } ],  "weatherIconUrl": [ {"value": "http:\/\/cdn.worldweatheronline.net\/images\/wsymbols01_png_64\/wsymbol_0001_sunny.png" } ], "WindChillC": "24", "WindChillF": "75", "winddir16Point": "NNW", "winddirDegree": "331", "WindGustKmph": "28", "WindGustMiles": "18", "windspeedKmph": "25", "windspeedMiles": "15" }, {"cloudcover": "46", "DewPointC": "14", "DewPointF": "57", "FeelsLikeC": "20", "FeelsLikeF": "68", "HeatIndexC": "20", "HeatIndexF": "68", "humidity": "68", "precipMM": "0.2", "pressure": "1021", "tempC": "19", "tempF": "66", "time": "1700", "visibility": "5", "weatherCode": "263",  "weatherDesc": [ {"value": "Patchy light drizzle" } ],  "weatherIconUrl": [ {"value": "http:\/\/cdn.worldweatheronline.net\/images\/wsymbols01_png_64\/wsymbol_0009_light_rain_showers.png" } ], "WindChillC": "20", "WindChillF": "68", "winddir16Point": "NNW", "winddirDegree": "345", "WindGustKmph": "24", "WindGustMiles": "15", "windspeedKmph": "21", "windspeedMiles": "13" }, {"cloudcover": "21", "DewPointC": "12", "DewPointF": "54", "FeelsLikeC": "18", "FeelsLikeF": "64", "HeatIndexC": "18", "HeatIndexF": "64", "humidity": "71", "precipMM": "0.1", "pressure": "1022", "tempC": "18", "tempF": "64", "time": "2000", "visibility": "10", "weatherCode": "113",  "weatherDesc": [ {"value": "Clear" } ],  "weatherIconUrl": [ {"value": "http:\/\/cdn.worldweatheronline.net\/images\/wsymbols01_png_64\/wsymbol_0008_clear_sky_night.png" } ], "WindChillC": "18", "WindChillF": "64", "winddir16Point": "N", "winddirDegree": "355", "WindGustKmph": "22", "WindGustMiles": "13", "windspeedKmph": "16", "windspeedMiles": "10" }, {"cloudcover": "18", "DewPointC": "11", "DewPointF": "53", "FeelsLikeC": "16", "FeelsLikeF": "61", "HeatIndexC": "16", "HeatIndexF": "61", "humidity": "74", "precipMM": "0.0", "pressure": "1023", "tempC": "16", "tempF": "61", "time": "2300", "visibility": "10", "weatherCode": "113",  "weatherDesc": [ {"value": "Clear" } ],  "weatherIconUrl": [ {"value": "http:\/\/cdn.worldweatheronline.net\/images\/wsymbols01_png_64\/wsymbol_0008_clear_sky_night.png" } ], "WindChillC": "16", "WindChillF": "61", "winddir16Point": "N", "winddirDegree": "359", "WindGustKmph": "23", "WindGustMiles": "14", "windspeedKmph": "14", "windspeedMiles": "9" } ], "maxtempC": "23", "maxtempF": "74", "mintempC": "16", "mintempF": "61" } ] }}