{ "data": { "request": [ {"query": "Lat 23.50 and Lon 120.42", "type": "LatLon" } ],  "weather": [ { "astronomy": [ {"moonrise": "12:54 PM", "moonset": "01:39 AM", "sunrise": "06:42 AM", "sunset": "05:38 PM" } ], "date": "2013-01-21",  "hourly": [ {"cloudcover": "0", "DewPointC": "13", "DewPointF": "55", "FeelsLikeC": "15", "FeelsLikeF": "59", "HeatIndexC": "15", "HeatIndexF": "59", "humidity": "85", "precipMM": "0.0", "pressure": "1021", "tempC": "15", "tempF": "59", "time": "200", "visibility": "10", "weatherCode": "113",  "weatherDesc": [ {"value": "Clear" } ],  "weatherIconUrl": [ {"value": "http:\/\/cdn.worldweatheronline.net\/images\/wsymbols01_png_64\/wsymbol_0008_clear_sky_night.png" } ], "WindChillC": "15", "WindChillF": "59", "winddir16Point": "ENE", "winddirDegree": "78", "WindGustKmph": "5", "WindGustMiles": "3", "windspeedKmph": "2", "windspeedMiles": "1" }, {"cloudcover": "0", "DewPointC": "12", "DewPointF": "53", "FeelsLikeC": "15", "FeelsLikeF": "58", "HeatIndexC": "14", "HeatIndexF": "57", "humidity": "86", "precipMM": "0.0", "pressure": "1020", "tempC": "14", "tempF": "57", "time": "500", "visibility": "10", "weatherCode": "113",  "weatherDesc": [ {"value": "Clear" } ],  "weatherIconUrl": [ {"value": "http:\/\/cdn.worldweatheronline.net\/images\/wsymbols01_png_64\/wsymbol_0008_clear_sky_night.png" } ], "WindChillC": "15", "WindChillF": "58", "winddir16Point": "ENE", "winddirDegree": "61", "WindGustKmph": "8", "WindGustMiles": "5", "windspeedKmph": "4", "windspeedMiles": "2" }, {"cloudcover": "0", "DewPointC": "15", "DewPointF": "58", "FeelsLikeC": "19", "FeelsLikeF": "67", "HeatIndexC": "19", "HeatIndexF": "67", "humidity": "75", "precipMM": "0.0", "pressure": "1021", "tempC": "18", "tempF": "64", "time": "800", "visibility": "10", "weatherCode": "113",  "weatherDesc": [ {"value": "Sunny" } ],  "weatherIconUrl": [ {"value": "http:\/\/cdn.worldweatheronline.net\/images\/wsymbols01_png_64\/wsymbol_0001_sunny.png" } ], "WindChillC": "19", "WindChillF": "67", "winddir16Point": "NE", "winddirDegree": "53", "WindGustKmph": "8", "WindGustMiles": "5", "windspeedKmph": "6", "windspeedMiles": "4" }, {"cloudcover": "0", "DewPointC": "13", "DewPointF": "56", "FeelsLikeC": "23", "FeelsLikeF": "74", "HeatIndexC": "25", "HeatIndexF": "77", "humidity": "54", "precipMM": "0.0", "pressure": "1022", "tempC": "22", "tempF": "71", "time": "1100", "visibility": "10", "weatherCode": "113",  "weatherDesc": [ {"value": "Sunny" } ],  "weatherIconUrl": [ {"value": "http:\/\/cdn.worldweatheronline.net\/images\/wsymbols01_png_64\/wsymbol_0001_sunny.png" } ], "WindChillC": "23", "WindChillF": "74", "winddir16Point": "NW", "winddirDegree": "323", "WindGustKmph": "13", "WindGustMiles": "8", "windspeedKmph": "12", "windspeedMiles": "7" }, {"cloudcover": "0", "DewPointC": "13", "DewPointF": "56", "FeelsLikeC": "26", "FeelsLikeF": "79", "HeatIndexC": "26", "HeatIndexF": "79", "humidity": "46", "precipMM": "0.0", "pressure": "1019", "tempC": "25", "tempF": "77", "time": "1400", "visibility": "10", "weatherCode": "113",  "weatherDesc": [ {"value": "Sunny" } ],  "weatherIconUrl": [ {"value": "http:\/\/cdn.worldweatheronline.net\/images\/wsymbols01_png_64\/wsymbol_0001_sunny.png" } ], "WindChillC": "26", "WindChillF": "79", "winddir16Point": "NW", "winddirDegree": "316", "WindGustKmph": "15", "WindGustMiles": "10", "windspeedKmph": "13", "windspeedMiles": "8" }, {"cloudcover": "0", "DewPointC": "15", "DewPointF": "59", "FeelsLikeC": "23", "FeelsLikeF": "74", "HeatIndexC": "25", "HeatIndexF": "77", "humidity": "59", "precipMM": "0.0", "pressure": "1019", "tempC": "22", "tempF": "71", "time": "1700", "visibility": "10", "weatherCode": "113",  "weatherDesc": [ {"value": "Sunny" } ],  "weatherIconUrl": [ {"value": "http:\/\/cdn.worldweatheronline.net\/images\/wsymbols01_png_64\/wsymbol_0001_sunny.png" } ], "WindChillC": "23", "WindChillF": "74", "winddir16Point": "NNW", "winddirDegree": "331", "WindGustKmph": "10", "WindGustMiles": "6", "windspeedKmph": "9", "windspeedMiles": "6" }, {"cloudcover": "0", "DewPointC": "10", "DewPointF": "51", "FeelsLikeC": "16", "FeelsLikeF": "61", "HeatIndexC": "16", "HeatIndexF": "61", "humidity": "69", "precipMM": "0.0", "pressure": "1020", "tempC": "16", "tempF": "61", "time": "2000", "visibility": "10", "weatherCode": "113",  "weatherDesc": [ {"value": "Clear" } ],  "weatherIconUrl": [ {"value": "http:\/\/cdn.worldweatheronline.net\/images\/wsymbols01_png_64\/wsymbol_0008_clear_sky_night.png" } ], "WindChillC": "16", "WindChillF": "61", "winddir16Point": "ENE", "winddirDegree": "71", "WindGustKmph": "12", "WindGustMiles": "8", "windspeedKmph": "6", "windspeedMiles": "4" }, {"cloudcover": "2", "DewPointC": "11", "DewPointF": "51", "FeelsLikeC": "15", "FeelsLikeF": "59", "HeatIndexC": "15", "HeatIndexF": "59", "humidity": "74", "precipMM": "0.0", "pressure": "1020", "tempC": "15", "tempF": "59", "time": "2300", "visibility": "10", "weatherCode": "113",  "weatherDesc": [ {"value": "Clear" } ],  "weatherIconUrl": [ {"value": "http:\/\/cdn.worldweatheronline.net\/images\/wsymbols01_png_64\/wsymbol_0008_clear_sky_night.png" } ], "WindChillC": "15", "WindChillF": "59", "winddir16Point": "ENE", "winddirDegree": "75", "WindGustKmph": "10", "WindGustMiles": "6", "windspeedKmph": "5", "windspeedMiles": "3" } ], "maxtempC": "25", "maxtempF": "77", "mintempC": "14", "mintempF": "57" } ] }}