{ "data": { "request": [ {"query": "Lat 23.50 and Lon 120.42", "type": "LatLon" } ],  "weather": [ { "astronomy": [ {"moonrise": "10:21 PM", "moonset": "10:16 AM", "sunrise": "06:36 AM", "sunset": "05:18 PM" } ], "date": "2013-12-23",  "hourly": [ {"cloudcover": "9", "DewPointC": "9", "DewPointF": "48", "FeelsLikeC": "12", "FeelsLikeF": "53", "HeatIndexC": "12", "HeatIndexF": "54", "humidity": "80", "precipMM": "0.0", "pressure": "1020", "tempC": "12", "tempF": "54", "time": "200", "visibility": "10", "weatherCode": "113",  "weatherDesc": [ {"value": "Clear" } ],  "weatherIconUrl": [ {"value": "http:\/\/cdn.worldweatheronline.net\/images\/wsymbols01_png_64\/wsymbol_0008_clear_sky_night.png" } ], "WindChillC": "12", "WindChillF": "53", "winddir16Point": "NE", "winddirDegree": "34", "WindGustKmph": "16", "WindGustMiles": "10", "windspeedKmph": "8", "windspeedMiles": "5" }, {"cloudcover": "7", "DewPointC": "9", "DewPointF": "48", "FeelsLikeC": "12", "FeelsLikeF": "53", "HeatIndexC": "12", "HeatIndexF": "54", "humidity": "78", "precipMM": "0.0", "pressure": "1021", "tempC": "12", "tempF": "54", "time": "500", "visibility": "10", "weatherCode": "113",  "weatherDesc": [ {"value": "Clear" } ],  "weatherIconUrl": [ {"value": "http:\/\/cdn.worldweatheronline.net\/images\/wsymbols01_png_64\/wsymbol_0008_clear_sky_night.png" } ], "WindChillC": "12", "WindChillF": "53", "winddir16Point": "NE", "winddirDegree": "50", "WindGustKmph": "18", "WindGustMiles": "11", "windspeedKmph": "9", "windspeedMiles": "5" }, {"cloudcover": "5", "DewPointC": "12", "DewPointF": "53", "FeelsLikeC": "17", "FeelsLikeF": "63", "HeatIndexC": "17", "HeatIndexF": "63", "humidity": "71", "precipMM": "0.0", "pressure": "1021", "tempC": "17", "tempF": "63", "time": "800", "visibility": "10", "weatherCode": "113",  "weatherDesc": [ {"value": "Sunny" } ],  "weatherIconUrl": [ {"value": "http:\/\/cdn.worldweatheronline.net\/images\/wsymbols01_png_64\/wsymbol_0001_sunny.png" } ], "WindChillC": "17", "WindChillF": "63", "winddir16Point": "NE", "winddirDegree": "50", "WindGustKmph": "15", "WindGustMiles": "9", "windspeedKmph": "9", "windspeedMiles": "5" }, {"cloudcover": "8", "DewPointC": "13", "DewPointF": "56", "FeelsLikeC": "25", "FeelsLikeF": "76", "HeatIndexC": "25", "HeatIndexF": "76", "humidity": "56", "precipMM": "0.0", "pressure": "1021", "tempC": "22", "tempF": "72", "time": "1100", "visibility": "10", "weatherCode": "113",  "weatherDesc": [ {"value": "Sunny" } ],  "weatherIconUrl": [ {"value": "http:\/\/cdn.worldweatheronline.net\/images\/wsymbols01_png_64\/wsymbol_0001_sunny.png" } ], "WindChillC": "22", "WindChillF": "72", "winddir16Point": "NNW", "winddirDegree": "328", "WindGustKmph": "15", "WindGustMiles": "9", "windspeedKmph": "13", "windspeedMiles": "8" }, {"cloudcover": "6", "DewPointC": "15", "DewPointF": "59", "FeelsLikeC": "25", "FeelsLikeF": "78", "HeatIndexC": "25", "HeatIndexF": "78", "humidity": "57", "precipMM": "0.0", "pressure": "1019", "tempC": "24", "tempF": "75", "time": "1400", "visibility": "10", "weatherCode": "113",  "weatherDesc": [ {"value": "Sunny" } ],  "weatherIconUrl": [ {"value": "http:\/\/cdn.worldweatheronline.net\/images\/wsymbols01_png_64\/wsymbol_0001_sunny.png" } ], "WindChillC": "24", "WindChillF": "75", "winddir16Point": "NNW", "winddirDegree": "334", "WindGustKmph": "19", "WindGustMiles": "12", "windspeedKmph": "17", "windspeedMiles": "11" }, {"cloudcover": "7", "DewPointC": "14", "DewPointF": "58", "FeelsLikeC": "20", "FeelsLikeF": "67", "HeatIndexC": "20", "HeatIndexF": "67", "humidity": "72", "precipMM": "0.0", "pressure": "1020", "tempC": "20", "tempF": "67", "time": "1700", "visibility": "10", "weatherCode": "113",  "weatherDesc": [ {"value": "Sunny" } ],  "weatherIconUrl": [ {"value": "http:\/\/cdn.worldweatheronline.net\/images\/wsymbols01_png_64\/wsymbol_0001_sunny.png" } ], "WindChillC": "20", "WindChillF": "67", "winddir16Point": "NNW", "winddirDegree": "343", "WindGustKmph": "18", "WindGustMiles": "11", "windspeedKmph": "13", "windspeedMiles": "8" }, {"cloudcover": "6", "DewPointC": "10", "DewPointF": "51", "FeelsLikeC": "14", "FeelsLikeF": "56", "HeatIndexC": "14", "HeatIndexF": "58", "humidity": "77", "precipMM": "0.0", "pressure": "1020", "tempC": "14", "tempF": "58", "time": "2000", "visibility": "10", "weatherCode": "113",  "weatherDesc": [ {"value": "Clear" } ],  "weatherIconUrl": [ {"value": "http:\/\/cdn.worldweatheronline.net\/images\/wsymbols01_png_64\/wsymbol_0008_clear_sky_night.png" } ], "WindChillC": "14", "WindChillF": "56", "winddir16Point": "NNE", "winddirDegree": "26", "WindGustKmph": "27", "WindGustMiles": "17", "windspeedKmph": "13", "windspeedMiles": "8" }, {"cloudcover": "13", "DewPointC": "10", "DewPointF": "51", "FeelsLikeC": "14", "FeelsLikeF": "57", "HeatIndexC": "15", "HeatIndexF": "58", "humidity": "76", "precipMM": "0.0", "pressure": "1021", "tempC": "15", "tempF": "58", "time": "2300", "visibility": "10", "weatherCode": "113",  "weatherDesc": [ {"value": "Clear" } ],  "weatherIconUrl": [ {"value": "http:\/\/cdn.worldweatheronline.net\/images\/wsymbols01_png_64\/wsymbol_0008_clear_sky_night.png" } ], "WindChillC": "14", "WindChillF": "57", "winddir16Point": "NE", "winddirDegree": "39", "WindGustKmph": "21", "WindGustMiles": "13", "windspeedKmph": "10", "windspeedMiles": "6" } ], "maxtempC": "24", "maxtempF": "75", "mintempC": "12", "mintempF": "54" } ] }}