{ "data": { "request": [ {"query": "Lat 23.50 and Lon 120.42", "type": "LatLon" } ],  "weather": [ { "astronomy": [ {"moonrise": "09:15 PM", "moonset": "08:03 AM", "sunrise": "05:14 AM", "sunset": "06:48 PM" } ], "date": "2013-06-26",  "hourly": [ {"cloudcover": "47", "DewPointC": "17", "DewPointF": "63", "FeelsLikeC": "25", "FeelsLikeF": "77", "HeatIndexC": "25", "HeatIndexF": "77", "humidity": "69", "precipMM": "0.1", "pressure": "1007", "tempC": "23", "tempF": "74", "time": "200", "visibility": "10", "weatherCode": "116",  "weatherDesc": [ {"value": "Partly Cloudy" } ],  "weatherIconUrl": [ {"value": "http:\/\/cdn.worldweatheronline.net\/images\/wsymbols01_png_64\/wsymbol_0004_black_low_cloud.png" } ], "WindChillC": "23", "WindChillF": "74", "winddir16Point": "SSE", "winddirDegree": "150", "WindGustKmph": "36", "WindGustMiles": "23", "windspeedKmph": "17", "windspeedMiles": "11" }, {"cloudcover": "30", "DewPointC": "17", "DewPointF": "62", "FeelsLikeC": "25", "FeelsLikeF": "77", "HeatIndexC": "25", "HeatIndexF": "77", "humidity": "70", "precipMM": "0.0", "pressure": "1006", "tempC": "23", "tempF": "73", "time": "500", "visibility": "10", "weatherCode": "116",  "weatherDesc": [ {"value": "Partly Cloudy" } ],  "weatherIconUrl": [ {"value": "http:\/\/cdn.worldweatheronline.net\/images\/wsymbols01_png_64\/wsymbol_0004_black_low_cloud.png" } ], "WindChillC": "23", "WindChillF": "73", "winddir16Point": "SSE", "winddirDegree": "146", "WindGustKmph": "32", "WindGustMiles": "20", "windspeedKmph": "15", "windspeedMiles": "9" }, {"cloudcover": "26", "DewPointC": "21", "DewPointF": "70", "FeelsLikeC": "29", "FeelsLikeF": "85", "HeatIndexC": "29", "HeatIndexF": "85", "humidity": "68", "precipMM": "0.0", "pressure": "1007", "tempC": "26", "tempF": "78", "time": "800", "visibility": "10", "weatherCode": "116",  "weatherDesc": [ {"value": "Partly Cloudy" } ],  "weatherIconUrl": [ {"value": "http:\/\/cdn.worldweatheronline.net\/images\/wsymbols01_png_64\/wsymbol_0002_sunny_intervals.png" } ], "WindChillC": "27", "WindChillF": "81", "winddir16Point": "S", "winddirDegree": "172", "WindGustKmph": "21", "WindGustMiles": "13", "windspeedKmph": "16", "windspeedMiles": "10" }, {"cloudcover": "30", "DewPointC": "24", "DewPointF": "76", "FeelsLikeC": "39", "FeelsLikeF": "103", "HeatIndexC": "39", "HeatIndexF": "103", "humidity": "61", "precipMM": "0.0", "pressure": "1008", "tempC": "32", "tempF": "89", "time": "1100", "visibility": "10", "weatherCode": "116",  "weatherDesc": [ {"value": "Partly Cloudy" } ],  "weatherIconUrl": [ {"value": "http:\/\/cdn.worldweatheronline.net\/images\/wsymbols01_png_64\/wsymbol_0002_sunny_intervals.png" } ], "WindChillC": "33", "WindChillF": "91", "winddir16Point": "SSW", "winddirDegree": "199", "WindGustKmph": "20", "WindGustMiles": "13", "windspeedKmph": "18", "windspeedMiles": "11" }, {"cloudcover": "31", "DewPointC": "25", "DewPointF": "76", "FeelsLikeC": "41", "FeelsLikeF": "105", "HeatIndexC": "41", "HeatIndexF": "105", "humidity": "60", "precipMM": "0.0", "pressure": "1006", "tempC": "32", "tempF": "90", "time": "1400", "visibility": "10", "weatherCode": "116",  "weatherDesc": [ {"value": "Partly Cloudy" } ],  "weatherIconUrl": [ {"value": "http:\/\/cdn.worldweatheronline.net\/images\/wsymbols01_png_64\/wsymbol_0002_sunny_intervals.png" } ], "WindChillC": "33", "WindChillF": "92", "winddir16Point": "SSW", "winddirDegree": "209", "WindGustKmph": "20", "WindGustMiles": "13", "windspeedKmph": "18", "windspeedMiles": "11" }, {"cloudcover": "28", "DewPointC": "25", "DewPointF": "76", "FeelsLikeC": "39", "FeelsLikeF": "102", "HeatIndexC": "39", "HeatIndexF": "102", "humidity": "65", "precipMM": "0.0", "pressure": "1005", "tempC": "31", "tempF": "87", "time": "1700", "visibility": "10", "weatherCode": "116",  "weatherDesc": [ {"value": "Partly Cloudy" } ],  "weatherIconUrl": [ {"value": "http:\/\/cdn.worldweatheronline.net\/images\/wsymbols01_png_64\/wsymbol_0002_sunny_intervals.png" } ], "WindChillC": "32", "WindChillF": "90", "winddir16Point": "SSW", "winddirDegree": "203", "WindGustKmph": "19", "WindGustMiles": "12", "windspeedKmph": "17", "windspeedMiles": "11" }, {"cloudcover": "28", "DewPointC": "22", "DewPointF": "71", "FeelsLikeC": "29", "FeelsLikeF": "84", "HeatIndexC": "29", "HeatIndexF": "84", "humidity": "73", "precipMM": "0.1", "pressure": "1007", "tempC": "27", "tempF": "80", "time": "2000", "visibility": "10", "weatherCode": "116",  "weatherDesc": [ {"value": "Partly Cloudy" } ],  "weatherIconUrl": [ {"value": "http:\/\/cdn.worldweatheronline.net\/images\/wsymbols01_png_64\/wsymbol_0004_black_low_cloud.png" } ], "WindChillC": "27", "WindChillF": "80", "winddir16Point": "SSE", "winddirDegree": "161", "WindGustKmph": "19", "WindGustMiles": "12", "windspeedKmph": "13", "windspeedMiles": "8" }, {"cloudcover": "25", "DewPointC": "19", "DewPointF": "66", "FeelsLikeC": "27", "FeelsLikeF": "80", "HeatIndexC": "27", "HeatIndexF": "80", "humidity": "68", "precipMM": "0.0", "pressure": "1008", "tempC": "25", "tempF": "78", "time": "2300", "visibility": "10", "weatherCode": "113",  "weatherDesc": [ {"value": "Clear" } ],  "weatherIconUrl": [ {"value": "http:\/\/cdn.worldweatheronline.net\/images\/wsymbols01_png_64\/wsymbol_0008_clear_sky_night.png" } ], "WindChillC": "25", "WindChillF": "78", "winddir16Point": "SSE", "winddirDegree": "155", "WindGustKmph": "27", "WindGustMiles": "17", "windspeedKmph": "14", "windspeedMiles": "9" } ], "maxtempC": "32", "maxtempF": "90", "mintempC": "23", "mintempF": "73" } ] }}