{ "data": { "request": [ {"query": "Lat 23.50 and Lon 120.42", "type": "LatLon" } ],  "weather": [ { "astronomy": [ {"moonrise": "10:37 AM", "moonset": "11:12 PM", "sunrise": "05:12 AM", "sunset": "06:46 PM" } ], "date": "2013-06-15",  "hourly": [ {"cloudcover": "16", "DewPointC": "22", "DewPointF": "71", "FeelsLikeC": "28", "FeelsLikeF": "83", "HeatIndexC": "28", "HeatIndexF": "83", "humidity": "78", "precipMM": "0.0", "pressure": "1008", "tempC": "26", "tempF": "79", "time": "200", "visibility": "10", "weatherCode": "113",  "weatherDesc": [ {"value": "Clear" } ],  "weatherIconUrl": [ {"value": "http:\/\/cdn.worldweatheronline.net\/images\/wsymbols01_png_64\/wsymbol_0008_clear_sky_night.png" } ], "WindChillC": "26", "WindChillF": "79", "winddir16Point": "ENE", "winddirDegree": "58", "WindGustKmph": "9", "WindGustMiles": "5", "windspeedKmph": "4", "windspeedMiles": "3" }, {"cloudcover": "19", "DewPointC": "21", "DewPointF": "69", "FeelsLikeC": "26", "FeelsLikeF": "79", "HeatIndexC": "26", "HeatIndexF": "79", "humidity": "79", "precipMM": "0.1", "pressure": "1007", "tempC": "24", "tempF": "76", "time": "500", "visibility": "10", "weatherCode": "113",  "weatherDesc": [ {"value": "Clear" } ],  "weatherIconUrl": [ {"value": "http:\/\/cdn.worldweatheronline.net\/images\/wsymbols01_png_64\/wsymbol_0008_clear_sky_night.png" } ], "WindChillC": "24", "WindChillF": "76", "winddir16Point": "NE", "winddirDegree": "49", "WindGustKmph": "10", "WindGustMiles": "6", "windspeedKmph": "5", "windspeedMiles": "3" }, {"cloudcover": "30", "DewPointC": "23", "DewPointF": "73", "FeelsLikeC": "35", "FeelsLikeF": "94", "HeatIndexC": "35", "HeatIndexF": "94", "humidity": "64", "precipMM": "0.0", "pressure": "1008", "tempC": "28", "tempF": "82", "time": "800", "visibility": "10", "weatherCode": "116",  "weatherDesc": [ {"value": "Partly Cloudy" } ],  "weatherIconUrl": [ {"value": "http:\/\/cdn.worldweatheronline.net\/images\/wsymbols01_png_64\/wsymbol_0002_sunny_intervals.png" } ], "WindChillC": "30", "WindChillF": "87", "winddir16Point": "N", "winddirDegree": "3", "WindGustKmph": "3", "WindGustMiles": "2", "windspeedKmph": "3", "windspeedMiles": "2" }, {"cloudcover": "49", "DewPointC": "25", "DewPointF": "77", "FeelsLikeC": "45", "FeelsLikeF": "112", "HeatIndexC": "45", "HeatIndexF": "112", "humidity": "55", "precipMM": "0.1", "pressure": "1009", "tempC": "34", "tempF": "92", "time": "1100", "visibility": "10", "weatherCode": "116",  "weatherDesc": [ {"value": "Partly Cloudy" } ],  "weatherIconUrl": [ {"value": "http:\/\/cdn.worldweatheronline.net\/images\/wsymbols01_png_64\/wsymbol_0002_sunny_intervals.png" } ], "WindChillC": "36", "WindChillF": "96", "winddir16Point": "WNW", "winddirDegree": "282", "WindGustKmph": "10", "WindGustMiles": "6", "windspeedKmph": "9", "windspeedMiles": "6" }, {"cloudcover": "84", "DewPointC": "25", "DewPointF": "76", "FeelsLikeC": "41", "FeelsLikeF": "106", "HeatIndexC": "41", "HeatIndexF": "106", "humidity": "59", "precipMM": "2.2", "pressure": "1008", "tempC": "33", "tempF": "91", "time": "1400", "visibility": "10", "weatherCode": "353",  "weatherDesc": [ {"value": "Light rain shower" } ],  "weatherIconUrl": [ {"value": "http:\/\/cdn.worldweatheronline.net\/images\/wsymbols01_png_64\/wsymbol_0009_light_rain_showers.png" } ], "WindChillC": "34", "WindChillF": "93", "winddir16Point": "NW", "winddirDegree": "307", "WindGustKmph": "19", "WindGustMiles": "12", "windspeedKmph": "13", "windspeedMiles": "8" }, {"cloudcover": "37", "DewPointC": "26", "DewPointF": "79", "FeelsLikeC": "40", "FeelsLikeF": "104", "HeatIndexC": "40", "HeatIndexF": "104", "humidity": "71", "precipMM": "2.8", "pressure": "1008", "tempC": "30", "tempF": "86", "time": "1700", "visibility": "7", "weatherCode": "356",  "weatherDesc": [ {"value": "Moderate or heavy rain shower" } ],  "weatherIconUrl": [ {"value": "http:\/\/cdn.worldweatheronline.net\/images\/wsymbols01_png_64\/wsymbol_0010_heavy_rain_showers.png" } ], "WindChillC": "32", "WindChillF": "89", "winddir16Point": "NW", "winddirDegree": "321", "WindGustKmph": "18", "WindGustMiles": "11", "windspeedKmph": "12", "windspeedMiles": "7" }, {"cloudcover": "16", "DewPointC": "24", "DewPointF": "75", "FeelsLikeC": "33", "FeelsLikeF": "92", "HeatIndexC": "33", "HeatIndexF": "92", "humidity": "77", "precipMM": "0.2", "pressure": "1008", "tempC": "29", "tempF": "83", "time": "2000", "visibility": "9", "weatherCode": "176",  "weatherDesc": [ {"value": "Patchy rain nearby" } ],  "weatherIconUrl": [ {"value": "http:\/\/cdn.worldweatheronline.net\/images\/wsymbols01_png_64\/wsymbol_0025_light_rain_showers_night.png" } ], "WindChillC": "29", "WindChillF": "83", "winddir16Point": "NW", "winddirDegree": "320", "WindGustKmph": "11", "WindGustMiles": "7", "windspeedKmph": "8", "windspeedMiles": "5" }, {"cloudcover": "16", "DewPointC": "23", "DewPointF": "73", "FeelsLikeC": "29", "FeelsLikeF": "84", "HeatIndexC": "29", "HeatIndexF": "84", "humidity": "81", "precipMM": "0.0", "pressure": "1009", "tempC": "26", "tempF": "79", "time": "2300", "visibility": "10", "weatherCode": "113",  "weatherDesc": [ {"value": "Clear" } ],  "weatherIconUrl": [ {"value": "http:\/\/cdn.worldweatheronline.net\/images\/wsymbols01_png_64\/wsymbol_0008_clear_sky_night.png" } ], "WindChillC": "26", "WindChillF": "79", "winddir16Point": "NW", "winddirDegree": "312", "WindGustKmph": "9", "WindGustMiles": "6", "windspeedKmph": "5", "windspeedMiles": "3" } ], "maxtempC": "34", "maxtempF": "92", "mintempC": "24", "mintempF": "76" } ] }}