{ "data": { "request": [ {"query": "Lat 23.50 and Lon 120.42", "type": "LatLon" } ],  "weather": [ { "astronomy": [ {"moonrise": "02:15 AM", "moonset": "02:11 PM", "sunrise": "06:22 AM", "sunset": "05:11 PM" } ], "date": "2013-11-29",  "hourly": [ {"cloudcover": "7", "DewPointC": "5", "DewPointF": "41", "FeelsLikeC": "9", "FeelsLikeF": "47", "HeatIndexC": "11", "HeatIndexF": "51", "humidity": "68", "precipMM": "0.0", "pressure": "1023", "tempC": "11", "tempF": "51", "time": "200", "visibility": "10", "weatherCode": "113",  "weatherDesc": [ {"value": "Clear" } ],  "weatherIconUrl": [ {"value": "http:\/\/cdn.worldweatheronline.net\/images\/wsymbols01_png_64\/wsymbol_0008_clear_sky_night.png" } ], "WindChillC": "9", "WindChillF": "47", "winddir16Point": "NNE", "winddirDegree": "22", "WindGustKmph": "32", "WindGustMiles": "20", "windspeedKmph": "15", "windspeedMiles": "10" }, {"cloudcover": "2", "DewPointC": "4", "DewPointF": "40", "FeelsLikeC": "8", "FeelsLikeF": "46", "HeatIndexC": "10", "HeatIndexF": "50", "humidity": "67", "precipMM": "0.0", "pressure": "1023", "tempC": "10", "tempF": "50", "time": "500", "visibility": "10", "weatherCode": "113",  "weatherDesc": [ {"value": "Clear" } ],  "weatherIconUrl": [ {"value": "http:\/\/cdn.worldweatheronline.net\/images\/wsymbols01_png_64\/wsymbol_0008_clear_sky_night.png" } ], "WindChillC": "8", "WindChillF": "46", "winddir16Point": "NE", "winddirDegree": "34", "WindGustKmph": "29", "WindGustMiles": "18", "windspeedKmph": "14", "windspeedMiles": "9" }, {"cloudcover": "0", "DewPointC": "5", "DewPointF": "41", "FeelsLikeC": "12", "FeelsLikeF": "54", "HeatIndexC": "13", "HeatIndexF": "56", "humidity": "58", "precipMM": "0.0", "pressure": "1024", "tempC": "13", "tempF": "56", "time": "800", "visibility": "10", "weatherCode": "113",  "weatherDesc": [ {"value": "Sunny" } ],  "weatherIconUrl": [ {"value": "http:\/\/cdn.worldweatheronline.net\/images\/wsymbols01_png_64\/wsymbol_0001_sunny.png" } ], "WindChillC": "12", "WindChillF": "54", "winddir16Point": "NE", "winddirDegree": "42", "WindGustKmph": "25", "WindGustMiles": "16", "windspeedKmph": "13", "windspeedMiles": "8" }, {"cloudcover": "0", "DewPointC": "6", "DewPointF": "43", "FeelsLikeC": "22", "FeelsLikeF": "71", "HeatIndexC": "24", "HeatIndexF": "75", "humidity": "36", "precipMM": "0.0", "pressure": "1023", "tempC": "22", "tempF": "71", "time": "1100", "visibility": "10", "weatherCode": "113",  "weatherDesc": [ {"value": "Sunny" } ],  "weatherIconUrl": [ {"value": "http:\/\/cdn.worldweatheronline.net\/images\/wsymbols01_png_64\/wsymbol_0001_sunny.png" } ], "WindChillC": "22", "WindChillF": "71", "winddir16Point": "N", "winddirDegree": "351", "WindGustKmph": "20", "WindGustMiles": "13", "windspeedKmph": "18", "windspeedMiles": "11" }, {"cloudcover": "0", "DewPointC": "7", "DewPointF": "44", "FeelsLikeC": "24", "FeelsLikeF": "75", "HeatIndexC": "24", "HeatIndexF": "75", "humidity": "35", "precipMM": "0.0", "pressure": "1021", "tempC": "23", "tempF": "73", "time": "1400", "visibility": "10", "weatherCode": "113",  "weatherDesc": [ {"value": "Sunny" } ],  "weatherIconUrl": [ {"value": "http:\/\/cdn.worldweatheronline.net\/images\/wsymbols01_png_64\/wsymbol_0001_sunny.png" } ], "WindChillC": "23", "WindChillF": "73", "winddir16Point": "NNW", "winddirDegree": "343", "WindGustKmph": "24", "WindGustMiles": "15", "windspeedKmph": "21", "windspeedMiles": "13" }, {"cloudcover": "0", "DewPointC": "6", "DewPointF": "43", "FeelsLikeC": "16", "FeelsLikeF": "61", "HeatIndexC": "16", "HeatIndexF": "61", "humidity": "52", "precipMM": "0.0", "pressure": "1021", "tempC": "16", "tempF": "61", "time": "1700", "visibility": "10", "weatherCode": "113",  "weatherDesc": [ {"value": "Sunny" } ],  "weatherIconUrl": [ {"value": "http:\/\/cdn.worldweatheronline.net\/images\/wsymbols01_png_64\/wsymbol_0001_sunny.png" } ], "WindChillC": "16", "WindChillF": "61", "winddir16Point": "N", "winddirDegree": "356", "WindGustKmph": "24", "WindGustMiles": "15", "windspeedKmph": "14", "windspeedMiles": "9" }, {"cloudcover": "0", "DewPointC": "4", "DewPointF": "40", "FeelsLikeC": "11", "FeelsLikeF": "51", "HeatIndexC": "11", "HeatIndexF": "53", "humidity": "62", "precipMM": "0.0", "pressure": "1022", "tempC": "11", "tempF": "53", "time": "2000", "visibility": "10", "weatherCode": "113",  "weatherDesc": [ {"value": "Clear" } ],  "weatherIconUrl": [ {"value": "http:\/\/cdn.worldweatheronline.net\/images\/wsymbols01_png_64\/wsymbol_0008_clear_sky_night.png" } ], "WindChillC": "11", "WindChillF": "51", "winddir16Point": "ENE", "winddirDegree": "63", "WindGustKmph": "17", "WindGustMiles": "10", "windspeedKmph": "8", "windspeedMiles": "5" }, {"cloudcover": "0", "DewPointC": "4", "DewPointF": "39", "FeelsLikeC": "9", "FeelsLikeF": "48", "HeatIndexC": "10", "HeatIndexF": "50", "humidity": "65", "precipMM": "0.0", "pressure": "1022", "tempC": "10", "tempF": "50", "time": "2300", "visibility": "10", "weatherCode": "113",  "weatherDesc": [ {"value": "Clear" } ],  "weatherIconUrl": [ {"value": "http:\/\/cdn.worldweatheronline.net\/images\/wsymbols01_png_64\/wsymbol_0008_clear_sky_night.png" } ], "WindChillC": "9", "WindChillF": "48", "winddir16Point": "E", "winddirDegree": "88", "WindGustKmph": "19", "WindGustMiles": "12", "windspeedKmph": "9", "windspeedMiles": "6" } ], "maxtempC": "23", "maxtempF": "73", "mintempC": "10", "mintempF": "50" } ] }}