{ "data": { "request": [ {"query": "Lat 23.50 and Lon 120.42", "type": "LatLon" } ],  "weather": [ { "astronomy": [ {"moonrise": "07:59 AM", "moonset": "07:50 PM", "sunrise": "05:43 AM", "sunset": "06:09 PM" } ], "date": "2013-09-08",  "hourly": [ {"cloudcover": "43", "DewPointC": "22", "DewPointF": "72", "FeelsLikeC": "27", "FeelsLikeF": "81", "HeatIndexC": "27", "HeatIndexF": "81", "humidity": "84", "precipMM": "0.1", "pressure": "1013", "tempC": "25", "tempF": "77", "time": "200", "visibility": "10", "weatherCode": "116",  "weatherDesc": [ {"value": "Partly Cloudy" } ],  "weatherIconUrl": [ {"value": "http:\/\/cdn.worldweatheronline.net\/images\/wsymbols01_png_64\/wsymbol_0004_black_low_cloud.png" } ], "WindChillC": "25", "WindChillF": "77", "winddir16Point": "WSW", "winddirDegree": "244", "WindGustKmph": "9", "WindGustMiles": "6", "windspeedKmph": "5", "windspeedMiles": "3" }, {"cloudcover": "19", "DewPointC": "21", "DewPointF": "71", "FeelsLikeC": "26", "FeelsLikeF": "78", "HeatIndexC": "26", "HeatIndexF": "78", "humidity": "88", "precipMM": "0.0", "pressure": "1013", "tempC": "23", "tempF": "74", "time": "500", "visibility": "10", "weatherCode": "113",  "weatherDesc": [ {"value": "Clear" } ],  "weatherIconUrl": [ {"value": "http:\/\/cdn.worldweatheronline.net\/images\/wsymbols01_png_64\/wsymbol_0008_clear_sky_night.png" } ], "WindChillC": "23", "WindChillF": "74", "winddir16Point": "SSW", "winddirDegree": "195", "WindGustKmph": "6", "WindGustMiles": "4", "windspeedKmph": "3", "windspeedMiles": "2" }, {"cloudcover": "6", "DewPointC": "24", "DewPointF": "75", "FeelsLikeC": "33", "FeelsLikeF": "92", "HeatIndexC": "33", "HeatIndexF": "92", "humidity": "74", "precipMM": "0.0", "pressure": "1014", "tempC": "29", "tempF": "84", "time": "800", "visibility": "10", "weatherCode": "113",  "weatherDesc": [ {"value": "Sunny" } ],  "weatherIconUrl": [ {"value": "http:\/\/cdn.worldweatheronline.net\/images\/wsymbols01_png_64\/wsymbol_0001_sunny.png" } ], "WindChillC": "29", "WindChillF": "84", "winddir16Point": "NNW", "winddirDegree": "334", "WindGustKmph": "5", "WindGustMiles": "3", "windspeedKmph": "4", "windspeedMiles": "2" }, {"cloudcover": "4", "DewPointC": "25", "DewPointF": "77", "FeelsLikeC": "41", "FeelsLikeF": "107", "HeatIndexC": "41", "HeatIndexF": "107", "humidity": "62", "precipMM": "0.0", "pressure": "1014", "tempC": "33", "tempF": "92", "time": "1100", "visibility": "10", "weatherCode": "113",  "weatherDesc": [ {"value": "Sunny" } ],  "weatherIconUrl": [ {"value": "http:\/\/cdn.worldweatheronline.net\/images\/wsymbols01_png_64\/wsymbol_0001_sunny.png" } ], "WindChillC": "33", "WindChillF": "92", "winddir16Point": "NW", "winddirDegree": "308", "WindGustKmph": "13", "WindGustMiles": "8", "windspeedKmph": "12", "windspeedMiles": "7" }, {"cloudcover": "19", "DewPointC": "26", "DewPointF": "79", "FeelsLikeC": "44", "FeelsLikeF": "112", "HeatIndexC": "44", "HeatIndexF": "112", "humidity": "61", "precipMM": "0.1", "pressure": "1013", "tempC": "35", "tempF": "94", "time": "1400", "visibility": "10", "weatherCode": "113",  "weatherDesc": [ {"value": "Sunny" } ],  "weatherIconUrl": [ {"value": "http:\/\/cdn.worldweatheronline.net\/images\/wsymbols01_png_64\/wsymbol_0001_sunny.png" } ], "WindChillC": "35", "WindChillF": "94", "winddir16Point": "NW", "winddirDegree": "306", "WindGustKmph": "17", "WindGustMiles": "10", "windspeedKmph": "14", "windspeedMiles": "9" }, {"cloudcover": "14", "DewPointC": "26", "DewPointF": "79", "FeelsLikeC": "42", "FeelsLikeF": "107", "HeatIndexC": "42", "HeatIndexF": "107", "humidity": "67", "precipMM": "0.2", "pressure": "1012", "tempC": "33", "tempF": "91", "time": "1700", "visibility": "9", "weatherCode": "176",  "weatherDesc": [ {"value": "Patchy rain nearby" } ],  "weatherIconUrl": [ {"value": "http:\/\/cdn.worldweatheronline.net\/images\/wsymbols01_png_64\/wsymbol_0009_light_rain_showers.png" } ], "WindChillC": "33", "WindChillF": "91", "winddir16Point": "NW", "winddirDegree": "313", "WindGustKmph": "13", "WindGustMiles": "8", "windspeedKmph": "11", "windspeedMiles": "7" }, {"cloudcover": "11", "DewPointC": "24", "DewPointF": "75", "FeelsLikeC": "32", "FeelsLikeF": "89", "HeatIndexC": "32", "HeatIndexF": "89", "humidity": "79", "precipMM": "0.1", "pressure": "1013", "tempC": "28", "tempF": "82", "time": "2000", "visibility": "10", "weatherCode": "113",  "weatherDesc": [ {"value": "Clear" } ],  "weatherIconUrl": [ {"value": "http:\/\/cdn.worldweatheronline.net\/images\/wsymbols01_png_64\/wsymbol_0008_clear_sky_night.png" } ], "WindChillC": "28", "WindChillF": "82", "winddir16Point": "WNW", "winddirDegree": "302", "WindGustKmph": "9", "WindGustMiles": "5", "windspeedKmph": "6", "windspeedMiles": "4" }, {"cloudcover": "13", "DewPointC": "22", "DewPointF": "72", "FeelsLikeC": "28", "FeelsLikeF": "82", "HeatIndexC": "28", "HeatIndexF": "82", "humidity": "83", "precipMM": "0.1", "pressure": "1014", "tempC": "25", "tempF": "77", "time": "2300", "visibility": "10", "weatherCode": "113",  "weatherDesc": [ {"value": "Clear" } ],  "weatherIconUrl": [ {"value": "http:\/\/cdn.worldweatheronline.net\/images\/wsymbols01_png_64\/wsymbol_0008_clear_sky_night.png" } ], "WindChillC": "25", "WindChillF": "77", "winddir16Point": "WSW", "winddirDegree": "256", "WindGustKmph": "12", "WindGustMiles": "7", "windspeedKmph": "6", "windspeedMiles": "4" } ], "maxtempC": "35", "maxtempF": "94", "mintempC": "23", "mintempF": "74" } ] }}