{ "data": { "request": [ {"query": "Lat 23.50 and Lon 120.42", "type": "LatLon" } ],  "weather": [ { "astronomy": [ {"moonrise": "11:55 PM", "moonset": "10:26 AM", "sunrise": "05:25 AM", "sunset": "06:26 PM" } ], "date": "2013-05-01",  "hourly": [ {"cloudcover": "34", "DewPointC": "16", "DewPointF": "60", "FeelsLikeC": "21", "FeelsLikeF": "71", "HeatIndexC": "24", "HeatIndexF": "76", "humidity": "69", "precipMM": "0.1", "pressure": "1007", "tempC": "21", "tempF": "71", "time": "200", "visibility": "10", "weatherCode": "116",  "weatherDesc": [ {"value": "Partly Cloudy" } ],  "weatherIconUrl": [ {"value": "http:\/\/cdn.worldweatheronline.net\/images\/wsymbols01_png_64\/wsymbol_0004_black_low_cloud.png" } ], "WindChillC": "21", "WindChillF": "71", "winddir16Point": "SSE", "winddirDegree": "167", "WindGustKmph": "28", "WindGustMiles": "17", "windspeedKmph": "13", "windspeedMiles": "8" }, {"cloudcover": "33", "DewPointC": "17", "DewPointF": "62", "FeelsLikeC": "21", "FeelsLikeF": "69", "HeatIndexC": "21", "HeatIndexF": "69", "humidity": "77", "precipMM": "2.0", "pressure": "1007", "tempC": "21", "tempF": "69", "time": "500", "visibility": "9", "weatherCode": "176",  "weatherDesc": [ {"value": "Patchy rain nearby" } ],  "weatherIconUrl": [ {"value": "http:\/\/cdn.worldweatheronline.net\/images\/wsymbols01_png_64\/wsymbol_0025_light_rain_showers_night.png" } ], "WindChillC": "21", "WindChillF": "69", "winddir16Point": "S", "winddirDegree": "181", "WindGustKmph": "38", "WindGustMiles": "23", "windspeedKmph": "18", "windspeedMiles": "11" }, {"cloudcover": "40", "DewPointC": "20", "DewPointF": "68", "FeelsLikeC": "24", "FeelsLikeF": "74", "HeatIndexC": "26", "HeatIndexF": "78", "humidity": "80", "precipMM": "1.6", "pressure": "1008", "tempC": "22", "tempF": "71", "time": "800", "visibility": "10", "weatherCode": "353",  "weatherDesc": [ {"value": "Light rain shower" } ],  "weatherIconUrl": [ {"value": "http:\/\/cdn.worldweatheronline.net\/images\/wsymbols01_png_64\/wsymbol_0009_light_rain_showers.png" } ], "WindChillC": "24", "WindChillF": "74", "winddir16Point": "WSW", "winddirDegree": "246", "WindGustKmph": "14", "WindGustMiles": "9", "windspeedKmph": "10", "windspeedMiles": "6" }, {"cloudcover": "25", "DewPointC": "22", "DewPointF": "72", "FeelsLikeC": "32", "FeelsLikeF": "90", "HeatIndexC": "32", "HeatIndexF": "90", "humidity": "68", "precipMM": "0.0", "pressure": "1010", "tempC": "27", "tempF": "81", "time": "1100", "visibility": "10", "weatherCode": "113",  "weatherDesc": [ {"value": "Sunny" } ],  "weatherIconUrl": [ {"value": "http:\/\/cdn.worldweatheronline.net\/images\/wsymbols01_png_64\/wsymbol_0001_sunny.png" } ], "WindChillC": "29", "WindChillF": "84", "winddir16Point": "WNW", "winddirDegree": "302", "WindGustKmph": "17", "WindGustMiles": "10", "windspeedKmph": "14", "windspeedMiles": "9" }, {"cloudcover": "28", "DewPointC": "22", "DewPointF": "71", "FeelsLikeC": "32", "FeelsLikeF": "89", "HeatIndexC": "32", "HeatIndexF": "89", "humidity": "65", "precipMM": "0.5", "pressure": "1009", "tempC": "28", "tempF": "82", "time": "1400", "visibility": "9", "weatherCode": "176",  "weatherDesc": [ {"value": "Patchy rain nearby" } ],  "weatherIconUrl": [ {"value": "http:\/\/cdn.worldweatheronline.net\/images\/wsymbols01_png_64\/wsymbol_0009_light_rain_showers.png" } ], "WindChillC": "29", "WindChillF": "84", "winddir16Point": "NW", "winddirDegree": "304", "WindGustKmph": "20", "WindGustMiles": "12", "windspeedKmph": "16", "windspeedMiles": "10" }, {"cloudcover": "28", "DewPointC": "21", "DewPointF": "69", "FeelsLikeC": "29", "FeelsLikeF": "85", "HeatIndexC": "29", "HeatIndexF": "85", "humidity": "66", "precipMM": "0.1", "pressure": "1009", "tempC": "26", "tempF": "79", "time": "1700", "visibility": "10", "weatherCode": "116",  "weatherDesc": [ {"value": "Partly Cloudy" } ],  "weatherIconUrl": [ {"value": "http:\/\/cdn.worldweatheronline.net\/images\/wsymbols01_png_64\/wsymbol_0002_sunny_intervals.png" } ], "WindChillC": "27", "WindChillF": "81", "winddir16Point": "NW", "winddirDegree": "320", "WindGustKmph": "19", "WindGustMiles": "12", "windspeedKmph": "17", "windspeedMiles": "10" }, {"cloudcover": "25", "DewPointC": "17", "DewPointF": "63", "FeelsLikeC": "25", "FeelsLikeF": "77", "HeatIndexC": "25", "HeatIndexF": "77", "humidity": "71", "precipMM": "0.0", "pressure": "1009", "tempC": "23", "tempF": "73", "time": "2000", "visibility": "10", "weatherCode": "113",  "weatherDesc": [ {"value": "Clear" } ],  "weatherIconUrl": [ {"value": "http:\/\/cdn.worldweatheronline.net\/images\/wsymbols01_png_64\/wsymbol_0008_clear_sky_night.png" } ], "WindChillC": "23", "WindChillF": "73", "winddir16Point": "NNW", "winddirDegree": "329", "WindGustKmph": "13", "WindGustMiles": "8", "windspeedKmph": "9", "windspeedMiles": "5" }, {"cloudcover": "22", "DewPointC": "16", "DewPointF": "60", "FeelsLikeC": "21", "FeelsLikeF": "69", "HeatIndexC": "21", "HeatIndexF": "69", "humidity": "72", "precipMM": "0.0", "pressure": "1011", "tempC": "21", "tempF": "69", "time": "2300", "visibility": "10", "weatherCode": "113",  "weatherDesc": [ {"value": "Clear" } ],  "weatherIconUrl": [ {"value": "http:\/\/cdn.worldweatheronline.net\/images\/wsymbols01_png_64\/wsymbol_0008_clear_sky_night.png" } ], "WindChillC": "21", "WindChillF": "69", "winddir16Point": "WNW", "winddirDegree": "281", "WindGustKmph": "9", "WindGustMiles": "6", "windspeedKmph": "5", "windspeedMiles": "3" } ], "maxtempC": "28", "maxtempF": "82", "mintempC": "21", "mintempF": "69" } ] }}