{ "data": { "request": [ {"query": "Lat 23.50 and Lon 120.42", "type": "LatLon" } ],  "weather": [ { "astronomy": [ {"moonrise": "12:34 AM", "moonset": "12:14 PM", "sunrise": "06:41 AM", "sunset": "05:27 PM" } ], "date": "2013-01-06",  "hourly": [ {"cloudcover": "2", "DewPointC": "11", "DewPointF": "52", "FeelsLikeC": "14", "FeelsLikeF": "57", "HeatIndexC": "14", "HeatIndexF": "57", "humidity": "83", "precipMM": "0.0", "pressure": "1017", "tempC": "14", "tempF": "57", "time": "200", "visibility": "10", "weatherCode": "113",  "weatherDesc": [ {"value": "Clear" } ],  "weatherIconUrl": [ {"value": "http:\/\/cdn.worldweatheronline.net\/images\/wsymbols01_png_64\/wsymbol_0008_clear_sky_night.png" } ], "WindChillC": "14", "WindChillF": "57", "winddir16Point": "ENE", "winddirDegree": "67", "WindGustKmph": "14", "WindGustMiles": "9", "windspeedKmph": "6", "windspeedMiles": "4" }, {"cloudcover": "2", "DewPointC": "9", "DewPointF": "49", "FeelsLikeC": "13", "FeelsLikeF": "56", "HeatIndexC": "14", "HeatIndexF": "56", "humidity": "75", "precipMM": "0.0", "pressure": "1017", "tempC": "14", "tempF": "56", "time": "500", "visibility": "10", "weatherCode": "113",  "weatherDesc": [ {"value": "Clear" } ],  "weatherIconUrl": [ {"value": "http:\/\/cdn.worldweatheronline.net\/images\/wsymbols01_png_64\/wsymbol_0008_clear_sky_night.png" } ], "WindChillC": "13", "WindChillF": "56", "winddir16Point": "NE", "winddirDegree": "52", "WindGustKmph": "16", "WindGustMiles": "10", "windspeedKmph": "8", "windspeedMiles": "5" }, {"cloudcover": "3", "DewPointC": "10", "DewPointF": "50", "FeelsLikeC": "18", "FeelsLikeF": "64", "HeatIndexC": "18", "HeatIndexF": "64", "humidity": "61", "precipMM": "0.0", "pressure": "1018", "tempC": "17", "tempF": "62", "time": "800", "visibility": "10", "weatherCode": "113",  "weatherDesc": [ {"value": "Sunny" } ],  "weatherIconUrl": [ {"value": "http:\/\/cdn.worldweatheronline.net\/images\/wsymbols01_png_64\/wsymbol_0001_sunny.png" } ], "WindChillC": "18", "WindChillF": "64", "winddir16Point": "NE", "winddirDegree": "52", "WindGustKmph": "19", "WindGustMiles": "12", "windspeedKmph": "9", "windspeedMiles": "6" }, {"cloudcover": "3", "DewPointC": "9", "DewPointF": "48", "FeelsLikeC": "23", "FeelsLikeF": "73", "HeatIndexC": "24", "HeatIndexF": "76", "humidity": "42", "precipMM": "0.0", "pressure": "1018", "tempC": "22", "tempF": "71", "time": "1100", "visibility": "10", "weatherCode": "113",  "weatherDesc": [ {"value": "Sunny" } ],  "weatherIconUrl": [ {"value": "http:\/\/cdn.worldweatheronline.net\/images\/wsymbols01_png_64\/wsymbol_0001_sunny.png" } ], "WindChillC": "23", "WindChillF": "73", "winddir16Point": "N", "winddirDegree": "353", "WindGustKmph": "17", "WindGustMiles": "11", "windspeedKmph": "14", "windspeedMiles": "9" }, {"cloudcover": "4", "DewPointC": "13", "DewPointF": "56", "FeelsLikeC": "26", "FeelsLikeF": "79", "HeatIndexC": "26", "HeatIndexF": "79", "humidity": "45", "precipMM": "0.0", "pressure": "1016", "tempC": "25", "tempF": "77", "time": "1400", "visibility": "10", "weatherCode": "113",  "weatherDesc": [ {"value": "Sunny" } ],  "weatherIconUrl": [ {"value": "http:\/\/cdn.worldweatheronline.net\/images\/wsymbols01_png_64\/wsymbol_0001_sunny.png" } ], "WindChillC": "26", "WindChillF": "79", "winddir16Point": "NNW", "winddirDegree": "341", "WindGustKmph": "18", "WindGustMiles": "11", "windspeedKmph": "16", "windspeedMiles": "10" }, {"cloudcover": "3", "DewPointC": "15", "DewPointF": "59", "FeelsLikeC": "22", "FeelsLikeF": "72", "HeatIndexC": "25", "HeatIndexF": "76", "humidity": "64", "precipMM": "0.0", "pressure": "1016", "tempC": "21", "tempF": "69", "time": "1700", "visibility": "10", "weatherCode": "113",  "weatherDesc": [ {"value": "Sunny" } ],  "weatherIconUrl": [ {"value": "http:\/\/cdn.worldweatheronline.net\/images\/wsymbols01_png_64\/wsymbol_0001_sunny.png" } ], "WindChillC": "22", "WindChillF": "72", "winddir16Point": "N", "winddirDegree": "354", "WindGustKmph": "15", "WindGustMiles": "10", "windspeedKmph": "13", "windspeedMiles": "8" }, {"cloudcover": "4", "DewPointC": "11", "DewPointF": "51", "FeelsLikeC": "16", "FeelsLikeF": "60", "HeatIndexC": "16", "HeatIndexF": "60", "humidity": "73", "precipMM": "0.0", "pressure": "1017", "tempC": "16", "tempF": "60", "time": "2000", "visibility": "10", "weatherCode": "113",  "weatherDesc": [ {"value": "Clear" } ],  "weatherIconUrl": [ {"value": "http:\/\/cdn.worldweatheronline.net\/images\/wsymbols01_png_64\/wsymbol_0008_clear_sky_night.png" } ], "WindChillC": "16", "WindChillF": "60", "winddir16Point": "NE", "winddirDegree": "47", "WindGustKmph": "17", "WindGustMiles": "11", "windspeedKmph": "8", "windspeedMiles": "5" }, {"cloudcover": "4", "DewPointC": "12", "DewPointF": "53", "FeelsLikeC": "15", "FeelsLikeF": "59", "HeatIndexC": "15", "HeatIndexF": "59", "humidity": "81", "precipMM": "0.0", "pressure": "1017", "tempC": "15", "tempF": "59", "time": "2300", "visibility": "10", "weatherCode": "113",  "weatherDesc": [ {"value": "Clear" } ],  "weatherIconUrl": [ {"value": "http:\/\/cdn.worldweatheronline.net\/images\/wsymbols01_png_64\/wsymbol_0008_clear_sky_night.png" } ], "WindChillC": "15", "WindChillF": "59", "winddir16Point": "ENE", "winddirDegree": "62", "WindGustKmph": "12", "WindGustMiles": "8", "windspeedKmph": "6", "windspeedMiles": "4" } ], "maxtempC": "25", "maxtempF": "77", "mintempC": "14", "mintempF": "56" } ] }}