{ "data": { "request": [ {"query": "Lat 23.50 and Lon 120.42", "type": "LatLon" } ],  "weather": [ { "astronomy": [ {"moonrise": "01:23 AM", "moonset": "01:25 PM", "sunrise": "05:23 AM", "sunset": "06:27 PM" } ], "date": "2013-05-04",  "hourly": [ {"cloudcover": "17", "DewPointC": "17", "DewPointF": "62", "FeelsLikeC": "20", "FeelsLikeF": "68", "HeatIndexC": "20", "HeatIndexF": "68", "humidity": "82", "precipMM": "0.0", "pressure": "1012", "tempC": "20", "tempF": "68", "time": "200", "visibility": "10", "weatherCode": "113",  "weatherDesc": [ {"value": "Clear" } ],  "weatherIconUrl": [ {"value": "http:\/\/cdn.worldweatheronline.net\/images\/wsymbols01_png_64\/wsymbol_0008_clear_sky_night.png" } ], "WindChillC": "20", "WindChillF": "68", "winddir16Point": "NNE", "winddirDegree": "27", "WindGustKmph": "8", "WindGustMiles": "5", "windspeedKmph": "4", "windspeedMiles": "2" }, {"cloudcover": "14", "DewPointC": "16", "DewPointF": "62", "FeelsLikeC": "20", "FeelsLikeF": "67", "HeatIndexC": "20", "HeatIndexF": "67", "humidity": "83", "precipMM": "0.0", "pressure": "1012", "tempC": "20", "tempF": "67", "time": "500", "visibility": "10", "weatherCode": "113",  "weatherDesc": [ {"value": "Clear" } ],  "weatherIconUrl": [ {"value": "http:\/\/cdn.worldweatheronline.net\/images\/wsymbols01_png_64\/wsymbol_0008_clear_sky_night.png" } ], "WindChillC": "20", "WindChillF": "67", "winddir16Point": "NNE", "winddirDegree": "32", "WindGustKmph": "8", "WindGustMiles": "5", "windspeedKmph": "4", "windspeedMiles": "2" }, {"cloudcover": "14", "DewPointC": "19", "DewPointF": "66", "FeelsLikeC": "27", "FeelsLikeF": "81", "HeatIndexC": "27", "HeatIndexF": "81", "humidity": "65", "precipMM": "0.0", "pressure": "1013", "tempC": "24", "tempF": "74", "time": "800", "visibility": "10", "weatherCode": "113",  "weatherDesc": [ {"value": "Sunny" } ],  "weatherIconUrl": [ {"value": "http:\/\/cdn.worldweatheronline.net\/images\/wsymbols01_png_64\/wsymbol_0001_sunny.png" } ], "WindChillC": "26", "WindChillF": "79", "winddir16Point": "N", "winddirDegree": "352", "WindGustKmph": "10", "WindGustMiles": "6", "windspeedKmph": "9", "windspeedMiles": "5" }, {"cloudcover": "40", "DewPointC": "21", "DewPointF": "70", "FeelsLikeC": "33", "FeelsLikeF": "91", "HeatIndexC": "33", "HeatIndexF": "91", "humidity": "60", "precipMM": "0.0", "pressure": "1015", "tempC": "28", "tempF": "83", "time": "1100", "visibility": "10", "weatherCode": "116",  "weatherDesc": [ {"value": "Partly Cloudy" } ],  "weatherIconUrl": [ {"value": "http:\/\/cdn.worldweatheronline.net\/images\/wsymbols01_png_64\/wsymbol_0002_sunny_intervals.png" } ], "WindChillC": "30", "WindChillF": "86", "winddir16Point": "NW", "winddirDegree": "326", "WindGustKmph": "20", "WindGustMiles": "13", "windspeedKmph": "18", "windspeedMiles": "11" }, {"cloudcover": "47", "DewPointC": "21", "DewPointF": "70", "FeelsLikeC": "33", "FeelsLikeF": "92", "HeatIndexC": "33", "HeatIndexF": "92", "humidity": "58", "precipMM": "0.1", "pressure": "1013", "tempC": "29", "tempF": "83", "time": "1400", "visibility": "10", "weatherCode": "116",  "weatherDesc": [ {"value": "Partly Cloudy" } ],  "weatherIconUrl": [ {"value": "http:\/\/cdn.worldweatheronline.net\/images\/wsymbols01_png_64\/wsymbol_0002_sunny_intervals.png" } ], "WindChillC": "30", "WindChillF": "87", "winddir16Point": "NNW", "winddirDegree": "337", "WindGustKmph": "19", "WindGustMiles": "12", "windspeedKmph": "16", "windspeedMiles": "10" }, {"cloudcover": "33", "DewPointC": "21", "DewPointF": "70", "FeelsLikeC": "32", "FeelsLikeF": "89", "HeatIndexC": "32", "HeatIndexF": "89", "humidity": "62", "precipMM": "0.1", "pressure": "1013", "tempC": "27", "tempF": "81", "time": "1700", "visibility": "10", "weatherCode": "116",  "weatherDesc": [ {"value": "Partly Cloudy" } ],  "weatherIconUrl": [ {"value": "http:\/\/cdn.worldweatheronline.net\/images\/wsymbols01_png_64\/wsymbol_0002_sunny_intervals.png" } ], "WindChillC": "29", "WindChillF": "85", "winddir16Point": "NNW", "winddirDegree": "333", "WindGustKmph": "18", "WindGustMiles": "11", "windspeedKmph": "15", "windspeedMiles": "10" }, {"cloudcover": "27", "DewPointC": "20", "DewPointF": "68", "FeelsLikeC": "26", "FeelsLikeF": "80", "HeatIndexC": "26", "HeatIndexF": "80", "humidity": "75", "precipMM": "0.1", "pressure": "1014", "tempC": "25", "tempF": "76", "time": "2000", "visibility": "10", "weatherCode": "116",  "weatherDesc": [ {"value": "Partly Cloudy" } ],  "weatherIconUrl": [ {"value": "http:\/\/cdn.worldweatheronline.net\/images\/wsymbols01_png_64\/wsymbol_0004_black_low_cloud.png" } ], "WindChillC": "25", "WindChillF": "76", "winddir16Point": "NNW", "winddirDegree": "346", "WindGustKmph": "13", "WindGustMiles": "8", "windspeedKmph": "8", "windspeedMiles": "5" }, {"cloudcover": "24", "DewPointC": "18", "DewPointF": "65", "FeelsLikeC": "25", "FeelsLikeF": "76", "HeatIndexC": "25", "HeatIndexF": "76", "humidity": "78", "precipMM": "0.1", "pressure": "1015", "tempC": "22", "tempF": "72", "time": "2300", "visibility": "10", "weatherCode": "113",  "weatherDesc": [ {"value": "Clear" } ],  "weatherIconUrl": [ {"value": "http:\/\/cdn.worldweatheronline.net\/images\/wsymbols01_png_64\/wsymbol_0008_clear_sky_night.png" } ], "WindChillC": "22", "WindChillF": "72", "winddir16Point": "NNW", "winddirDegree": "346", "WindGustKmph": "14", "WindGustMiles": "9", "windspeedKmph": "6", "windspeedMiles": "4" } ], "maxtempC": "29", "maxtempF": "83", "mintempC": "20", "mintempF": "67" } ] }}