{ "data": { "request": [ {"query": "Lat 23.50 and Lon 120.42", "type": "LatLon" } ],  "weather": [ { "astronomy": [ {"moonrise": "11:41 PM", "moonset": "12:26 PM", "sunrise": "05:49 AM", "sunset": "05:50 PM" } ], "date": "2013-09-27",  "hourly": [ {"cloudcover": "22", "DewPointC": "19", "DewPointF": "66", "FeelsLikeC": "25", "FeelsLikeF": "77", "HeatIndexC": "25", "HeatIndexF": "77", "humidity": "75", "precipMM": "0.0", "pressure": "1012", "tempC": "23", "tempF": "74", "time": "200", "visibility": "10", "weatherCode": "113",  "weatherDesc": [ {"value": "Clear" } ],  "weatherIconUrl": [ {"value": "http:\/\/cdn.worldweatheronline.net\/images\/wsymbols01_png_64\/wsymbol_0008_clear_sky_night.png" } ], "WindChillC": "23", "WindChillF": "74", "winddir16Point": "N", "winddirDegree": "11", "WindGustKmph": "10", "WindGustMiles": "6", "windspeedKmph": "5", "windspeedMiles": "3" }, {"cloudcover": "31", "DewPointC": "17", "DewPointF": "63", "FeelsLikeC": "22", "FeelsLikeF": "71", "HeatIndexC": "24", "HeatIndexF": "76", "humidity": "76", "precipMM": "0.0", "pressure": "1011", "tempC": "22", "tempF": "71", "time": "500", "visibility": "10", "weatherCode": "116",  "weatherDesc": [ {"value": "Partly Cloudy" } ],  "weatherIconUrl": [ {"value": "http:\/\/cdn.worldweatheronline.net\/images\/wsymbols01_png_64\/wsymbol_0004_black_low_cloud.png" } ], "WindChillC": "22", "WindChillF": "71", "winddir16Point": "NNE", "winddirDegree": "26", "WindGustKmph": "12", "WindGustMiles": "8", "windspeedKmph": "6", "windspeedMiles": "4" }, {"cloudcover": "15", "DewPointC": "19", "DewPointF": "67", "FeelsLikeC": "29", "FeelsLikeF": "84", "HeatIndexC": "29", "HeatIndexF": "84", "humidity": "62", "precipMM": "0.0", "pressure": "1013", "tempC": "27", "tempF": "81", "time": "800", "visibility": "10", "weatherCode": "113",  "weatherDesc": [ {"value": "Sunny" } ],  "weatherIconUrl": [ {"value": "http:\/\/cdn.worldweatheronline.net\/images\/wsymbols01_png_64\/wsymbol_0001_sunny.png" } ], "WindChillC": "27", "WindChillF": "81", "winddir16Point": "N", "winddirDegree": "4", "WindGustKmph": "9", "WindGustMiles": "6", "windspeedKmph": "7", "windspeedMiles": "4" }, {"cloudcover": "15", "DewPointC": "23", "DewPointF": "74", "FeelsLikeC": "39", "FeelsLikeF": "102", "HeatIndexC": "39", "HeatIndexF": "102", "humidity": "55", "precipMM": "0.0", "pressure": "1012", "tempC": "33", "tempF": "92", "time": "1100", "visibility": "10", "weatherCode": "113",  "weatherDesc": [ {"value": "Sunny" } ],  "weatherIconUrl": [ {"value": "http:\/\/cdn.worldweatheronline.net\/images\/wsymbols01_png_64\/wsymbol_0001_sunny.png" } ], "WindChillC": "33", "WindChillF": "92", "winddir16Point": "NW", "winddirDegree": "306", "WindGustKmph": "13", "WindGustMiles": "8", "windspeedKmph": "12", "windspeedMiles": "7" }, {"cloudcover": "20", "DewPointC": "24", "DewPointF": "75", "FeelsLikeC": "41", "FeelsLikeF": "105", "HeatIndexC": "41", "HeatIndexF": "105", "humidity": "56", "precipMM": "0.0", "pressure": "1010", "tempC": "34", "tempF": "93", "time": "1400", "visibility": "10", "weatherCode": "113",  "weatherDesc": [ {"value": "Sunny" } ],  "weatherIconUrl": [ {"value": "http:\/\/cdn.worldweatheronline.net\/images\/wsymbols01_png_64\/wsymbol_0001_sunny.png" } ], "WindChillC": "34", "WindChillF": "93", "winddir16Point": "NW", "winddirDegree": "320", "WindGustKmph": "18", "WindGustMiles": "11", "windspeedKmph": "15", "windspeedMiles": "10" }, {"cloudcover": "18", "DewPointC": "24", "DewPointF": "75", "FeelsLikeC": "38", "FeelsLikeF": "101", "HeatIndexC": "38", "HeatIndexF": "101", "humidity": "63", "precipMM": "0.0", "pressure": "1009", "tempC": "32", "tempF": "90", "time": "1700", "visibility": "10", "weatherCode": "113",  "weatherDesc": [ {"value": "Sunny" } ],  "weatherIconUrl": [ {"value": "http:\/\/cdn.worldweatheronline.net\/images\/wsymbols01_png_64\/wsymbol_0001_sunny.png" } ], "WindChillC": "32", "WindChillF": "90", "winddir16Point": "NNW", "winddirDegree": "328", "WindGustKmph": "17", "WindGustMiles": "11", "windspeedKmph": "15", "windspeedMiles": "9" }, {"cloudcover": "10", "DewPointC": "23", "DewPointF": "74", "FeelsLikeC": "32", "FeelsLikeF": "90", "HeatIndexC": "32", "HeatIndexF": "90", "humidity": "73", "precipMM": "0.0", "pressure": "1011", "tempC": "28", "tempF": "83", "time": "2000", "visibility": "10", "weatherCode": "113",  "weatherDesc": [ {"value": "Clear" } ],  "weatherIconUrl": [ {"value": "http:\/\/cdn.worldweatheronline.net\/images\/wsymbols01_png_64\/wsymbol_0008_clear_sky_night.png" } ], "WindChillC": "28", "WindChillF": "83", "winddir16Point": "NNW", "winddirDegree": "338", "WindGustKmph": "9", "WindGustMiles": "6", "windspeedKmph": "8", "windspeedMiles": "5" }, {"cloudcover": "15", "DewPointC": "21", "DewPointF": "69", "FeelsLikeC": "27", "FeelsLikeF": "81", "HeatIndexC": "27", "HeatIndexF": "81", "humidity": "77", "precipMM": "0.0", "pressure": "1011", "tempC": "25", "tempF": "77", "time": "2300", "visibility": "10", "weatherCode": "113",  "weatherDesc": [ {"value": "Clear" } ],  "weatherIconUrl": [ {"value": "http:\/\/cdn.worldweatheronline.net\/images\/wsymbols01_png_64\/wsymbol_0008_clear_sky_night.png" } ], "WindChillC": "25", "WindChillF": "77", "winddir16Point": "NW", "winddirDegree": "322", "WindGustKmph": "12", "WindGustMiles": "7", "windspeedKmph": "6", "windspeedMiles": "4" } ], "maxtempC": "34", "maxtempF": "93", "mintempC": "22", "mintempF": "71" } ] }}