{ "data": { "request": [ {"query": "Lat 23.50 and Lon 120.42", "type": "LatLon" } ],  "weather": [ { "astronomy": [ {"moonrise": "03:19 AM", "moonset": "04:09 PM", "sunrise": "05:21 AM", "sunset": "06:29 PM" } ], "date": "2013-05-07",  "hourly": [ {"cloudcover": "9", "DewPointC": "19", "DewPointF": "66", "FeelsLikeC": "22", "FeelsLikeF": "71", "HeatIndexC": "24", "HeatIndexF": "76", "humidity": "85", "precipMM": "0.0", "pressure": "1012", "tempC": "22", "tempF": "71", "time": "200", "visibility": "10", "weatherCode": "113",  "weatherDesc": [ {"value": "Clear" } ],  "weatherIconUrl": [ {"value": "http:\/\/cdn.worldweatheronline.net\/images\/wsymbols01_png_64\/wsymbol_0008_clear_sky_night.png" } ], "WindChillC": "22", "WindChillF": "71", "winddir16Point": "NNE", "winddirDegree": "19", "WindGustKmph": "10", "WindGustMiles": "6", "windspeedKmph": "5", "windspeedMiles": "3" }, {"cloudcover": "6", "DewPointC": "18", "DewPointF": "64", "FeelsLikeC": "20", "FeelsLikeF": "69", "HeatIndexC": "20", "HeatIndexF": "69", "humidity": "87", "precipMM": "0.0", "pressure": "1012", "tempC": "20", "tempF": "69", "time": "500", "visibility": "10", "weatherCode": "113",  "weatherDesc": [ {"value": "Clear" } ],  "weatherIconUrl": [ {"value": "http:\/\/cdn.worldweatheronline.net\/images\/wsymbols01_png_64\/wsymbol_0008_clear_sky_night.png" } ], "WindChillC": "20", "WindChillF": "69", "winddir16Point": "NE", "winddirDegree": "42", "WindGustKmph": "3", "WindGustMiles": "2", "windspeedKmph": "1", "windspeedMiles": "1" }, {"cloudcover": "6", "DewPointC": "20", "DewPointF": "68", "FeelsLikeC": "29", "FeelsLikeF": "83", "HeatIndexC": "29", "HeatIndexF": "83", "humidity": "67", "precipMM": "0.0", "pressure": "1013", "tempC": "25", "tempF": "76", "time": "800", "visibility": "10", "weatherCode": "113",  "weatherDesc": [ {"value": "Sunny" } ],  "weatherIconUrl": [ {"value": "http:\/\/cdn.worldweatheronline.net\/images\/wsymbols01_png_64\/wsymbol_0001_sunny.png" } ], "WindChillC": "27", "WindChillF": "80", "winddir16Point": "W", "winddirDegree": "273", "WindGustKmph": "7", "WindGustMiles": "4", "windspeedKmph": "6", "windspeedMiles": "4" }, {"cloudcover": "13", "DewPointC": "23", "DewPointF": "73", "FeelsLikeC": "37", "FeelsLikeF": "98", "HeatIndexC": "37", "HeatIndexF": "98", "humidity": "60", "precipMM": "0.4", "pressure": "1013", "tempC": "30", "tempF": "86", "time": "1100", "visibility": "9", "weatherCode": "176",  "weatherDesc": [ {"value": "Patchy rain nearby" } ],  "weatherIconUrl": [ {"value": "http:\/\/cdn.worldweatheronline.net\/images\/wsymbols01_png_64\/wsymbol_0009_light_rain_showers.png" } ], "WindChillC": "32", "WindChillF": "89", "winddir16Point": "W", "winddirDegree": "277", "WindGustKmph": "18", "WindGustMiles": "11", "windspeedKmph": "15", "windspeedMiles": "9" }, {"cloudcover": "22", "DewPointC": "23", "DewPointF": "74", "FeelsLikeC": "37", "FeelsLikeF": "98", "HeatIndexC": "37", "HeatIndexF": "98", "humidity": "61", "precipMM": "0.5", "pressure": "1012", "tempC": "30", "tempF": "87", "time": "1400", "visibility": "9", "weatherCode": "176",  "weatherDesc": [ {"value": "Patchy rain nearby" } ],  "weatherIconUrl": [ {"value": "http:\/\/cdn.worldweatheronline.net\/images\/wsymbols01_png_64\/wsymbol_0009_light_rain_showers.png" } ], "WindChillC": "32", "WindChillF": "89", "winddir16Point": "WNW", "winddirDegree": "282", "WindGustKmph": "20", "WindGustMiles": "12", "windspeedKmph": "16", "windspeedMiles": "10" }, {"cloudcover": "14", "DewPointC": "24", "DewPointF": "75", "FeelsLikeC": "35", "FeelsLikeF": "94", "HeatIndexC": "35", "HeatIndexF": "94", "humidity": "70", "precipMM": "0.1", "pressure": "1011", "tempC": "28", "tempF": "82", "time": "1700", "visibility": "10", "weatherCode": "113",  "weatherDesc": [ {"value": "Sunny" } ],  "weatherIconUrl": [ {"value": "http:\/\/cdn.worldweatheronline.net\/images\/wsymbols01_png_64\/wsymbol_0001_sunny.png" } ], "WindChillC": "30", "WindChillF": "86", "winddir16Point": "WNW", "winddirDegree": "293", "WindGustKmph": "15", "WindGustMiles": "10", "windspeedKmph": "13", "windspeedMiles": "8" }, {"cloudcover": "8", "DewPointC": "23", "DewPointF": "73", "FeelsLikeC": "29", "FeelsLikeF": "84", "HeatIndexC": "29", "HeatIndexF": "84", "humidity": "80", "precipMM": "0.0", "pressure": "1012", "tempC": "26", "tempF": "79", "time": "2000", "visibility": "10", "weatherCode": "113",  "weatherDesc": [ {"value": "Clear" } ],  "weatherIconUrl": [ {"value": "http:\/\/cdn.worldweatheronline.net\/images\/wsymbols01_png_64\/wsymbol_0008_clear_sky_night.png" } ], "WindChillC": "26", "WindChillF": "79", "winddir16Point": "NW", "winddirDegree": "305", "WindGustKmph": "6", "WindGustMiles": "4", "windspeedKmph": "6", "windspeedMiles": "4" }, {"cloudcover": "11", "DewPointC": "21", "DewPointF": "69", "FeelsLikeC": "26", "FeelsLikeF": "78", "HeatIndexC": "26", "HeatIndexF": "78", "humidity": "82", "precipMM": "0.0", "pressure": "1013", "tempC": "24", "tempF": "75", "time": "2300", "visibility": "10", "weatherCode": "113",  "weatherDesc": [ {"value": "Clear" } ],  "weatherIconUrl": [ {"value": "http:\/\/cdn.worldweatheronline.net\/images\/wsymbols01_png_64\/wsymbol_0008_clear_sky_night.png" } ], "WindChillC": "24", "WindChillF": "75", "winddir16Point": "WNW", "winddirDegree": "285", "WindGustKmph": "8", "WindGustMiles": "5", "windspeedKmph": "5", "windspeedMiles": "3" } ], "maxtempC": "30", "maxtempF": "87", "mintempC": "20", "mintempF": "69" } ] }}