{ "data": { "request": [ {"query": "Lat 23.50 and Lon 120.42", "type": "LatLon" } ],  "weather": [ { "astronomy": [ {"moonrise": "03:54 PM", "moonset": "03:20 AM", "sunrise": "05:31 AM", "sunset": "06:23 PM" } ], "date": "2013-04-23",  "hourly": [ {"cloudcover": "8", "DewPointC": "16", "DewPointF": "62", "FeelsLikeC": "18", "FeelsLikeF": "65", "HeatIndexC": "18", "HeatIndexF": "65", "humidity": "88", "precipMM": "0.0", "pressure": "1016", "tempC": "18", "tempF": "65", "time": "200", "visibility": "10", "weatherCode": "113",  "weatherDesc": [ {"value": "Clear" } ],  "weatherIconUrl": [ {"value": "http:\/\/cdn.worldweatheronline.net\/images\/wsymbols01_png_64\/wsymbol_0008_clear_sky_night.png" } ], "WindChillC": "18", "WindChillF": "65", "winddir16Point": "NNW", "winddirDegree": "343", "WindGustKmph": "11", "WindGustMiles": "7", "windspeedKmph": "5", "windspeedMiles": "3" }, {"cloudcover": "6", "DewPointC": "16", "DewPointF": "61", "FeelsLikeC": "18", "FeelsLikeF": "65", "HeatIndexC": "18", "HeatIndexF": "65", "humidity": "88", "precipMM": "0.0", "pressure": "1015", "tempC": "18", "tempF": "65", "time": "500", "visibility": "10", "weatherCode": "113",  "weatherDesc": [ {"value": "Clear" } ],  "weatherIconUrl": [ {"value": "http:\/\/cdn.worldweatheronline.net\/images\/wsymbols01_png_64\/wsymbol_0008_clear_sky_night.png" } ], "WindChillC": "18", "WindChillF": "65", "winddir16Point": "NE", "winddirDegree": "36", "WindGustKmph": "13", "WindGustMiles": "8", "windspeedKmph": "6", "windspeedMiles": "4" }, {"cloudcover": "6", "DewPointC": "17", "DewPointF": "63", "FeelsLikeC": "26", "FeelsLikeF": "78", "HeatIndexC": "26", "HeatIndexF": "78", "humidity": "65", "precipMM": "0.0", "pressure": "1016", "tempC": "23", "tempF": "73", "time": "800", "visibility": "10", "weatherCode": "113",  "weatherDesc": [ {"value": "Sunny" } ],  "weatherIconUrl": [ {"value": "http:\/\/cdn.worldweatheronline.net\/images\/wsymbols01_png_64\/wsymbol_0001_sunny.png" } ], "WindChillC": "24", "WindChillF": "76", "winddir16Point": "N", "winddirDegree": "2", "WindGustKmph": "6", "WindGustMiles": "4", "windspeedKmph": "5", "windspeedMiles": "3" }, {"cloudcover": "8", "DewPointC": "21", "DewPointF": "69", "FeelsLikeC": "33", "FeelsLikeF": "91", "HeatIndexC": "33", "HeatIndexF": "91", "humidity": "55", "precipMM": "0.0", "pressure": "1016", "tempC": "29", "tempF": "84", "time": "1100", "visibility": "10", "weatherCode": "113",  "weatherDesc": [ {"value": "Sunny" } ],  "weatherIconUrl": [ {"value": "http:\/\/cdn.worldweatheronline.net\/images\/wsymbols01_png_64\/wsymbol_0001_sunny.png" } ], "WindChillC": "30", "WindChillF": "87", "winddir16Point": "WNW", "winddirDegree": "282", "WindGustKmph": "16", "WindGustMiles": "10", "windspeedKmph": "14", "windspeedMiles": "9" }, {"cloudcover": "7", "DewPointC": "22", "DewPointF": "71", "FeelsLikeC": "35", "FeelsLikeF": "94", "HeatIndexC": "35", "HeatIndexF": "94", "humidity": "57", "precipMM": "0.0", "pressure": "1014", "tempC": "30", "tempF": "85", "time": "1400", "visibility": "10", "weatherCode": "113",  "weatherDesc": [ {"value": "Sunny" } ],  "weatherIconUrl": [ {"value": "http:\/\/cdn.worldweatheronline.net\/images\/wsymbols01_png_64\/wsymbol_0001_sunny.png" } ], "WindChillC": "31", "WindChillF": "88", "winddir16Point": "W", "winddirDegree": "279", "WindGustKmph": "18", "WindGustMiles": "11", "windspeedKmph": "15", "windspeedMiles": "10" }, {"cloudcover": "4", "DewPointC": "22", "DewPointF": "72", "FeelsLikeC": "32", "FeelsLikeF": "90", "HeatIndexC": "32", "HeatIndexF": "90", "humidity": "67", "precipMM": "0.0", "pressure": "1013", "tempC": "27", "tempF": "81", "time": "1700", "visibility": "10", "weatherCode": "113",  "weatherDesc": [ {"value": "Sunny" } ],  "weatherIconUrl": [ {"value": "http:\/\/cdn.worldweatheronline.net\/images\/wsymbols01_png_64\/wsymbol_0001_sunny.png" } ], "WindChillC": "29", "WindChillF": "84", "winddir16Point": "W", "winddirDegree": "280", "WindGustKmph": "16", "WindGustMiles": "10", "windspeedKmph": "14", "windspeedMiles": "9" }, {"cloudcover": "4", "DewPointC": "21", "DewPointF": "70", "FeelsLikeC": "26", "FeelsLikeF": "80", "HeatIndexC": "26", "HeatIndexF": "80", "humidity": "82", "precipMM": "0.0", "pressure": "1014", "tempC": "24", "tempF": "76", "time": "2000", "visibility": "10", "weatherCode": "113",  "weatherDesc": [ {"value": "Clear" } ],  "weatherIconUrl": [ {"value": "http:\/\/cdn.worldweatheronline.net\/images\/wsymbols01_png_64\/wsymbol_0008_clear_sky_night.png" } ], "WindChillC": "24", "WindChillF": "76", "winddir16Point": "W", "winddirDegree": "271", "WindGustKmph": "6", "WindGustMiles": "4", "windspeedKmph": "5", "windspeedMiles": "3" }, {"cloudcover": "4", "DewPointC": "19", "DewPointF": "67", "FeelsLikeC": "22", "FeelsLikeF": "71", "HeatIndexC": "24", "HeatIndexF": "76", "humidity": "86", "precipMM": "0.0", "pressure": "1015", "tempC": "22", "tempF": "71", "time": "2300", "visibility": "10", "weatherCode": "113",  "weatherDesc": [ {"value": "Clear" } ],  "weatherIconUrl": [ {"value": "http:\/\/cdn.worldweatheronline.net\/images\/wsymbols01_png_64\/wsymbol_0008_clear_sky_night.png" } ], "WindChillC": "22", "WindChillF": "71", "winddir16Point": "WSW", "winddirDegree": "243", "WindGustKmph": "7", "WindGustMiles": "4", "windspeedKmph": "4", "windspeedMiles": "2" } ], "maxtempC": "30", "maxtempF": "85", "mintempC": "18", "mintempF": "65" } ] }}