{ "data": { "request": [ {"query": "Lat 23.50 and Lon 120.42", "type": "LatLon" } ],  "weather": [ { "astronomy": [ {"moonrise": "04:02 AM", "moonset": "04:25 PM", "sunrise": "05:44 AM", "sunset": "06:16 PM" } ], "date": "2013-04-08",  "hourly": [ {"cloudcover": "16", "DewPointC": "13", "DewPointF": "55", "FeelsLikeC": "16", "FeelsLikeF": "60", "HeatIndexC": "16", "HeatIndexF": "60", "humidity": "84", "precipMM": "0.0", "pressure": "1013", "tempC": "16", "tempF": "60", "time": "200", "visibility": "10", "weatherCode": "113",  "weatherDesc": [ {"value": "Clear" } ],  "weatherIconUrl": [ {"value": "http:\/\/cdn.worldweatheronline.net\/images\/wsymbols01_png_64\/wsymbol_0008_clear_sky_night.png" } ], "WindChillC": "16", "WindChillF": "60", "winddir16Point": "NNE", "winddirDegree": "20", "WindGustKmph": "6", "WindGustMiles": "4", "windspeedKmph": "3", "windspeedMiles": "2" }, {"cloudcover": "19", "DewPointC": "12", "DewPointF": "54", "FeelsLikeC": "15", "FeelsLikeF": "59", "HeatIndexC": "15", "HeatIndexF": "59", "humidity": "83", "precipMM": "0.0", "pressure": "1014", "tempC": "15", "tempF": "59", "time": "500", "visibility": "10", "weatherCode": "113",  "weatherDesc": [ {"value": "Clear" } ],  "weatherIconUrl": [ {"value": "http:\/\/cdn.worldweatheronline.net\/images\/wsymbols01_png_64\/wsymbol_0008_clear_sky_night.png" } ], "WindChillC": "15", "WindChillF": "59", "winddir16Point": "NE", "winddirDegree": "45", "WindGustKmph": "7", "WindGustMiles": "4", "windspeedKmph": "3", "windspeedMiles": "2" }, {"cloudcover": "19", "DewPointC": "14", "DewPointF": "57", "FeelsLikeC": "21", "FeelsLikeF": "70", "HeatIndexC": "24", "HeatIndexF": "76", "humidity": "64", "precipMM": "0.0", "pressure": "1014", "tempC": "19", "tempF": "66", "time": "800", "visibility": "10", "weatherCode": "113",  "weatherDesc": [ {"value": "Sunny" } ],  "weatherIconUrl": [ {"value": "http:\/\/cdn.worldweatheronline.net\/images\/wsymbols01_png_64\/wsymbol_0001_sunny.png" } ], "WindChillC": "21", "WindChillF": "70", "winddir16Point": "N", "winddirDegree": "351", "WindGustKmph": "4", "WindGustMiles": "2", "windspeedKmph": "3", "windspeedMiles": "2" }, {"cloudcover": "17", "DewPointC": "18", "DewPointF": "64", "FeelsLikeC": "27", "FeelsLikeF": "81", "HeatIndexC": "27", "HeatIndexF": "81", "humidity": "59", "precipMM": "0.0", "pressure": "1015", "tempC": "24", "tempF": "76", "time": "1100", "visibility": "10", "weatherCode": "113",  "weatherDesc": [ {"value": "Sunny" } ],  "weatherIconUrl": [ {"value": "http:\/\/cdn.worldweatheronline.net\/images\/wsymbols01_png_64\/wsymbol_0001_sunny.png" } ], "WindChillC": "26", "WindChillF": "79", "winddir16Point": "WNW", "winddirDegree": "286", "WindGustKmph": "13", "WindGustMiles": "8", "windspeedKmph": "11", "windspeedMiles": "7" }, {"cloudcover": "10", "DewPointC": "19", "DewPointF": "66", "FeelsLikeC": "29", "FeelsLikeF": "83", "HeatIndexC": "29", "HeatIndexF": "83", "humidity": "62", "precipMM": "0.0", "pressure": "1013", "tempC": "25", "tempF": "77", "time": "1400", "visibility": "10", "weatherCode": "113",  "weatherDesc": [ {"value": "Sunny" } ],  "weatherIconUrl": [ {"value": "http:\/\/cdn.worldweatheronline.net\/images\/wsymbols01_png_64\/wsymbol_0001_sunny.png" } ], "WindChillC": "27", "WindChillF": "81", "winddir16Point": "WNW", "winddirDegree": "298", "WindGustKmph": "18", "WindGustMiles": "11", "windspeedKmph": "16", "windspeedMiles": "10" }, {"cloudcover": "11", "DewPointC": "18", "DewPointF": "65", "FeelsLikeC": "26", "FeelsLikeF": "78", "HeatIndexC": "26", "HeatIndexF": "78", "humidity": "71", "precipMM": "0.0", "pressure": "1013", "tempC": "23", "tempF": "73", "time": "1700", "visibility": "10", "weatherCode": "113",  "weatherDesc": [ {"value": "Sunny" } ],  "weatherIconUrl": [ {"value": "http:\/\/cdn.worldweatheronline.net\/images\/wsymbols01_png_64\/wsymbol_0001_sunny.png" } ], "WindChillC": "24", "WindChillF": "75", "winddir16Point": "NW", "winddirDegree": "323", "WindGustKmph": "14", "WindGustMiles": "9", "windspeedKmph": "12", "windspeedMiles": "8" }, {"cloudcover": "14", "DewPointC": "17", "DewPointF": "62", "FeelsLikeC": "21", "FeelsLikeF": "70", "HeatIndexC": "24", "HeatIndexF": "76", "humidity": "75", "precipMM": "0.0", "pressure": "1015", "tempC": "21", "tempF": "70", "time": "2000", "visibility": "10", "weatherCode": "113",  "weatherDesc": [ {"value": "Clear" } ],  "weatherIconUrl": [ {"value": "http:\/\/cdn.worldweatheronline.net\/images\/wsymbols01_png_64\/wsymbol_0008_clear_sky_night.png" } ], "WindChillC": "21", "WindChillF": "70", "winddir16Point": "NE", "winddirDegree": "42", "WindGustKmph": "9", "WindGustMiles": "6", "windspeedKmph": "7", "windspeedMiles": "4" }, {"cloudcover": "13", "DewPointC": "13", "DewPointF": "55", "FeelsLikeC": "18", "FeelsLikeF": "65", "HeatIndexC": "18", "HeatIndexF": "65", "humidity": "69", "precipMM": "0.0", "pressure": "1016", "tempC": "18", "tempF": "65", "time": "2300", "visibility": "10", "weatherCode": "113",  "weatherDesc": [ {"value": "Clear" } ],  "weatherIconUrl": [ {"value": "http:\/\/cdn.worldweatheronline.net\/images\/wsymbols01_png_64\/wsymbol_0008_clear_sky_night.png" } ], "WindChillC": "18", "WindChillF": "65", "winddir16Point": "NE", "winddirDegree": "38", "WindGustKmph": "12", "WindGustMiles": "8", "windspeedKmph": "6", "windspeedMiles": "4" } ], "maxtempC": "25", "maxtempF": "77", "mintempC": "15", "mintempF": "59" } ] }}