{ "data": { "request": [ {"query": "Lat 23.50 and Lon 120.42", "type": "LatLon" } ],  "weather": [ { "astronomy": [ {"moonrise": "07:37 AM", "moonset": "06:54 PM", "sunrise": "06:06 AM", "sunset": "05:18 PM" } ], "date": "2013-11-05",  "hourly": [ {"cloudcover": "15", "DewPointC": "16", "DewPointF": "61", "FeelsLikeC": "21", "FeelsLikeF": "70", "HeatIndexC": "24", "HeatIndexF": "76", "humidity": "74", "precipMM": "0.0", "pressure": "1018", "tempC": "21", "tempF": "70", "time": "200", "visibility": "10", "weatherCode": "113",  "weatherDesc": [ {"value": "Clear" } ],  "weatherIconUrl": [ {"value": "http:\/\/cdn.worldweatheronline.net\/images\/wsymbols01_png_64\/wsymbol_0008_clear_sky_night.png" } ], "WindChillC": "21", "WindChillF": "70", "winddir16Point": "NE", "winddirDegree": "40", "WindGustKmph": "17", "WindGustMiles": "10", "windspeedKmph": "8", "windspeedMiles": "5" }, {"cloudcover": "16", "DewPointC": "17", "DewPointF": "62", "FeelsLikeC": "21", "FeelsLikeF": "69", "HeatIndexC": "21", "HeatIndexF": "69", "humidity": "78", "precipMM": "0.1", "pressure": "1019", "tempC": "21", "tempF": "69", "time": "500", "visibility": "10", "weatherCode": "113",  "weatherDesc": [ {"value": "Clear" } ],  "weatherIconUrl": [ {"value": "http:\/\/cdn.worldweatheronline.net\/images\/wsymbols01_png_64\/wsymbol_0008_clear_sky_night.png" } ], "WindChillC": "21", "WindChillF": "69", "winddir16Point": "ENE", "winddirDegree": "60", "WindGustKmph": "12", "WindGustMiles": "8", "windspeedKmph": "6", "windspeedMiles": "4" }, {"cloudcover": "12", "DewPointC": "20", "DewPointF": "67", "FeelsLikeC": "28", "FeelsLikeF": "83", "HeatIndexC": "28", "HeatIndexF": "83", "humidity": "66", "precipMM": "0.0", "pressure": "1019", "tempC": "26", "tempF": "80", "time": "800", "visibility": "10", "weatherCode": "113",  "weatherDesc": [ {"value": "Sunny" } ],  "weatherIconUrl": [ {"value": "http:\/\/cdn.worldweatheronline.net\/images\/wsymbols01_png_64\/wsymbol_0001_sunny.png" } ], "WindChillC": "26", "WindChillF": "80", "winddir16Point": "NNE", "winddirDegree": "21", "WindGustKmph": "4", "WindGustMiles": "2", "windspeedKmph": "3", "windspeedMiles": "2" }, {"cloudcover": "30", "DewPointC": "22", "DewPointF": "71", "FeelsLikeC": "35", "FeelsLikeF": "95", "HeatIndexC": "35", "HeatIndexF": "95", "humidity": "56", "precipMM": "0.0", "pressure": "1019", "tempC": "31", "tempF": "89", "time": "1100", "visibility": "10", "weatherCode": "116",  "weatherDesc": [ {"value": "Partly Cloudy" } ],  "weatherIconUrl": [ {"value": "http:\/\/cdn.worldweatheronline.net\/images\/wsymbols01_png_64\/wsymbol_0002_sunny_intervals.png" } ], "WindChillC": "31", "WindChillF": "89", "winddir16Point": "NW", "winddirDegree": "306", "WindGustKmph": "11", "WindGustMiles": "7", "windspeedKmph": "10", "windspeedMiles": "6" }, {"cloudcover": "22", "DewPointC": "21", "DewPointF": "71", "FeelsLikeC": "34", "FeelsLikeF": "94", "HeatIndexC": "34", "HeatIndexF": "94", "humidity": "57", "precipMM": "0.0", "pressure": "1017", "tempC": "31", "tempF": "88", "time": "1400", "visibility": "10", "weatherCode": "113",  "weatherDesc": [ {"value": "Sunny" } ],  "weatherIconUrl": [ {"value": "http:\/\/cdn.worldweatheronline.net\/images\/wsymbols01_png_64\/wsymbol_0001_sunny.png" } ], "WindChillC": "31", "WindChillF": "88", "winddir16Point": "NW", "winddirDegree": "321", "WindGustKmph": "16", "WindGustMiles": "10", "windspeedKmph": "14", "windspeedMiles": "9" }, {"cloudcover": "17", "DewPointC": "22", "DewPointF": "72", "FeelsLikeC": "32", "FeelsLikeF": "90", "HeatIndexC": "32", "HeatIndexF": "90", "humidity": "67", "precipMM": "0.0", "pressure": "1017", "tempC": "29", "tempF": "84", "time": "1700", "visibility": "10", "weatherCode": "113",  "weatherDesc": [ {"value": "Sunny" } ],  "weatherIconUrl": [ {"value": "http:\/\/cdn.worldweatheronline.net\/images\/wsymbols01_png_64\/wsymbol_0001_sunny.png" } ], "WindChillC": "29", "WindChillF": "84", "winddir16Point": "NNW", "winddirDegree": "344", "WindGustKmph": "15", "WindGustMiles": "9", "windspeedKmph": "13", "windspeedMiles": "8" }, {"cloudcover": "19", "DewPointC": "18", "DewPointF": "65", "FeelsLikeC": "26", "FeelsLikeF": "78", "HeatIndexC": "26", "HeatIndexF": "78", "humidity": "71", "precipMM": "0.1", "pressure": "1018", "tempC": "24", "tempF": "75", "time": "2000", "visibility": "10", "weatherCode": "113",  "weatherDesc": [ {"value": "Clear" } ],  "weatherIconUrl": [ {"value": "http:\/\/cdn.worldweatheronline.net\/images\/wsymbols01_png_64\/wsymbol_0008_clear_sky_night.png" } ], "WindChillC": "24", "WindChillF": "75", "winddir16Point": "NNE", "winddirDegree": "17", "WindGustKmph": "17", "WindGustMiles": "11", "windspeedKmph": "9", "windspeedMiles": "5" }, {"cloudcover": "23", "DewPointC": "17", "DewPointF": "63", "FeelsLikeC": "22", "FeelsLikeF": "71", "HeatIndexC": "24", "HeatIndexF": "76", "humidity": "76", "precipMM": "0.0", "pressure": "1019", "tempC": "22", "tempF": "71", "time": "2300", "visibility": "10", "weatherCode": "113",  "weatherDesc": [ {"value": "Clear" } ],  "weatherIconUrl": [ {"value": "http:\/\/cdn.worldweatheronline.net\/images\/wsymbols01_png_64\/wsymbol_0008_clear_sky_night.png" } ], "WindChillC": "22", "WindChillF": "71", "winddir16Point": "NNE", "winddirDegree": "33", "WindGustKmph": "10", "WindGustMiles": "6", "windspeedKmph": "5", "windspeedMiles": "3" } ], "maxtempC": "31", "maxtempF": "89", "mintempC": "21", "mintempF": "69" } ] }}