{ "data": { "request": [ {"query": "Lat 23.50 and Lon 120.42", "type": "LatLon" } ],  "weather": [ { "astronomy": [ {"moonrise": "05:20 PM", "moonset": "06:07 AM", "sunrise": "06:33 AM", "sunset": "05:15 PM" } ], "date": "2013-12-17",  "hourly": [ {"cloudcover": "23", "DewPointC": "15", "DewPointF": "59", "FeelsLikeC": "19", "FeelsLikeF": "66", "HeatIndexC": "19", "HeatIndexF": "66", "humidity": "78", "precipMM": "0.1", "pressure": "1012", "tempC": "19", "tempF": "66", "time": "200", "visibility": "10", "weatherCode": "113",  "weatherDesc": [ {"value": "Clear" } ],  "weatherIconUrl": [ {"value": "http:\/\/cdn.worldweatheronline.net\/images\/wsymbols01_png_64\/wsymbol_0008_clear_sky_night.png" } ], "WindChillC": "19", "WindChillF": "66", "winddir16Point": "NNE", "winddirDegree": "19", "WindGustKmph": "20", "WindGustMiles": "13", "windspeedKmph": "10", "windspeedMiles": "6" }, {"cloudcover": "27", "DewPointC": "16", "DewPointF": "60", "FeelsLikeC": "19", "FeelsLikeF": "67", "HeatIndexC": "19", "HeatIndexF": "67", "humidity": "81", "precipMM": "0.4", "pressure": "1011", "tempC": "19", "tempF": "67", "time": "500", "visibility": "9", "weatherCode": "176",  "weatherDesc": [ {"value": "Patchy rain nearby" } ],  "weatherIconUrl": [ {"value": "http:\/\/cdn.worldweatheronline.net\/images\/wsymbols01_png_64\/wsymbol_0025_light_rain_showers_night.png" } ], "WindChillC": "19", "WindChillF": "67", "winddir16Point": "N", "winddirDegree": "357", "WindGustKmph": "17", "WindGustMiles": "10", "windspeedKmph": "9", "windspeedMiles": "6" }, {"cloudcover": "48", "DewPointC": "15", "DewPointF": "59", "FeelsLikeC": "19", "FeelsLikeF": "66", "HeatIndexC": "19", "HeatIndexF": "66", "humidity": "77", "precipMM": "0.3", "pressure": "1013", "tempC": "19", "tempF": "66", "time": "800", "visibility": "5", "weatherCode": "263",  "weatherDesc": [ {"value": "Patchy light drizzle" } ],  "weatherIconUrl": [ {"value": "http:\/\/cdn.worldweatheronline.net\/images\/wsymbols01_png_64\/wsymbol_0009_light_rain_showers.png" } ], "WindChillC": "19", "WindChillF": "66", "winddir16Point": "N", "winddirDegree": "353", "WindGustKmph": "23", "WindGustMiles": "14", "windspeedKmph": "13", "windspeedMiles": "8" }, {"cloudcover": "60", "DewPointC": "20", "DewPointF": "67", "FeelsLikeC": "27", "FeelsLikeF": "81", "HeatIndexC": "27", "HeatIndexF": "81", "humidity": "69", "precipMM": "0.3", "pressure": "1012", "tempC": "26", "tempF": "78", "time": "1100", "visibility": "10", "weatherCode": "353",  "weatherDesc": [ {"value": "Light rain shower" } ],  "weatherIconUrl": [ {"value": "http:\/\/cdn.worldweatheronline.net\/images\/wsymbols01_png_64\/wsymbol_0009_light_rain_showers.png" } ], "WindChillC": "26", "WindChillF": "78", "winddir16Point": "NNW", "winddirDegree": "343", "WindGustKmph": "16", "WindGustMiles": "10", "windspeedKmph": "14", "windspeedMiles": "9" }, {"cloudcover": "37", "DewPointC": "20", "DewPointF": "68", "FeelsLikeC": "28", "FeelsLikeF": "82", "HeatIndexC": "28", "HeatIndexF": "82", "humidity": "68", "precipMM": "0.1", "pressure": "1010", "tempC": "26", "tempF": "79", "time": "1400", "visibility": "10", "weatherCode": "116",  "weatherDesc": [ {"value": "Partly Cloudy" } ],  "weatherIconUrl": [ {"value": "http:\/\/cdn.worldweatheronline.net\/images\/wsymbols01_png_64\/wsymbol_0002_sunny_intervals.png" } ], "WindChillC": "26", "WindChillF": "79", "winddir16Point": "NW", "winddirDegree": "310", "WindGustKmph": "16", "WindGustMiles": "10", "windspeedKmph": "14", "windspeedMiles": "9" }, {"cloudcover": "60", "DewPointC": "17", "DewPointF": "62", "FeelsLikeC": "21", "FeelsLikeF": "69", "HeatIndexC": "21", "HeatIndexF": "69", "humidity": "80", "precipMM": "0.5", "pressure": "1011", "tempC": "21", "tempF": "69", "time": "1700", "visibility": "5", "weatherCode": "263",  "weatherDesc": [ {"value": "Patchy light drizzle" } ],  "weatherIconUrl": [ {"value": "http:\/\/cdn.worldweatheronline.net\/images\/wsymbols01_png_64\/wsymbol_0009_light_rain_showers.png" } ], "WindChillC": "21", "WindChillF": "69", "winddir16Point": "NNW", "winddirDegree": "329", "WindGustKmph": "22", "WindGustMiles": "14", "windspeedKmph": "19", "windspeedMiles": "12" }, {"cloudcover": "44", "DewPointC": "13", "DewPointF": "56", "FeelsLikeC": "16", "FeelsLikeF": "61", "HeatIndexC": "16", "HeatIndexF": "61", "humidity": "83", "precipMM": "1.1", "pressure": "1013", "tempC": "16", "tempF": "61", "time": "2000", "visibility": "9", "weatherCode": "293",  "weatherDesc": [ {"value": "Patchy light rain" } ],  "weatherIconUrl": [ {"value": "http:\/\/cdn.worldweatheronline.net\/images\/wsymbols01_png_64\/wsymbol_0033_cloudy_with_light_rain_night.png" } ], "WindChillC": "16", "WindChillF": "61", "winddir16Point": "N", "winddirDegree": "351", "WindGustKmph": "40", "WindGustMiles": "25", "windspeedKmph": "29", "windspeedMiles": "18" }, {"cloudcover": "45", "DewPointC": "12", "DewPointF": "54", "FeelsLikeC": "16", "FeelsLikeF": "61", "HeatIndexC": "16", "HeatIndexF": "61", "humidity": "78", "precipMM": "0.7", "pressure": "1014", "tempC": "16", "tempF": "61", "time": "2300", "visibility": "5", "weatherCode": "263",  "weatherDesc": [ {"value": "Patchy light drizzle" } ],  "weatherIconUrl": [ {"value": "http:\/\/cdn.worldweatheronline.net\/images\/wsymbols01_png_64\/wsymbol_0025_light_rain_showers_night.png" } ], "WindChillC": "16", "WindChillF": "61", "winddir16Point": "N", "winddirDegree": "5", "WindGustKmph": "30", "WindGustMiles": "19", "windspeedKmph": "21", "windspeedMiles": "13" } ], "maxtempC": "26", "maxtempF": "79", "mintempC": "16", "mintempF": "61" } ] }}