{ "data": { "request": [ {"query": "Lat 23.50 and Lon 120.42", "type": "LatLon" } ],  "weather": [ { "astronomy": [ {"moonrise": "05:16 AM", "moonset": "04:37 PM", "sunrise": "06:24 AM", "sunset": "05:11 PM" } ], "date": "2013-12-02",  "hourly": [ {"cloudcover": "0", "DewPointC": "3", "DewPointF": "37", "FeelsLikeC": "10", "FeelsLikeF": "50", "HeatIndexC": "12", "HeatIndexF": "53", "humidity": "53", "precipMM": "0.0", "pressure": "1020", "tempC": "12", "tempF": "53", "time": "200", "visibility": "10", "weatherCode": "113",  "weatherDesc": [ {"value": "Clear" } ],  "weatherIconUrl": [ {"value": "http:\/\/cdn.worldweatheronline.net\/images\/wsymbols01_png_64\/wsymbol_0008_clear_sky_night.png" } ], "WindChillC": "10", "WindChillF": "50", "winddir16Point": "E", "winddirDegree": "91", "WindGustKmph": "29", "WindGustMiles": "18", "windspeedKmph": "14", "windspeedMiles": "9" }, {"cloudcover": "0", "DewPointC": "0", "DewPointF": "31", "FeelsLikeC": "10", "FeelsLikeF": "51", "HeatIndexC": "12", "HeatIndexF": "53", "humidity": "43", "precipMM": "0.0", "pressure": "1019", "tempC": "12", "tempF": "53", "time": "500", "visibility": "10", "weatherCode": "113",  "weatherDesc": [ {"value": "Clear" } ],  "weatherIconUrl": [ {"value": "http:\/\/cdn.worldweatheronline.net\/images\/wsymbols01_png_64\/wsymbol_0008_clear_sky_night.png" } ], "WindChillC": "10", "WindChillF": "51", "winddir16Point": "E", "winddirDegree": "89", "WindGustKmph": "29", "WindGustMiles": "18", "windspeedKmph": "14", "windspeedMiles": "9" }, {"cloudcover": "0", "DewPointC": "4", "DewPointF": "40", "FeelsLikeC": "16", "FeelsLikeF": "61", "HeatIndexC": "16", "HeatIndexF": "61", "humidity": "46", "precipMM": "0.0", "pressure": "1020", "tempC": "16", "tempF": "61", "time": "800", "visibility": "10", "weatherCode": "113",  "weatherDesc": [ {"value": "Sunny" } ],  "weatherIconUrl": [ {"value": "http:\/\/cdn.worldweatheronline.net\/images\/wsymbols01_png_64\/wsymbol_0001_sunny.png" } ], "WindChillC": "16", "WindChillF": "61", "winddir16Point": "E", "winddirDegree": "92", "WindGustKmph": "25", "WindGustMiles": "15", "windspeedKmph": "12", "windspeedMiles": "7" }, {"cloudcover": "0", "DewPointC": "3", "DewPointF": "37", "FeelsLikeC": "23", "FeelsLikeF": "74", "HeatIndexC": "23", "HeatIndexF": "74", "humidity": "26", "precipMM": "0.0", "pressure": "1020", "tempC": "23", "tempF": "74", "time": "1100", "visibility": "10", "weatherCode": "113",  "weatherDesc": [ {"value": "Sunny" } ],  "weatherIconUrl": [ {"value": "http:\/\/cdn.worldweatheronline.net\/images\/wsymbols01_png_64\/wsymbol_0001_sunny.png" } ], "WindChillC": "23", "WindChillF": "74", "winddir16Point": "NNW", "winddirDegree": "332", "WindGustKmph": "10", "WindGustMiles": "6", "windspeedKmph": "9", "windspeedMiles": "5" }, {"cloudcover": "0", "DewPointC": "5", "DewPointF": "42", "FeelsLikeC": "25", "FeelsLikeF": "77", "HeatIndexC": "25", "HeatIndexF": "77", "humidity": "26", "precipMM": "0.0", "pressure": "1018", "tempC": "26", "tempF": "79", "time": "1400", "visibility": "10", "weatherCode": "113",  "weatherDesc": [ {"value": "Sunny" } ],  "weatherIconUrl": [ {"value": "http:\/\/cdn.worldweatheronline.net\/images\/wsymbols01_png_64\/wsymbol_0001_sunny.png" } ], "WindChillC": "26", "WindChillF": "79", "winddir16Point": "NNW", "winddirDegree": "328", "WindGustKmph": "15", "WindGustMiles": "9", "windspeedKmph": "13", "windspeedMiles": "8" }, {"cloudcover": "0", "DewPointC": "8", "DewPointF": "46", "FeelsLikeC": "20", "FeelsLikeF": "67", "HeatIndexC": "20", "HeatIndexF": "67", "humidity": "45", "precipMM": "0.0", "pressure": "1019", "tempC": "20", "tempF": "67", "time": "1700", "visibility": "10", "weatherCode": "113",  "weatherDesc": [ {"value": "Sunny" } ],  "weatherIconUrl": [ {"value": "http:\/\/cdn.worldweatheronline.net\/images\/wsymbols01_png_64\/wsymbol_0001_sunny.png" } ], "WindChillC": "20", "WindChillF": "67", "winddir16Point": "N", "winddirDegree": "355", "WindGustKmph": "18", "WindGustMiles": "11", "windspeedKmph": "9", "windspeedMiles": "6" }, {"cloudcover": "0", "DewPointC": "3", "DewPointF": "38", "FeelsLikeC": "13", "FeelsLikeF": "55", "HeatIndexC": "14", "HeatIndexF": "57", "humidity": "50", "precipMM": "0.0", "pressure": "1020", "tempC": "14", "tempF": "57", "time": "2000", "visibility": "10", "weatherCode": "113",  "weatherDesc": [ {"value": "Clear" } ],  "weatherIconUrl": [ {"value": "http:\/\/cdn.worldweatheronline.net\/images\/wsymbols01_png_64\/wsymbol_0008_clear_sky_night.png" } ], "WindChillC": "13", "WindChillF": "55", "winddir16Point": "E", "winddirDegree": "90", "WindGustKmph": "26", "WindGustMiles": "16", "windspeedKmph": "13", "windspeedMiles": "8" }, {"cloudcover": "0", "DewPointC": "4", "DewPointF": "39", "FeelsLikeC": "11", "FeelsLikeF": "52", "HeatIndexC": "13", "HeatIndexF": "55", "humidity": "55", "precipMM": "0.0", "pressure": "1020", "tempC": "13", "tempF": "55", "time": "2300", "visibility": "10", "weatherCode": "113",  "weatherDesc": [ {"value": "Clear" } ],  "weatherIconUrl": [ {"value": "http:\/\/cdn.worldweatheronline.net\/images\/wsymbols01_png_64\/wsymbol_0008_clear_sky_night.png" } ], "WindChillC": "11", "WindChillF": "52", "winddir16Point": "ESE", "winddirDegree": "105", "WindGustKmph": "32", "WindGustMiles": "20", "windspeedKmph": "15", "windspeedMiles": "10" } ], "maxtempC": "26", "maxtempF": "79", "mintempC": "12", "mintempF": "53" } ] }}