{ "data": { "request": [ {"query": "Lat 23.50 and Lon 120.42", "type": "LatLon" } ],  "weather": [ { "astronomy": [ {"moonrise": "06:24 PM", "moonset": "05:30 AM", "sunrise": "05:37 AM", "sunset": "06:26 PM" } ], "date": "2013-08-21",  "hourly": [ {"cloudcover": "32", "DewPointC": "23", "DewPointF": "73", "FeelsLikeC": "28", "FeelsLikeF": "82", "HeatIndexC": "28", "HeatIndexF": "82", "humidity": "87", "precipMM": "2.8", "pressure": "995", "tempC": "25", "tempF": "78", "time": "200", "visibility": "7", "weatherCode": "356",  "weatherDesc": [ {"value": "Moderate or heavy rain shower" } ],  "weatherIconUrl": [ {"value": "http:\/\/cdn.worldweatheronline.net\/images\/wsymbols01_png_64\/wsymbol_0026_heavy_rain_showers_night.png" } ], "WindChillC": "25", "WindChillF": "78", "winddir16Point": "NNE", "winddirDegree": "18", "WindGustKmph": "9", "WindGustMiles": "5", "windspeedKmph": "5", "windspeedMiles": "3" }, {"cloudcover": "37", "DewPointC": "23", "DewPointF": "73", "FeelsLikeC": "27", "FeelsLikeF": "80", "HeatIndexC": "27", "HeatIndexF": "80", "humidity": "90", "precipMM": "0.7", "pressure": "993", "tempC": "24", "tempF": "76", "time": "500", "visibility": "9", "weatherCode": "176",  "weatherDesc": [ {"value": "Patchy rain nearby" } ],  "weatherIconUrl": [ {"value": "http:\/\/cdn.worldweatheronline.net\/images\/wsymbols01_png_64\/wsymbol_0025_light_rain_showers_night.png" } ], "WindChillC": "24", "WindChillF": "76", "winddir16Point": "NE", "winddirDegree": "35", "WindGustKmph": "6", "WindGustMiles": "4", "windspeedKmph": "3", "windspeedMiles": "2" }, {"cloudcover": "20", "DewPointC": "23", "DewPointF": "74", "FeelsLikeC": "31", "FeelsLikeF": "88", "HeatIndexC": "31", "HeatIndexF": "88", "humidity": "78", "precipMM": "0.7", "pressure": "992", "tempC": "28", "tempF": "82", "time": "800", "visibility": "9", "weatherCode": "176",  "weatherDesc": [ {"value": "Patchy rain nearby" } ],  "weatherIconUrl": [ {"value": "http:\/\/cdn.worldweatheronline.net\/images\/wsymbols01_png_64\/wsymbol_0009_light_rain_showers.png" } ], "WindChillC": "28", "WindChillF": "82", "winddir16Point": "N", "winddirDegree": "357", "WindGustKmph": "9", "WindGustMiles": "5", "windspeedKmph": "7", "windspeedMiles": "4" }, {"cloudcover": "83", "DewPointC": "26", "DewPointF": "79", "FeelsLikeC": "40", "FeelsLikeF": "104", "HeatIndexC": "40", "HeatIndexF": "104", "humidity": "72", "precipMM": "1.2", "pressure": "991", "tempC": "32", "tempF": "89", "time": "1100", "visibility": "10", "weatherCode": "353",  "weatherDesc": [ {"value": "Light rain shower" } ],  "weatherIconUrl": [ {"value": "http:\/\/cdn.worldweatheronline.net\/images\/wsymbols01_png_64\/wsymbol_0009_light_rain_showers.png" } ], "WindChillC": "32", "WindChillF": "89", "winddir16Point": "NNW", "winddirDegree": "348", "WindGustKmph": "33", "WindGustMiles": "21", "windspeedKmph": "25", "windspeedMiles": "16" }, {"cloudcover": "85", "DewPointC": "26", "DewPointF": "79", "FeelsLikeC": "37", "FeelsLikeF": "98", "HeatIndexC": "37", "HeatIndexF": "98", "humidity": "80", "precipMM": "3.0", "pressure": "988", "tempC": "30", "tempF": "85", "time": "1400", "visibility": "7", "weatherCode": "356",  "weatherDesc": [ {"value": "Moderate or heavy rain shower" } ],  "weatherIconUrl": [ {"value": "http:\/\/cdn.worldweatheronline.net\/images\/wsymbols01_png_64\/wsymbol_0010_heavy_rain_showers.png" } ], "WindChillC": "30", "WindChillF": "85", "winddir16Point": "N", "winddirDegree": "351", "WindGustKmph": "44", "WindGustMiles": "27", "windspeedKmph": "29", "windspeedMiles": "18" }, {"cloudcover": "92", "DewPointC": "25", "DewPointF": "77", "FeelsLikeC": "31", "FeelsLikeF": "88", "HeatIndexC": "31", "HeatIndexF": "88", "humidity": "90", "precipMM": "6.4", "pressure": "986", "tempC": "27", "tempF": "80", "time": "1700", "visibility": "7", "weatherCode": "356",  "weatherDesc": [ {"value": "Moderate or heavy rain shower" } ],  "weatherIconUrl": [ {"value": "http:\/\/cdn.worldweatheronline.net\/images\/wsymbols01_png_64\/wsymbol_0010_heavy_rain_showers.png" } ], "WindChillC": "27", "WindChillF": "80", "winddir16Point": "NNW", "winddirDegree": "338", "WindGustKmph": "32", "WindGustMiles": "20", "windspeedKmph": "19", "windspeedMiles": "12" }, {"cloudcover": "100", "DewPointC": "24", "DewPointF": "76", "FeelsLikeC": "29", "FeelsLikeF": "84", "HeatIndexC": "29", "HeatIndexF": "84", "humidity": "93", "precipMM": "22.9", "pressure": "986", "tempC": "25", "tempF": "78", "time": "2000", "visibility": "5", "weatherCode": "308",  "weatherDesc": [ {"value": "Heavy rain" } ],  "weatherIconUrl": [ {"value": "http:\/\/cdn.worldweatheronline.net\/images\/wsymbols01_png_64\/wsymbol_0034_cloudy_with_heavy_rain_night.png" } ], "WindChillC": "25", "WindChillF": "78", "winddir16Point": "W", "winddirDegree": "280", "WindGustKmph": "31", "WindGustMiles": "19", "windspeedKmph": "15", "windspeedMiles": "10" }, {"cloudcover": "92", "DewPointC": "24", "DewPointF": "76", "FeelsLikeC": "30", "FeelsLikeF": "85", "HeatIndexC": "30", "HeatIndexF": "85", "humidity": "91", "precipMM": "34.5", "pressure": "988", "tempC": "26", "tempF": "79", "time": "2300", "visibility": "5", "weatherCode": "308",  "weatherDesc": [ {"value": "Heavy rain" } ],  "weatherIconUrl": [ {"value": "http:\/\/cdn.worldweatheronline.net\/images\/wsymbols01_png_64\/wsymbol_0034_cloudy_with_heavy_rain_night.png" } ], "WindChillC": "26", "WindChillF": "79", "winddir16Point": "WSW", "winddirDegree": "236", "WindGustKmph": "54", "WindGustMiles": "33", "windspeedKmph": "27", "windspeedMiles": "17" } ], "maxtempC": "32", "maxtempF": "89", "mintempC": "24", "mintempF": "76" } ] }}