{ "data": { "request": [ {"query": "Lat 23.50 and Lon 120.42", "type": "LatLon" } ],  "weather": [ { "astronomy": [ {"moonrise": "01:21 PM", "moonset": "12:28 AM", "sunrise": "05:12 AM", "sunset": "06:47 PM" } ], "date": "2013-06-18",  "hourly": [ {"cloudcover": "22", "DewPointC": "21", "DewPointF": "69", "FeelsLikeC": "26", "FeelsLikeF": "79", "HeatIndexC": "26", "HeatIndexF": "79", "humidity": "82", "precipMM": "3.5", "pressure": "1004", "tempC": "24", "tempF": "75", "time": "200", "visibility": "7", "weatherCode": "356",  "weatherDesc": [ {"value": "Moderate or heavy rain shower" } ],  "weatherIconUrl": [ {"value": "http:\/\/cdn.worldweatheronline.net\/images\/wsymbols01_png_64\/wsymbol_0026_heavy_rain_showers_night.png" } ], "WindChillC": "24", "WindChillF": "75", "winddir16Point": "SW", "winddirDegree": "233", "WindGustKmph": "9", "WindGustMiles": "6", "windspeedKmph": "4", "windspeedMiles": "3" }, {"cloudcover": "23", "DewPointC": "21", "DewPointF": "69", "FeelsLikeC": "26", "FeelsLikeF": "78", "HeatIndexC": "26", "HeatIndexF": "78", "humidity": "83", "precipMM": "2.9", "pressure": "1003", "tempC": "24", "tempF": "74", "time": "500", "visibility": "7", "weatherCode": "356",  "weatherDesc": [ {"value": "Moderate or heavy rain shower" } ],  "weatherIconUrl": [ {"value": "http:\/\/cdn.worldweatheronline.net\/images\/wsymbols01_png_64\/wsymbol_0026_heavy_rain_showers_night.png" } ], "WindChillC": "24", "WindChillF": "74", "winddir16Point": "N", "winddirDegree": "349", "WindGustKmph": "9", "WindGustMiles": "6", "windspeedKmph": "5", "windspeedMiles": "3" }, {"cloudcover": "27", "DewPointC": "23", "DewPointF": "73", "FeelsLikeC": "30", "FeelsLikeF": "87", "HeatIndexC": "30", "HeatIndexF": "87", "humidity": "77", "precipMM": "0.4", "pressure": "1004", "tempC": "25", "tempF": "77", "time": "800", "visibility": "9", "weatherCode": "176",  "weatherDesc": [ {"value": "Patchy rain nearby" } ],  "weatherIconUrl": [ {"value": "http:\/\/cdn.worldweatheronline.net\/images\/wsymbols01_png_64\/wsymbol_0009_light_rain_showers.png" } ], "WindChillC": "27", "WindChillF": "81", "winddir16Point": "NNE", "winddirDegree": "23", "WindGustKmph": "5", "WindGustMiles": "3", "windspeedKmph": "4", "windspeedMiles": "2" }, {"cloudcover": "14", "DewPointC": "24", "DewPointF": "76", "FeelsLikeC": "40", "FeelsLikeF": "105", "HeatIndexC": "40", "HeatIndexF": "105", "humidity": "59", "precipMM": "0.2", "pressure": "1003", "tempC": "31", "tempF": "88", "time": "1100", "visibility": "9", "weatherCode": "176",  "weatherDesc": [ {"value": "Patchy rain nearby" } ],  "weatherIconUrl": [ {"value": "http:\/\/cdn.worldweatheronline.net\/images\/wsymbols01_png_64\/wsymbol_0009_light_rain_showers.png" } ], "WindChillC": "33", "WindChillF": "92", "winddir16Point": "W", "winddirDegree": "275", "WindGustKmph": "6", "WindGustMiles": "4", "windspeedKmph": "6", "windspeedMiles": "4" }, {"cloudcover": "10", "DewPointC": "24", "DewPointF": "75", "FeelsLikeC": "42", "FeelsLikeF": "108", "HeatIndexC": "42", "HeatIndexF": "108", "humidity": "51", "precipMM": "0.1", "pressure": "1001", "tempC": "33", "tempF": "92", "time": "1400", "visibility": "10", "weatherCode": "113",  "weatherDesc": [ {"value": "Sunny" } ],  "weatherIconUrl": [ {"value": "http:\/\/cdn.worldweatheronline.net\/images\/wsymbols01_png_64\/wsymbol_0001_sunny.png" } ], "WindChillC": "35", "WindChillF": "95", "winddir16Point": "WNW", "winddirDegree": "281", "WindGustKmph": "16", "WindGustMiles": "10", "windspeedKmph": "14", "windspeedMiles": "9" }, {"cloudcover": "14", "DewPointC": "23", "DewPointF": "74", "FeelsLikeC": "39", "FeelsLikeF": "102", "HeatIndexC": "39", "HeatIndexF": "102", "humidity": "56", "precipMM": "0.1", "pressure": "1000", "tempC": "32", "tempF": "89", "time": "1700", "visibility": "10", "weatherCode": "113",  "weatherDesc": [ {"value": "Sunny" } ],  "weatherIconUrl": [ {"value": "http:\/\/cdn.worldweatheronline.net\/images\/wsymbols01_png_64\/wsymbol_0001_sunny.png" } ], "WindChillC": "33", "WindChillF": "92", "winddir16Point": "WNW", "winddirDegree": "285", "WindGustKmph": "14", "WindGustMiles": "9", "windspeedKmph": "12", "windspeedMiles": "7" }, {"cloudcover": "13", "DewPointC": "21", "DewPointF": "70", "FeelsLikeC": "30", "FeelsLikeF": "86", "HeatIndexC": "30", "HeatIndexF": "86", "humidity": "68", "precipMM": "0.2", "pressure": "1001", "tempC": "28", "tempF": "82", "time": "2000", "visibility": "9", "weatherCode": "176",  "weatherDesc": [ {"value": "Patchy rain nearby" } ],  "weatherIconUrl": [ {"value": "http:\/\/cdn.worldweatheronline.net\/images\/wsymbols01_png_64\/wsymbol_0025_light_rain_showers_night.png" } ], "WindChillC": "28", "WindChillF": "82", "winddir16Point": "WSW", "winddirDegree": "246", "WindGustKmph": "7", "WindGustMiles": "4", "windspeedKmph": "5", "windspeedMiles": "3" }, {"cloudcover": "12", "DewPointC": "20", "DewPointF": "67", "FeelsLikeC": "27", "FeelsLikeF": "80", "HeatIndexC": "27", "HeatIndexF": "80", "humidity": "72", "precipMM": "0.0", "pressure": "1002", "tempC": "25", "tempF": "77", "time": "2300", "visibility": "10", "weatherCode": "113",  "weatherDesc": [ {"value": "Clear" } ],  "weatherIconUrl": [ {"value": "http:\/\/cdn.worldweatheronline.net\/images\/wsymbols01_png_64\/wsymbol_0008_clear_sky_night.png" } ], "WindChillC": "25", "WindChillF": "77", "winddir16Point": "SSW", "winddirDegree": "195", "WindGustKmph": "9", "WindGustMiles": "5", "windspeedKmph": "4", "windspeedMiles": "3" } ], "maxtempC": "33", "maxtempF": "92", "mintempC": "24", "mintempF": "74" } ] }}