{ "data": { "request": [ {"query": "Lat 23.50 and Lon 120.42", "type": "LatLon" } ],  "weather": [ { "astronomy": [ {"moonrise": "02:36 PM", "moonset": "01:53 AM", "sunrise": "05:14 AM", "sunset": "06:36 PM" } ], "date": "2013-05-21",  "hourly": [ {"cloudcover": "88", "DewPointC": "19", "DewPointF": "65", "FeelsLikeC": "25", "FeelsLikeF": "78", "HeatIndexC": "25", "HeatIndexF": "78", "humidity": "73", "precipMM": "0.9", "pressure": "1006", "tempC": "24", "tempF": "74", "time": "200", "visibility": "10", "weatherCode": "353",  "weatherDesc": [ {"value": "Light rain shower" } ],  "weatherIconUrl": [ {"value": "http:\/\/cdn.worldweatheronline.net\/images\/wsymbols01_png_64\/wsymbol_0025_light_rain_showers_night.png" } ], "WindChillC": "24", "WindChillF": "74", "winddir16Point": "SSE", "winddirDegree": "162", "WindGustKmph": "34", "WindGustMiles": "21", "windspeedKmph": "16", "windspeedMiles": "10" }, {"cloudcover": "48", "DewPointC": "19", "DewPointF": "66", "FeelsLikeC": "25", "FeelsLikeF": "77", "HeatIndexC": "25", "HeatIndexF": "77", "humidity": "80", "precipMM": "2.1", "pressure": "1006", "tempC": "23", "tempF": "73", "time": "500", "visibility": "10", "weatherCode": "353",  "weatherDesc": [ {"value": "Light rain shower" } ],  "weatherIconUrl": [ {"value": "http:\/\/cdn.worldweatheronline.net\/images\/wsymbols01_png_64\/wsymbol_0025_light_rain_showers_night.png" } ], "WindChillC": "23", "WindChillF": "73", "winddir16Point": "SSE", "winddirDegree": "155", "WindGustKmph": "31", "WindGustMiles": "19", "windspeedKmph": "15", "windspeedMiles": "9" }, {"cloudcover": "63", "DewPointC": "23", "DewPointF": "73", "FeelsLikeC": "29", "FeelsLikeF": "83", "HeatIndexC": "29", "HeatIndexF": "83", "humidity": "81", "precipMM": "3.4", "pressure": "1007", "tempC": "24", "tempF": "75", "time": "800", "visibility": "8", "weatherCode": "299",  "weatherDesc": [ {"value": "Moderate rain at times" } ],  "weatherIconUrl": [ {"value": "http:\/\/cdn.worldweatheronline.net\/images\/wsymbols01_png_64\/wsymbol_0010_heavy_rain_showers.png" } ], "WindChillC": "26", "WindChillF": "79", "winddir16Point": "SSE", "winddirDegree": "151", "WindGustKmph": "18", "WindGustMiles": "11", "windspeedKmph": "14", "windspeedMiles": "9" }, {"cloudcover": "77", "DewPointC": "22", "DewPointF": "71", "FeelsLikeC": "30", "FeelsLikeF": "85", "HeatIndexC": "30", "HeatIndexF": "85", "humidity": "72", "precipMM": "1.8", "pressure": "1008", "tempC": "26", "tempF": "78", "time": "1100", "visibility": "9", "weatherCode": "296",  "weatherDesc": [ {"value": "Light rain" } ],  "weatherIconUrl": [ {"value": "http:\/\/cdn.worldweatheronline.net\/images\/wsymbols01_png_64\/wsymbol_0017_cloudy_with_light_rain.png" } ], "WindChillC": "27", "WindChillF": "81", "winddir16Point": "S", "winddirDegree": "172", "WindGustKmph": "17", "WindGustMiles": "11", "windspeedKmph": "15", "windspeedMiles": "9" }, {"cloudcover": "50", "DewPointC": "24", "DewPointF": "75", "FeelsLikeC": "34", "FeelsLikeF": "92", "HeatIndexC": "34", "HeatIndexF": "92", "humidity": "74", "precipMM": "2.1", "pressure": "1006", "tempC": "27", "tempF": "81", "time": "1400", "visibility": "9", "weatherCode": "293",  "weatherDesc": [ {"value": "Patchy light rain" } ],  "weatherIconUrl": [ {"value": "http:\/\/cdn.worldweatheronline.net\/images\/wsymbols01_png_64\/wsymbol_0017_cloudy_with_light_rain.png" } ], "WindChillC": "29", "WindChillF": "84", "winddir16Point": "S", "winddirDegree": "180", "WindGustKmph": "19", "WindGustMiles": "12", "windspeedKmph": "17", "windspeedMiles": "10" }, {"cloudcover": "44", "DewPointC": "24", "DewPointF": "76", "FeelsLikeC": "33", "FeelsLikeF": "91", "HeatIndexC": "33", "HeatIndexF": "91", "humidity": "79", "precipMM": "2.6", "pressure": "1006", "tempC": "27", "tempF": "80", "time": "1700", "visibility": "8", "weatherCode": "299",  "weatherDesc": [ {"value": "Moderate rain at times" } ],  "weatherIconUrl": [ {"value": "http:\/\/cdn.worldweatheronline.net\/images\/wsymbols01_png_64\/wsymbol_0010_heavy_rain_showers.png" } ], "WindChillC": "28", "WindChillF": "83", "winddir16Point": "S", "winddirDegree": "182", "WindGustKmph": "21", "WindGustMiles": "13", "windspeedKmph": "17", "windspeedMiles": "11" }, {"cloudcover": "42", "DewPointC": "22", "DewPointF": "72", "FeelsLikeC": "28", "FeelsLikeF": "82", "HeatIndexC": "28", "HeatIndexF": "82", "humidity": "83", "precipMM": "4.5", "pressure": "1007", "tempC": "25", "tempF": "78", "time": "2000", "visibility": "8", "weatherCode": "299",  "weatherDesc": [ {"value": "Moderate rain at times" } ],  "weatherIconUrl": [ {"value": "http:\/\/cdn.worldweatheronline.net\/images\/wsymbols01_png_64\/wsymbol_0026_heavy_rain_showers_night.png" } ], "WindChillC": "25", "WindChillF": "78", "winddir16Point": "SSE", "winddirDegree": "164", "WindGustKmph": "23", "WindGustMiles": "15", "windspeedKmph": "17", "windspeedMiles": "11" }, {"cloudcover": "33", "DewPointC": "20", "DewPointF": "68", "FeelsLikeC": "26", "FeelsLikeF": "79", "HeatIndexC": "26", "HeatIndexF": "79", "humidity": "77", "precipMM": "0.3", "pressure": "1008", "tempC": "24", "tempF": "76", "time": "2300", "visibility": "9", "weatherCode": "176",  "weatherDesc": [ {"value": "Patchy rain nearby" } ],  "weatherIconUrl": [ {"value": "http:\/\/cdn.worldweatheronline.net\/images\/wsymbols01_png_64\/wsymbol_0025_light_rain_showers_night.png" } ], "WindChillC": "24", "WindChillF": "76", "winddir16Point": "SSE", "winddirDegree": "162", "WindGustKmph": "35", "WindGustMiles": "22", "windspeedKmph": "17", "windspeedMiles": "11" } ], "maxtempC": "27", "maxtempF": "81", "mintempC": "23", "mintempF": "73" } ] }}