{ "data": { "request": [ {"query": "Lat 23.50 and Lon 120.42", "type": "LatLon" } ],  "weather": [ { "astronomy": [ {"moonrise": "01:49 AM", "moonset": "03:16 PM", "sunrise": "05:40 AM", "sunset": "06:16 PM" } ], "date": "2013-09-01",  "hourly": [ {"cloudcover": "82", "DewPointC": "22", "DewPointF": "71", "FeelsLikeC": "26", "FeelsLikeF": "78", "HeatIndexC": "26", "HeatIndexF": "78", "humidity": "91", "precipMM": "0.8", "pressure": "1006", "tempC": "23", "tempF": "74", "time": "200", "visibility": "9", "weatherCode": "296",  "weatherDesc": [ {"value": "Light rain" } ],  "weatherIconUrl": [ {"value": "http:\/\/cdn.worldweatheronline.net\/images\/wsymbols01_png_64\/wsymbol_0033_cloudy_with_light_rain_night.png" } ], "WindChillC": "23", "WindChillF": "74", "winddir16Point": "S", "winddirDegree": "187", "WindGustKmph": "18", "WindGustMiles": "11", "windspeedKmph": "11", "windspeedMiles": "7" }, {"cloudcover": "45", "DewPointC": "20", "DewPointF": "67", "FeelsLikeC": "21", "FeelsLikeF": "70", "HeatIndexC": "21", "HeatIndexF": "70", "humidity": "93", "precipMM": "1.3", "pressure": "1006", "tempC": "21", "tempF": "70", "time": "500", "visibility": "9", "weatherCode": "293",  "weatherDesc": [ {"value": "Patchy light rain" } ],  "weatherIconUrl": [ {"value": "http:\/\/cdn.worldweatheronline.net\/images\/wsymbols01_png_64\/wsymbol_0033_cloudy_with_light_rain_night.png" } ], "WindChillC": "21", "WindChillF": "70", "winddir16Point": "S", "winddirDegree": "189", "WindGustKmph": "23", "WindGustMiles": "14", "windspeedKmph": "11", "windspeedMiles": "7" }, {"cloudcover": "69", "DewPointC": "24", "DewPointF": "76", "FeelsLikeC": "29", "FeelsLikeF": "84", "HeatIndexC": "29", "HeatIndexF": "84", "humidity": "93", "precipMM": "5.5", "pressure": "1008", "tempC": "26", "tempF": "78", "time": "800", "visibility": "8", "weatherCode": "299",  "weatherDesc": [ {"value": "Moderate rain at times" } ],  "weatherIconUrl": [ {"value": "http:\/\/cdn.worldweatheronline.net\/images\/wsymbols01_png_64\/wsymbol_0010_heavy_rain_showers.png" } ], "WindChillC": "26", "WindChillF": "78", "winddir16Point": "SSE", "winddirDegree": "156", "WindGustKmph": "3", "WindGustMiles": "2", "windspeedKmph": "2", "windspeedMiles": "1" }, {"cloudcover": "75", "DewPointC": "24", "DewPointF": "75", "FeelsLikeC": "29", "FeelsLikeF": "84", "HeatIndexC": "29", "HeatIndexF": "84", "humidity": "92", "precipMM": "4.4", "pressure": "1009", "tempC": "26", "tempF": "78", "time": "1100", "visibility": "8", "weatherCode": "299",  "weatherDesc": [ {"value": "Moderate rain at times" } ],  "weatherIconUrl": [ {"value": "http:\/\/cdn.worldweatheronline.net\/images\/wsymbols01_png_64\/wsymbol_0010_heavy_rain_showers.png" } ], "WindChillC": "26", "WindChillF": "78", "winddir16Point": "NNW", "winddirDegree": "342", "WindGustKmph": "12", "WindGustMiles": "7", "windspeedKmph": "10", "windspeedMiles": "6" }, {"cloudcover": "45", "DewPointC": "25", "DewPointF": "77", "FeelsLikeC": "31", "FeelsLikeF": "88", "HeatIndexC": "31", "HeatIndexF": "88", "humidity": "88", "precipMM": "3.3", "pressure": "1008", "tempC": "27", "tempF": "81", "time": "1400", "visibility": "8", "weatherCode": "299",  "weatherDesc": [ {"value": "Moderate rain at times" } ],  "weatherIconUrl": [ {"value": "http:\/\/cdn.worldweatheronline.net\/images\/wsymbols01_png_64\/wsymbol_0010_heavy_rain_showers.png" } ], "WindChillC": "27", "WindChillF": "81", "winddir16Point": "N", "winddirDegree": "354", "WindGustKmph": "19", "WindGustMiles": "12", "windspeedKmph": "16", "windspeedMiles": "10" }, {"cloudcover": "11", "DewPointC": "24", "DewPointF": "75", "FeelsLikeC": "32", "FeelsLikeF": "90", "HeatIndexC": "32", "HeatIndexF": "90", "humidity": "79", "precipMM": "0.6", "pressure": "1009", "tempC": "28", "tempF": "83", "time": "1700", "visibility": "10", "weatherCode": "113",  "weatherDesc": [ {"value": "Sunny" } ],  "weatherIconUrl": [ {"value": "http:\/\/cdn.worldweatheronline.net\/images\/wsymbols01_png_64\/wsymbol_0001_sunny.png" } ], "WindChillC": "28", "WindChillF": "83", "winddir16Point": "NNW", "winddirDegree": "348", "WindGustKmph": "18", "WindGustMiles": "11", "windspeedKmph": "15", "windspeedMiles": "10" }, {"cloudcover": "5", "DewPointC": "22", "DewPointF": "72", "FeelsLikeC": "27", "FeelsLikeF": "80", "HeatIndexC": "27", "HeatIndexF": "80", "humidity": "86", "precipMM": "0.1", "pressure": "1010", "tempC": "25", "tempF": "76", "time": "2000", "visibility": "10", "weatherCode": "113",  "weatherDesc": [ {"value": "Clear" } ],  "weatherIconUrl": [ {"value": "http:\/\/cdn.worldweatheronline.net\/images\/wsymbols01_png_64\/wsymbol_0008_clear_sky_night.png" } ], "WindChillC": "25", "WindChillF": "76", "winddir16Point": "N", "winddirDegree": "358", "WindGustKmph": "14", "WindGustMiles": "9", "windspeedKmph": "10", "windspeedMiles": "6" }, {"cloudcover": "6", "DewPointC": "19", "DewPointF": "66", "FeelsLikeC": "21", "FeelsLikeF": "70", "HeatIndexC": "24", "HeatIndexF": "76", "humidity": "86", "precipMM": "0.0", "pressure": "1011", "tempC": "21", "tempF": "70", "time": "2300", "visibility": "10", "weatherCode": "113",  "weatherDesc": [ {"value": "Clear" } ],  "weatherIconUrl": [ {"value": "http:\/\/cdn.worldweatheronline.net\/images\/wsymbols01_png_64\/wsymbol_0008_clear_sky_night.png" } ], "WindChillC": "21", "WindChillF": "70", "winddir16Point": "N", "winddirDegree": "9", "WindGustKmph": "18", "WindGustMiles": "11", "windspeedKmph": "9", "windspeedMiles": "5" } ], "maxtempC": "28", "maxtempF": "83", "mintempC": "21", "mintempF": "70" } ] }}