{ "data": { "request": [ {"query": "Lat 23.50 and Lon 120.42", "type": "LatLon" } ],  "weather": [ { "astronomy": [ {"moonrise": "11:37 AM", "moonset": "11:52 PM", "sunrise": "06:28 AM", "sunset": "05:13 PM" } ], "date": "2013-12-09",  "hourly": [ {"cloudcover": "10", "DewPointC": "13", "DewPointF": "56", "FeelsLikeC": "16", "FeelsLikeF": "60", "HeatIndexC": "16", "HeatIndexF": "60", "humidity": "87", "precipMM": "0.0", "pressure": "1013", "tempC": "16", "tempF": "60", "time": "200", "visibility": "10", "weatherCode": "113",  "weatherDesc": [ {"value": "Clear" } ],  "weatherIconUrl": [ {"value": "http:\/\/cdn.worldweatheronline.net\/images\/wsymbols01_png_64\/wsymbol_0008_clear_sky_night.png" } ], "WindChillC": "16", "WindChillF": "60", "winddir16Point": "NE", "winddirDegree": "47", "WindGustKmph": "12", "WindGustMiles": "8", "windspeedKmph": "6", "windspeedMiles": "4" }, {"cloudcover": "17", "DewPointC": "12", "DewPointF": "54", "FeelsLikeC": "15", "FeelsLikeF": "59", "HeatIndexC": "15", "HeatIndexF": "59", "humidity": "83", "precipMM": "0.0", "pressure": "1013", "tempC": "15", "tempF": "59", "time": "500", "visibility": "10", "weatherCode": "113",  "weatherDesc": [ {"value": "Clear" } ],  "weatherIconUrl": [ {"value": "http:\/\/cdn.worldweatheronline.net\/images\/wsymbols01_png_64\/wsymbol_0008_clear_sky_night.png" } ], "WindChillC": "15", "WindChillF": "59", "winddir16Point": "ENE", "winddirDegree": "69", "WindGustKmph": "12", "WindGustMiles": "8", "windspeedKmph": "6", "windspeedMiles": "4" }, {"cloudcover": "29", "DewPointC": "14", "DewPointF": "57", "FeelsLikeC": "20", "FeelsLikeF": "67", "HeatIndexC": "20", "HeatIndexF": "67", "humidity": "70", "precipMM": "0.1", "pressure": "1014", "tempC": "20", "tempF": "67", "time": "800", "visibility": "10", "weatherCode": "116",  "weatherDesc": [ {"value": "Partly Cloudy" } ],  "weatherIconUrl": [ {"value": "http:\/\/cdn.worldweatheronline.net\/images\/wsymbols01_png_64\/wsymbol_0002_sunny_intervals.png" } ], "WindChillC": "20", "WindChillF": "67", "winddir16Point": "NNE", "winddirDegree": "16", "WindGustKmph": "22", "WindGustMiles": "14", "windspeedKmph": "13", "windspeedMiles": "8" }, {"cloudcover": "20", "DewPointC": "17", "DewPointF": "63", "FeelsLikeC": "27", "FeelsLikeF": "81", "HeatIndexC": "27", "HeatIndexF": "81", "humidity": "58", "precipMM": "0.0", "pressure": "1014", "tempC": "26", "tempF": "79", "time": "1100", "visibility": "10", "weatherCode": "113",  "weatherDesc": [ {"value": "Sunny" } ],  "weatherIconUrl": [ {"value": "http:\/\/cdn.worldweatheronline.net\/images\/wsymbols01_png_64\/wsymbol_0001_sunny.png" } ], "WindChillC": "26", "WindChillF": "79", "winddir16Point": "N", "winddirDegree": "9", "WindGustKmph": "17", "WindGustMiles": "10", "windspeedKmph": "14", "windspeedMiles": "9" }, {"cloudcover": "10", "DewPointC": "17", "DewPointF": "62", "FeelsLikeC": "28", "FeelsLikeF": "82", "HeatIndexC": "28", "HeatIndexF": "82", "humidity": "54", "precipMM": "0.0", "pressure": "1012", "tempC": "27", "tempF": "80", "time": "1400", "visibility": "10", "weatherCode": "113",  "weatherDesc": [ {"value": "Sunny" } ],  "weatherIconUrl": [ {"value": "http:\/\/cdn.worldweatheronline.net\/images\/wsymbols01_png_64\/wsymbol_0001_sunny.png" } ], "WindChillC": "27", "WindChillF": "80", "winddir16Point": "N", "winddirDegree": "356", "WindGustKmph": "19", "WindGustMiles": "12", "windspeedKmph": "16", "windspeedMiles": "10" }, {"cloudcover": "7", "DewPointC": "16", "DewPointF": "61", "FeelsLikeC": "25", "FeelsLikeF": "77", "HeatIndexC": "25", "HeatIndexF": "77", "humidity": "65", "precipMM": "0.0", "pressure": "1012", "tempC": "23", "tempF": "73", "time": "1700", "visibility": "10", "weatherCode": "113",  "weatherDesc": [ {"value": "Sunny" } ],  "weatherIconUrl": [ {"value": "http:\/\/cdn.worldweatheronline.net\/images\/wsymbols01_png_64\/wsymbol_0001_sunny.png" } ], "WindChillC": "23", "WindChillF": "73", "winddir16Point": "N", "winddirDegree": "9", "WindGustKmph": "21", "WindGustMiles": "13", "windspeedKmph": "18", "windspeedMiles": "11" }, {"cloudcover": "2", "DewPointC": "11", "DewPointF": "51", "FeelsLikeC": "16", "FeelsLikeF": "62", "HeatIndexC": "16", "HeatIndexF": "62", "humidity": "68", "precipMM": "0.0", "pressure": "1013", "tempC": "16", "tempF": "62", "time": "2000", "visibility": "10", "weatherCode": "113",  "weatherDesc": [ {"value": "Clear" } ],  "weatherIconUrl": [ {"value": "http:\/\/cdn.worldweatheronline.net\/images\/wsymbols01_png_64\/wsymbol_0008_clear_sky_night.png" } ], "WindChillC": "16", "WindChillF": "62", "winddir16Point": "NE", "winddirDegree": "40", "WindGustKmph": "33", "WindGustMiles": "21", "windspeedKmph": "16", "windspeedMiles": "10" }, {"cloudcover": "1", "DewPointC": "11", "DewPointF": "52", "FeelsLikeC": "15", "FeelsLikeF": "60", "HeatIndexC": "15", "HeatIndexF": "60", "humidity": "76", "precipMM": "0.0", "pressure": "1015", "tempC": "15", "tempF": "60", "time": "2300", "visibility": "10", "weatherCode": "113",  "weatherDesc": [ {"value": "Clear" } ],  "weatherIconUrl": [ {"value": "http:\/\/cdn.worldweatheronline.net\/images\/wsymbols01_png_64\/wsymbol_0008_clear_sky_night.png" } ], "WindChillC": "15", "WindChillF": "60", "winddir16Point": "NNE", "winddirDegree": "27", "WindGustKmph": "20", "WindGustMiles": "12", "windspeedKmph": "9", "windspeedMiles": "6" } ], "maxtempC": "27", "maxtempF": "80", "mintempC": "15", "mintempF": "59" } ] }}