{ "data": { "request": [ {"query": "Lat 23.50 and Lon 120.42", "type": "LatLon" } ],  "weather": [ { "astronomy": [ {"moonrise": "06:34 PM", "moonset": "04:45 AM", "sunrise": "05:13 AM", "sunset": "06:48 PM" } ], "date": "2013-06-23",  "hourly": [ {"cloudcover": "13", "DewPointC": "23", "DewPointF": "73", "FeelsLikeC": "29", "FeelsLikeF": "83", "HeatIndexC": "29", "HeatIndexF": "83", "humidity": "83", "precipMM": "0.4", "pressure": "1009", "tempC": "26", "tempF": "78", "time": "200", "visibility": "9", "weatherCode": "176",  "weatherDesc": [ {"value": "Patchy rain nearby" } ],  "weatherIconUrl": [ {"value": "http:\/\/cdn.worldweatheronline.net\/images\/wsymbols01_png_64\/wsymbol_0025_light_rain_showers_night.png" } ], "WindChillC": "26", "WindChillF": "78", "winddir16Point": "SW", "winddirDegree": "226", "WindGustKmph": "6", "WindGustMiles": "4", "windspeedKmph": "3", "windspeedMiles": "2" }, {"cloudcover": "13", "DewPointC": "21", "DewPointF": "70", "FeelsLikeC": "26", "FeelsLikeF": "79", "HeatIndexC": "26", "HeatIndexF": "79", "humidity": "85", "precipMM": "0.0", "pressure": "1008", "tempC": "24", "tempF": "75", "time": "500", "visibility": "10", "weatherCode": "113",  "weatherDesc": [ {"value": "Clear" } ],  "weatherIconUrl": [ {"value": "http:\/\/cdn.worldweatheronline.net\/images\/wsymbols01_png_64\/wsymbol_0008_clear_sky_night.png" } ], "WindChillC": "24", "WindChillF": "75", "winddir16Point": "SSE", "winddirDegree": "159", "WindGustKmph": "7", "WindGustMiles": "4", "windspeedKmph": "3", "windspeedMiles": "2" }, {"cloudcover": "14", "DewPointC": "22", "DewPointF": "72", "FeelsLikeC": "34", "FeelsLikeF": "92", "HeatIndexC": "34", "HeatIndexF": "92", "humidity": "64", "precipMM": "0.0", "pressure": "1008", "tempC": "28", "tempF": "82", "time": "800", "visibility": "10", "weatherCode": "113",  "weatherDesc": [ {"value": "Sunny" } ],  "weatherIconUrl": [ {"value": "http:\/\/cdn.worldweatheronline.net\/images\/wsymbols01_png_64\/wsymbol_0001_sunny.png" } ], "WindChillC": "30", "WindChillF": "86", "winddir16Point": "SSW", "winddirDegree": "191", "WindGustKmph": "8", "WindGustMiles": "5", "windspeedKmph": "7", "windspeedMiles": "4" }, {"cloudcover": "15", "DewPointC": "24", "DewPointF": "75", "FeelsLikeC": "42", "FeelsLikeF": "107", "HeatIndexC": "42", "HeatIndexF": "107", "humidity": "55", "precipMM": "0.1", "pressure": "1009", "tempC": "34", "tempF": "92", "time": "1100", "visibility": "10", "weatherCode": "113",  "weatherDesc": [ {"value": "Sunny" } ],  "weatherIconUrl": [ {"value": "http:\/\/cdn.worldweatheronline.net\/images\/wsymbols01_png_64\/wsymbol_0001_sunny.png" } ], "WindChillC": "34", "WindChillF": "94", "winddir16Point": "SW", "winddirDegree": "216", "WindGustKmph": "27", "WindGustMiles": "17", "windspeedKmph": "23", "windspeedMiles": "14" }, {"cloudcover": "15", "DewPointC": "24", "DewPointF": "76", "FeelsLikeC": "41", "FeelsLikeF": "106", "HeatIndexC": "41", "HeatIndexF": "106", "humidity": "58", "precipMM": "1.1", "pressure": "1008", "tempC": "33", "tempF": "92", "time": "1400", "visibility": "9", "weatherCode": "176",  "weatherDesc": [ {"value": "Patchy rain nearby" } ],  "weatherIconUrl": [ {"value": "http:\/\/cdn.worldweatheronline.net\/images\/wsymbols01_png_64\/wsymbol_0009_light_rain_showers.png" } ], "WindChillC": "34", "WindChillF": "93", "winddir16Point": "SW", "winddirDegree": "215", "WindGustKmph": "36", "WindGustMiles": "22", "windspeedKmph": "27", "windspeedMiles": "17" }, {"cloudcover": "14", "DewPointC": "25", "DewPointF": "76", "FeelsLikeC": "38", "FeelsLikeF": "100", "HeatIndexC": "38", "HeatIndexF": "100", "humidity": "67", "precipMM": "1.7", "pressure": "1007", "tempC": "31", "tempF": "87", "time": "1700", "visibility": "9", "weatherCode": "176",  "weatherDesc": [ {"value": "Patchy rain nearby" } ],  "weatherIconUrl": [ {"value": "http:\/\/cdn.worldweatheronline.net\/images\/wsymbols01_png_64\/wsymbol_0009_light_rain_showers.png" } ], "WindChillC": "32", "WindChillF": "89", "winddir16Point": "SSW", "winddirDegree": "212", "WindGustKmph": "41", "WindGustMiles": "26", "windspeedKmph": "29", "windspeedMiles": "18" }, {"cloudcover": "13", "DewPointC": "22", "DewPointF": "72", "FeelsLikeC": "30", "FeelsLikeF": "86", "HeatIndexC": "30", "HeatIndexF": "86", "humidity": "75", "precipMM": "0.4", "pressure": "1008", "tempC": "27", "tempF": "81", "time": "2000", "visibility": "9", "weatherCode": "176",  "weatherDesc": [ {"value": "Patchy rain nearby" } ],  "weatherIconUrl": [ {"value": "http:\/\/cdn.worldweatheronline.net\/images\/wsymbols01_png_64\/wsymbol_0025_light_rain_showers_night.png" } ], "WindChillC": "27", "WindChillF": "81", "winddir16Point": "SSW", "winddirDegree": "192", "WindGustKmph": "25", "WindGustMiles": "15", "windspeedKmph": "18", "windspeedMiles": "11" }, {"cloudcover": "12", "DewPointC": "21", "DewPointF": "70", "FeelsLikeC": "28", "FeelsLikeF": "83", "HeatIndexC": "28", "HeatIndexF": "83", "humidity": "75", "precipMM": "0.0", "pressure": "1009", "tempC": "26", "tempF": "79", "time": "2300", "visibility": "10", "weatherCode": "113",  "weatherDesc": [ {"value": "Clear" } ],  "weatherIconUrl": [ {"value": "http:\/\/cdn.worldweatheronline.net\/images\/wsymbols01_png_64\/wsymbol_0008_clear_sky_night.png" } ], "WindChillC": "26", "WindChillF": "79", "winddir16Point": "S", "winddirDegree": "180", "WindGustKmph": "24", "WindGustMiles": "15", "windspeedKmph": "14", "windspeedMiles": "9" } ], "maxtempC": "34", "maxtempF": "92", "mintempC": "24", "mintempF": "75" } ] }}