{ "data": { "request": [ {"query": "Lat 23.50 and Lon 120.42", "type": "LatLon" } ],  "weather": [ { "astronomy": [ {"moonrise": "05:00 PM", "moonset": "05:38 AM", "sunrise": "06:41 AM", "sunset": "05:41 PM" } ], "date": "2013-01-26",  "hourly": [ {"cloudcover": "6", "DewPointC": "9", "DewPointF": "48", "FeelsLikeC": "12", "FeelsLikeF": "54", "HeatIndexC": "12", "HeatIndexF": "54", "humidity": "82", "precipMM": "0.0", "pressure": "1018", "tempC": "12", "tempF": "54", "time": "200", "visibility": "10", "weatherCode": "113",  "weatherDesc": [ {"value": "Clear" } ],  "weatherIconUrl": [ {"value": "http:\/\/cdn.worldweatheronline.net\/images\/wsymbols01_png_64\/wsymbol_0008_clear_sky_night.png" } ], "WindChillC": "12", "WindChillF": "54", "winddir16Point": "NE", "winddirDegree": "35", "WindGustKmph": "10", "WindGustMiles": "6", "windspeedKmph": "5", "windspeedMiles": "3" }, {"cloudcover": "3", "DewPointC": "8", "DewPointF": "47", "FeelsLikeC": "12", "FeelsLikeF": "53", "HeatIndexC": "12", "HeatIndexF": "53", "humidity": "78", "precipMM": "0.0", "pressure": "1017", "tempC": "12", "tempF": "53", "time": "500", "visibility": "10", "weatherCode": "113",  "weatherDesc": [ {"value": "Clear" } ],  "weatherIconUrl": [ {"value": "http:\/\/cdn.worldweatheronline.net\/images\/wsymbols01_png_64\/wsymbol_0008_clear_sky_night.png" } ], "WindChillC": "12", "WindChillF": "53", "winddir16Point": "ENE", "winddirDegree": "74", "WindGustKmph": "12", "WindGustMiles": "8", "windspeedKmph": "6", "windspeedMiles": "4" }, {"cloudcover": "3", "DewPointC": "10", "DewPointF": "50", "FeelsLikeC": "17", "FeelsLikeF": "62", "HeatIndexC": "17", "HeatIndexF": "62", "humidity": "65", "precipMM": "0.0", "pressure": "1019", "tempC": "16", "tempF": "60", "time": "800", "visibility": "10", "weatherCode": "113",  "weatherDesc": [ {"value": "Sunny" } ],  "weatherIconUrl": [ {"value": "http:\/\/cdn.worldweatheronline.net\/images\/wsymbols01_png_64\/wsymbol_0001_sunny.png" } ], "WindChillC": "17", "WindChillF": "62", "winddir16Point": "NNE", "winddirDegree": "26", "WindGustKmph": "8", "WindGustMiles": "5", "windspeedKmph": "5", "windspeedMiles": "3" }, {"cloudcover": "4", "DewPointC": "10", "DewPointF": "49", "FeelsLikeC": "21", "FeelsLikeF": "70", "HeatIndexC": "24", "HeatIndexF": "76", "humidity": "48", "precipMM": "0.0", "pressure": "1019", "tempC": "20", "tempF": "67", "time": "1100", "visibility": "10", "weatherCode": "113",  "weatherDesc": [ {"value": "Sunny" } ],  "weatherIconUrl": [ {"value": "http:\/\/cdn.worldweatheronline.net\/images\/wsymbols01_png_64\/wsymbol_0001_sunny.png" } ], "WindChillC": "21", "WindChillF": "70", "winddir16Point": "NNW", "winddirDegree": "342", "WindGustKmph": "14", "WindGustMiles": "9", "windspeedKmph": "12", "windspeedMiles": "7" }, {"cloudcover": "8", "DewPointC": "11", "DewPointF": "52", "FeelsLikeC": "23", "FeelsLikeF": "73", "HeatIndexC": "25", "HeatIndexF": "76", "humidity": "49", "precipMM": "0.0", "pressure": "1017", "tempC": "22", "tempF": "71", "time": "1400", "visibility": "10", "weatherCode": "113",  "weatherDesc": [ {"value": "Sunny" } ],  "weatherIconUrl": [ {"value": "http:\/\/cdn.worldweatheronline.net\/images\/wsymbols01_png_64\/wsymbol_0001_sunny.png" } ], "WindChillC": "23", "WindChillF": "73", "winddir16Point": "NNW", "winddirDegree": "332", "WindGustKmph": "17", "WindGustMiles": "11", "windspeedKmph": "15", "windspeedMiles": "9" }, {"cloudcover": "7", "DewPointC": "12", "DewPointF": "53", "FeelsLikeC": "20", "FeelsLikeF": "68", "HeatIndexC": "20", "HeatIndexF": "68", "humidity": "59", "precipMM": "0.0", "pressure": "1017", "tempC": "19", "tempF": "66", "time": "1700", "visibility": "10", "weatherCode": "113",  "weatherDesc": [ {"value": "Sunny" } ],  "weatherIconUrl": [ {"value": "http:\/\/cdn.worldweatheronline.net\/images\/wsymbols01_png_64\/wsymbol_0001_sunny.png" } ], "WindChillC": "20", "WindChillF": "68", "winddir16Point": "N", "winddirDegree": "357", "WindGustKmph": "17", "WindGustMiles": "11", "windspeedKmph": "15", "windspeedMiles": "9" }, {"cloudcover": "5", "DewPointC": "8", "DewPointF": "47", "FeelsLikeC": "14", "FeelsLikeF": "58", "HeatIndexC": "15", "HeatIndexF": "59", "humidity": "66", "precipMM": "0.0", "pressure": "1019", "tempC": "15", "tempF": "59", "time": "2000", "visibility": "10", "weatherCode": "113",  "weatherDesc": [ {"value": "Clear" } ],  "weatherIconUrl": [ {"value": "http:\/\/cdn.worldweatheronline.net\/images\/wsymbols01_png_64\/wsymbol_0008_clear_sky_night.png" } ], "WindChillC": "14", "WindChillF": "58", "winddir16Point": "NE", "winddirDegree": "41", "WindGustKmph": "23", "WindGustMiles": "14", "windspeedKmph": "11", "windspeedMiles": "7" }, {"cloudcover": "4", "DewPointC": "7", "DewPointF": "45", "FeelsLikeC": "12", "FeelsLikeF": "54", "HeatIndexC": "13", "HeatIndexF": "55", "humidity": "69", "precipMM": "0.0", "pressure": "1019", "tempC": "13", "tempF": "55", "time": "2300", "visibility": "10", "weatherCode": "113",  "weatherDesc": [ {"value": "Clear" } ],  "weatherIconUrl": [ {"value": "http:\/\/cdn.worldweatheronline.net\/images\/wsymbols01_png_64\/wsymbol_0008_clear_sky_night.png" } ], "WindChillC": "12", "WindChillF": "54", "winddir16Point": "NE", "winddirDegree": "45", "WindGustKmph": "15", "WindGustMiles": "9", "windspeedKmph": "7", "windspeedMiles": "4" } ], "maxtempC": "22", "maxtempF": "71", "mintempC": "12", "mintempF": "53" } ] }}