{ "data": { "request": [ {"query": "Lat 23.50 and Lon 120.42", "type": "LatLon" } ],  "weather": [ { "astronomy": [ {"moonrise": "08:30 PM", "moonset": "08:31 AM", "sunrise": "05:38 AM", "sunset": "06:23 PM" } ], "date": "2013-08-24",  "hourly": [ {"cloudcover": "47", "DewPointC": "21", "DewPointF": "70", "FeelsLikeC": "27", "FeelsLikeF": "81", "HeatIndexC": "27", "HeatIndexF": "81", "humidity": "78", "precipMM": "0.2", "pressure": "1007", "tempC": "25", "tempF": "77", "time": "200", "visibility": "5", "weatherCode": "263",  "weatherDesc": [ {"value": "Patchy light drizzle" } ],  "weatherIconUrl": [ {"value": "http:\/\/cdn.worldweatheronline.net\/images\/wsymbols01_png_64\/wsymbol_0025_light_rain_showers_night.png" } ], "WindChillC": "25", "WindChillF": "77", "winddir16Point": "S", "winddirDegree": "171", "WindGustKmph": "22", "WindGustMiles": "13", "windspeedKmph": "11", "windspeedMiles": "7" }, {"cloudcover": "45", "DewPointC": "19", "DewPointF": "67", "FeelsLikeC": "26", "FeelsLikeF": "78", "HeatIndexC": "26", "HeatIndexF": "78", "humidity": "77", "precipMM": "0.3", "pressure": "1007", "tempC": "24", "tempF": "75", "time": "500", "visibility": "5", "weatherCode": "263",  "weatherDesc": [ {"value": "Patchy light drizzle" } ],  "weatherIconUrl": [ {"value": "http:\/\/cdn.worldweatheronline.net\/images\/wsymbols01_png_64\/wsymbol_0025_light_rain_showers_night.png" } ], "WindChillC": "24", "WindChillF": "75", "winddir16Point": "SSE", "winddirDegree": "154", "WindGustKmph": "23", "WindGustMiles": "14", "windspeedKmph": "11", "windspeedMiles": "7" }, {"cloudcover": "42", "DewPointC": "22", "DewPointF": "72", "FeelsLikeC": "30", "FeelsLikeF": "87", "HeatIndexC": "30", "HeatIndexF": "87", "humidity": "72", "precipMM": "0.2", "pressure": "1008", "tempC": "28", "tempF": "82", "time": "800", "visibility": "5", "weatherCode": "263",  "weatherDesc": [ {"value": "Patchy light drizzle" } ],  "weatherIconUrl": [ {"value": "http:\/\/cdn.worldweatheronline.net\/images\/wsymbols01_png_64\/wsymbol_0009_light_rain_showers.png" } ], "WindChillC": "28", "WindChillF": "82", "winddir16Point": "S", "winddirDegree": "188", "WindGustKmph": "21", "WindGustMiles": "13", "windspeedKmph": "14", "windspeedMiles": "9" }, {"cloudcover": "28", "DewPointC": "26", "DewPointF": "78", "FeelsLikeC": "42", "FeelsLikeF": "107", "HeatIndexC": "42", "HeatIndexF": "107", "humidity": "65", "precipMM": "1.3", "pressure": "1008", "tempC": "33", "tempF": "92", "time": "1100", "visibility": "9", "weatherCode": "176",  "weatherDesc": [ {"value": "Patchy rain nearby" } ],  "weatherIconUrl": [ {"value": "http:\/\/cdn.worldweatheronline.net\/images\/wsymbols01_png_64\/wsymbol_0009_light_rain_showers.png" } ], "WindChillC": "33", "WindChillF": "92", "winddir16Point": "SW", "winddirDegree": "226", "WindGustKmph": "27", "WindGustMiles": "17", "windspeedKmph": "20", "windspeedMiles": "12" }, {"cloudcover": "46", "DewPointC": "25", "DewPointF": "77", "FeelsLikeC": "38", "FeelsLikeF": "101", "HeatIndexC": "38", "HeatIndexF": "101", "humidity": "68", "precipMM": "2.7", "pressure": "1007", "tempC": "32", "tempF": "89", "time": "1400", "visibility": "7", "weatherCode": "356",  "weatherDesc": [ {"value": "Moderate or heavy rain shower" } ],  "weatherIconUrl": [ {"value": "http:\/\/cdn.worldweatheronline.net\/images\/wsymbols01_png_64\/wsymbol_0010_heavy_rain_showers.png" } ], "WindChillC": "32", "WindChillF": "89", "winddir16Point": "SW", "winddirDegree": "228", "WindGustKmph": "30", "WindGustMiles": "19", "windspeedKmph": "20", "windspeedMiles": "12" }, {"cloudcover": "49", "DewPointC": "27", "DewPointF": "80", "FeelsLikeC": "40", "FeelsLikeF": "103", "HeatIndexC": "40", "HeatIndexF": "103", "humidity": "79", "precipMM": "3.7", "pressure": "1006", "tempC": "31", "tempF": "88", "time": "1700", "visibility": "7", "weatherCode": "356",  "weatherDesc": [ {"value": "Moderate or heavy rain shower" } ],  "weatherIconUrl": [ {"value": "http:\/\/cdn.worldweatheronline.net\/images\/wsymbols01_png_64\/wsymbol_0010_heavy_rain_showers.png" } ], "WindChillC": "31", "WindChillF": "88", "winddir16Point": "SW", "winddirDegree": "233", "WindGustKmph": "15", "WindGustMiles": "10", "windspeedKmph": "10", "windspeedMiles": "6" }, {"cloudcover": "24", "DewPointC": "23", "DewPointF": "74", "FeelsLikeC": "30", "FeelsLikeF": "86", "HeatIndexC": "30", "HeatIndexF": "86", "humidity": "82", "precipMM": "1.3", "pressure": "1008", "tempC": "27", "tempF": "80", "time": "2000", "visibility": "9", "weatherCode": "176",  "weatherDesc": [ {"value": "Patchy rain nearby" } ],  "weatherIconUrl": [ {"value": "http:\/\/cdn.worldweatheronline.net\/images\/wsymbols01_png_64\/wsymbol_0025_light_rain_showers_night.png" } ], "WindChillC": "27", "WindChillF": "80", "winddir16Point": "SSW", "winddirDegree": "213", "WindGustKmph": "6", "WindGustMiles": "4", "windspeedKmph": "4", "windspeedMiles": "3" }, {"cloudcover": "22", "DewPointC": "22", "DewPointF": "71", "FeelsLikeC": "28", "FeelsLikeF": "82", "HeatIndexC": "28", "HeatIndexF": "82", "humidity": "81", "precipMM": "0.2", "pressure": "1009", "tempC": "25", "tempF": "78", "time": "2300", "visibility": "9", "weatherCode": "176",  "weatherDesc": [ {"value": "Patchy rain nearby" } ],  "weatherIconUrl": [ {"value": "http:\/\/cdn.worldweatheronline.net\/images\/wsymbols01_png_64\/wsymbol_0025_light_rain_showers_night.png" } ], "WindChillC": "25", "WindChillF": "78", "winddir16Point": "SW", "winddirDegree": "222", "WindGustKmph": "9", "WindGustMiles": "6", "windspeedKmph": "5", "windspeedMiles": "3" } ], "maxtempC": "33", "maxtempF": "92", "mintempC": "24", "mintempF": "75" } ] }}