{ "data": { "request": [ {"query": "Lat 23.50 and Lon 120.42", "type": "LatLon" } ],  "weather": [ { "astronomy": [ {"moonrise": "12:55 PM", "moonset": "12:00 AM", "sunrise": "06:10 AM", "sunset": "05:15 PM" } ], "date": "2013-11-11",  "hourly": [ {"cloudcover": "19", "DewPointC": "18", "DewPointF": "65", "FeelsLikeC": "21", "FeelsLikeF": "70", "HeatIndexC": "21", "HeatIndexF": "70", "humidity": "84", "precipMM": "0.0", "pressure": "1016", "tempC": "21", "tempF": "70", "time": "200", "visibility": "10", "weatherCode": "113",  "weatherDesc": [ {"value": "Clear" } ],  "weatherIconUrl": [ {"value": "http:\/\/cdn.worldweatheronline.net\/images\/wsymbols01_png_64\/wsymbol_0008_clear_sky_night.png" } ], "WindChillC": "21", "WindChillF": "70", "winddir16Point": "NE", "winddirDegree": "46", "WindGustKmph": "5", "WindGustMiles": "3", "windspeedKmph": "3", "windspeedMiles": "2" }, {"cloudcover": "16", "DewPointC": "19", "DewPointF": "65", "FeelsLikeC": "21", "FeelsLikeF": "70", "HeatIndexC": "21", "HeatIndexF": "70", "humidity": "86", "precipMM": "0.0", "pressure": "1016", "tempC": "21", "tempF": "70", "time": "500", "visibility": "10", "weatherCode": "113",  "weatherDesc": [ {"value": "Clear" } ],  "weatherIconUrl": [ {"value": "http:\/\/cdn.worldweatheronline.net\/images\/wsymbols01_png_64\/wsymbol_0008_clear_sky_night.png" } ], "WindChillC": "21", "WindChillF": "70", "winddir16Point": "NE", "winddirDegree": "47", "WindGustKmph": "10", "WindGustMiles": "6", "windspeedKmph": "5", "windspeedMiles": "3" }, {"cloudcover": "23", "DewPointC": "20", "DewPointF": "68", "FeelsLikeC": "27", "FeelsLikeF": "81", "HeatIndexC": "27", "HeatIndexF": "81", "humidity": "71", "precipMM": "0.0", "pressure": "1017", "tempC": "26", "tempF": "78", "time": "800", "visibility": "10", "weatherCode": "113",  "weatherDesc": [ {"value": "Sunny" } ],  "weatherIconUrl": [ {"value": "http:\/\/cdn.worldweatheronline.net\/images\/wsymbols01_png_64\/wsymbol_0001_sunny.png" } ], "WindChillC": "26", "WindChillF": "78", "winddir16Point": "NE", "winddirDegree": "39", "WindGustKmph": "6", "WindGustMiles": "4", "windspeedKmph": "4", "windspeedMiles": "3" }, {"cloudcover": "15", "DewPointC": "23", "DewPointF": "73", "FeelsLikeC": "34", "FeelsLikeF": "92", "HeatIndexC": "34", "HeatIndexF": "92", "humidity": "68", "precipMM": "0.0", "pressure": "1016", "tempC": "30", "tempF": "85", "time": "1100", "visibility": "10", "weatherCode": "113",  "weatherDesc": [ {"value": "Sunny" } ],  "weatherIconUrl": [ {"value": "http:\/\/cdn.worldweatheronline.net\/images\/wsymbols01_png_64\/wsymbol_0001_sunny.png" } ], "WindChillC": "30", "WindChillF": "85", "winddir16Point": "NW", "winddirDegree": "325", "WindGustKmph": "12", "WindGustMiles": "7", "windspeedKmph": "10", "windspeedMiles": "6" }, {"cloudcover": "11", "DewPointC": "23", "DewPointF": "73", "FeelsLikeC": "36", "FeelsLikeF": "96", "HeatIndexC": "36", "HeatIndexF": "96", "humidity": "62", "precipMM": "0.1", "pressure": "1014", "tempC": "31", "tempF": "88", "time": "1400", "visibility": "10", "weatherCode": "113",  "weatherDesc": [ {"value": "Sunny" } ],  "weatherIconUrl": [ {"value": "http:\/\/cdn.worldweatheronline.net\/images\/wsymbols01_png_64\/wsymbol_0001_sunny.png" } ], "WindChillC": "31", "WindChillF": "88", "winddir16Point": "NW", "winddirDegree": "309", "WindGustKmph": "15", "WindGustMiles": "9", "windspeedKmph": "13", "windspeedMiles": "8" }, {"cloudcover": "27", "DewPointC": "22", "DewPointF": "72", "FeelsLikeC": "31", "FeelsLikeF": "89", "HeatIndexC": "31", "HeatIndexF": "89", "humidity": "71", "precipMM": "0.1", "pressure": "1015", "tempC": "28", "tempF": "83", "time": "1700", "visibility": "10", "weatherCode": "116",  "weatherDesc": [ {"value": "Partly Cloudy" } ],  "weatherIconUrl": [ {"value": "http:\/\/cdn.worldweatheronline.net\/images\/wsymbols01_png_64\/wsymbol_0002_sunny_intervals.png" } ], "WindChillC": "28", "WindChillF": "83", "winddir16Point": "NW", "winddirDegree": "322", "WindGustKmph": "14", "WindGustMiles": "9", "windspeedKmph": "12", "windspeedMiles": "8" }, {"cloudcover": "24", "DewPointC": "18", "DewPointF": "65", "FeelsLikeC": "25", "FeelsLikeF": "77", "HeatIndexC": "25", "HeatIndexF": "77", "humidity": "74", "precipMM": "0.0", "pressure": "1016", "tempC": "23", "tempF": "74", "time": "2000", "visibility": "10", "weatherCode": "113",  "weatherDesc": [ {"value": "Clear" } ],  "weatherIconUrl": [ {"value": "http:\/\/cdn.worldweatheronline.net\/images\/wsymbols01_png_64\/wsymbol_0008_clear_sky_night.png" } ], "WindChillC": "23", "WindChillF": "74", "winddir16Point": "NNW", "winddirDegree": "344", "WindGustKmph": "12", "WindGustMiles": "8", "windspeedKmph": "6", "windspeedMiles": "4" }, {"cloudcover": "54", "DewPointC": "17", "DewPointF": "63", "FeelsLikeC": "25", "FeelsLikeF": "76", "HeatIndexC": "25", "HeatIndexF": "76", "humidity": "74", "precipMM": "0.0", "pressure": "1015", "tempC": "22", "tempF": "72", "time": "2300", "visibility": "10", "weatherCode": "116",  "weatherDesc": [ {"value": "Partly Cloudy" } ],  "weatherIconUrl": [ {"value": "http:\/\/cdn.worldweatheronline.net\/images\/wsymbols01_png_64\/wsymbol_0004_black_low_cloud.png" } ], "WindChillC": "22", "WindChillF": "72", "winddir16Point": "NNW", "winddirDegree": "345", "WindGustKmph": "8", "WindGustMiles": "5", "windspeedKmph": "4", "windspeedMiles": "2" } ], "maxtempC": "31", "maxtempF": "88", "mintempC": "21", "mintempF": "70" } ] }}