{ "data": { "request": [ {"query": "Lat 23.50 and Lon 120.42", "type": "LatLon" } ],  "weather": [ { "astronomy": [ {"moonrise": "05:42 PM", "moonset": "05:16 AM", "sunrise": "05:46 AM", "sunset": "05:58 PM" } ], "date": "2013-09-19",  "hourly": [ {"cloudcover": "17", "DewPointC": "18", "DewPointF": "65", "FeelsLikeC": "26", "FeelsLikeF": "79", "HeatIndexC": "26", "HeatIndexF": "79", "humidity": "68", "precipMM": "0.0", "pressure": "1007", "tempC": "25", "tempF": "76", "time": "200", "visibility": "10", "weatherCode": "113",  "weatherDesc": [ {"value": "Clear" } ],  "weatherIconUrl": [ {"value": "http:\/\/cdn.worldweatheronline.net\/images\/wsymbols01_png_64\/wsymbol_0008_clear_sky_night.png" } ], "WindChillC": "25", "WindChillF": "76", "winddir16Point": "SE", "winddirDegree": "139", "WindGustKmph": "16", "WindGustMiles": "10", "windspeedKmph": "8", "windspeedMiles": "5" }, {"cloudcover": "8", "DewPointC": "20", "DewPointF": "68", "FeelsLikeC": "27", "FeelsLikeF": "81", "HeatIndexC": "27", "HeatIndexF": "81", "humidity": "72", "precipMM": "0.0", "pressure": "1007", "tempC": "25", "tempF": "78", "time": "500", "visibility": "10", "weatherCode": "113",  "weatherDesc": [ {"value": "Clear" } ],  "weatherIconUrl": [ {"value": "http:\/\/cdn.worldweatheronline.net\/images\/wsymbols01_png_64\/wsymbol_0008_clear_sky_night.png" } ], "WindChillC": "25", "WindChillF": "78", "winddir16Point": "SE", "winddirDegree": "130", "WindGustKmph": "11", "WindGustMiles": "7", "windspeedKmph": "5", "windspeedMiles": "3" }, {"cloudcover": "4", "DewPointC": "22", "DewPointF": "71", "FeelsLikeC": "34", "FeelsLikeF": "93", "HeatIndexC": "34", "HeatIndexF": "93", "humidity": "60", "precipMM": "0.0", "pressure": "1007", "tempC": "31", "tempF": "87", "time": "800", "visibility": "10", "weatherCode": "113",  "weatherDesc": [ {"value": "Sunny" } ],  "weatherIconUrl": [ {"value": "http:\/\/cdn.worldweatheronline.net\/images\/wsymbols01_png_64\/wsymbol_0001_sunny.png" } ], "WindChillC": "31", "WindChillF": "87", "winddir16Point": "S", "winddirDegree": "170", "WindGustKmph": "2", "WindGustMiles": "1", "windspeedKmph": "2", "windspeedMiles": "1" }, {"cloudcover": "4", "DewPointC": "23", "DewPointF": "74", "FeelsLikeC": "42", "FeelsLikeF": "107", "HeatIndexC": "42", "HeatIndexF": "107", "humidity": "50", "precipMM": "0.0", "pressure": "1007", "tempC": "35", "tempF": "95", "time": "1100", "visibility": "10", "weatherCode": "113",  "weatherDesc": [ {"value": "Sunny" } ],  "weatherIconUrl": [ {"value": "http:\/\/cdn.worldweatheronline.net\/images\/wsymbols01_png_64\/wsymbol_0001_sunny.png" } ], "WindChillC": "35", "WindChillF": "95", "winddir16Point": "WNW", "winddirDegree": "298", "WindGustKmph": "12", "WindGustMiles": "7", "windspeedKmph": "10", "windspeedMiles": "6" }, {"cloudcover": "15", "DewPointC": "23", "DewPointF": "74", "FeelsLikeC": "42", "FeelsLikeF": "108", "HeatIndexC": "42", "HeatIndexF": "108", "humidity": "49", "precipMM": "0.0", "pressure": "1006", "tempC": "36", "tempF": "96", "time": "1400", "visibility": "10", "weatherCode": "113",  "weatherDesc": [ {"value": "Sunny" } ],  "weatherIconUrl": [ {"value": "http:\/\/cdn.worldweatheronline.net\/images\/wsymbols01_png_64\/wsymbol_0001_sunny.png" } ], "WindChillC": "36", "WindChillF": "96", "winddir16Point": "WNW", "winddirDegree": "291", "WindGustKmph": "16", "WindGustMiles": "10", "windspeedKmph": "14", "windspeedMiles": "9" }, {"cloudcover": "15", "DewPointC": "25", "DewPointF": "76", "FeelsLikeC": "42", "FeelsLikeF": "108", "HeatIndexC": "42", "HeatIndexF": "108", "humidity": "57", "precipMM": "0.0", "pressure": "1005", "tempC": "34", "tempF": "94", "time": "1700", "visibility": "10", "weatherCode": "113",  "weatherDesc": [ {"value": "Sunny" } ],  "weatherIconUrl": [ {"value": "http:\/\/cdn.worldweatheronline.net\/images\/wsymbols01_png_64\/wsymbol_0001_sunny.png" } ], "WindChillC": "34", "WindChillF": "94", "winddir16Point": "WNW", "winddirDegree": "289", "WindGustKmph": "10", "WindGustMiles": "6", "windspeedKmph": "9", "windspeedMiles": "6" }, {"cloudcover": "14", "DewPointC": "24", "DewPointF": "74", "FeelsLikeC": "34", "FeelsLikeF": "93", "HeatIndexC": "34", "HeatIndexF": "93", "humidity": "71", "precipMM": "0.1", "pressure": "1006", "tempC": "29", "tempF": "85", "time": "2000", "visibility": "10", "weatherCode": "113",  "weatherDesc": [ {"value": "Clear" } ],  "weatherIconUrl": [ {"value": "http:\/\/cdn.worldweatheronline.net\/images\/wsymbols01_png_64\/wsymbol_0008_clear_sky_night.png" } ], "WindChillC": "29", "WindChillF": "85", "winddir16Point": "SE", "winddirDegree": "143", "WindGustKmph": "7", "WindGustMiles": "4", "windspeedKmph": "5", "windspeedMiles": "3" }, {"cloudcover": "14", "DewPointC": "21", "DewPointF": "70", "FeelsLikeC": "29", "FeelsLikeF": "84", "HeatIndexC": "29", "HeatIndexF": "84", "humidity": "72", "precipMM": "0.3", "pressure": "1006", "tempC": "27", "tempF": "80", "time": "2300", "visibility": "9", "weatherCode": "176",  "weatherDesc": [ {"value": "Patchy rain nearby" } ],  "weatherIconUrl": [ {"value": "http:\/\/cdn.worldweatheronline.net\/images\/wsymbols01_png_64\/wsymbol_0025_light_rain_showers_night.png" } ], "WindChillC": "27", "WindChillF": "80", "winddir16Point": "SE", "winddirDegree": "146", "WindGustKmph": "9", "WindGustMiles": "5", "windspeedKmph": "4", "windspeedMiles": "3" } ], "maxtempC": "36", "maxtempF": "96", "mintempC": "25", "mintempF": "76" } ] }}