{ "data": { "request": [ {"query": "Lat 23.50 and Lon 120.42", "type": "LatLon" } ],  "weather": [ { "astronomy": [ {"moonrise": "03:44 PM", "moonset": "04:15 AM", "sunrise": "06:25 AM", "sunset": "05:58 PM" } ], "date": "2013-02-23",  "hourly": [ {"cloudcover": "4", "DewPointC": "11", "DewPointF": "52", "FeelsLikeC": "14", "FeelsLikeF": "58", "HeatIndexC": "15", "HeatIndexF": "59", "humidity": "77", "precipMM": "0.0", "pressure": "1022", "tempC": "15", "tempF": "59", "time": "200", "visibility": "10", "weatherCode": "113",  "weatherDesc": [ {"value": "Clear" } ],  "weatherIconUrl": [ {"value": "http:\/\/cdn.worldweatheronline.net\/images\/wsymbols01_png_64\/wsymbol_0008_clear_sky_night.png" } ], "WindChillC": "14", "WindChillF": "58", "winddir16Point": "NNE", "winddirDegree": "11", "WindGustKmph": "26", "WindGustMiles": "16", "windspeedKmph": "12", "windspeedMiles": "8" }, {"cloudcover": "5", "DewPointC": "11", "DewPointF": "52", "FeelsLikeC": "15", "FeelsLikeF": "59", "HeatIndexC": "15", "HeatIndexF": "59", "humidity": "76", "precipMM": "0.0", "pressure": "1022", "tempC": "15", "tempF": "59", "time": "500", "visibility": "10", "weatherCode": "113",  "weatherDesc": [ {"value": "Clear" } ],  "weatherIconUrl": [ {"value": "http:\/\/cdn.worldweatheronline.net\/images\/wsymbols01_png_64\/wsymbol_0008_clear_sky_night.png" } ], "WindChillC": "15", "WindChillF": "59", "winddir16Point": "NNE", "winddirDegree": "30", "WindGustKmph": "26", "WindGustMiles": "16", "windspeedKmph": "12", "windspeedMiles": "8" }, {"cloudcover": "4", "DewPointC": "14", "DewPointF": "56", "FeelsLikeC": "20", "FeelsLikeF": "69", "HeatIndexC": "20", "HeatIndexF": "69", "humidity": "65", "precipMM": "0.0", "pressure": "1023", "tempC": "19", "tempF": "65", "time": "800", "visibility": "10", "weatherCode": "113",  "weatherDesc": [ {"value": "Sunny" } ],  "weatherIconUrl": [ {"value": "http:\/\/cdn.worldweatheronline.net\/images\/wsymbols01_png_64\/wsymbol_0001_sunny.png" } ], "WindChillC": "20", "WindChillF": "69", "winddir16Point": "NE", "winddirDegree": "37", "WindGustKmph": "15", "WindGustMiles": "9", "windspeedKmph": "11", "windspeedMiles": "7" }, {"cloudcover": "4", "DewPointC": "15", "DewPointF": "58", "FeelsLikeC": "27", "FeelsLikeF": "80", "HeatIndexC": "27", "HeatIndexF": "80", "humidity": "49", "precipMM": "0.0", "pressure": "1023", "tempC": "25", "tempF": "77", "time": "1100", "visibility": "10", "weatherCode": "113",  "weatherDesc": [ {"value": "Sunny" } ],  "weatherIconUrl": [ {"value": "http:\/\/cdn.worldweatheronline.net\/images\/wsymbols01_png_64\/wsymbol_0001_sunny.png" } ], "WindChillC": "26", "WindChillF": "79", "winddir16Point": "NNW", "winddirDegree": "337", "WindGustKmph": "16", "WindGustMiles": "10", "windspeedKmph": "14", "windspeedMiles": "9" }, {"cloudcover": "4", "DewPointC": "15", "DewPointF": "59", "FeelsLikeC": "27", "FeelsLikeF": "81", "HeatIndexC": "27", "HeatIndexF": "81", "humidity": "48", "precipMM": "0.0", "pressure": "1021", "tempC": "26", "tempF": "78", "time": "1400", "visibility": "10", "weatherCode": "113",  "weatherDesc": [ {"value": "Sunny" } ],  "weatherIconUrl": [ {"value": "http:\/\/cdn.worldweatheronline.net\/images\/wsymbols01_png_64\/wsymbol_0001_sunny.png" } ], "WindChillC": "27", "WindChillF": "80", "winddir16Point": "NNW", "winddirDegree": "330", "WindGustKmph": "20", "WindGustMiles": "12", "windspeedKmph": "17", "windspeedMiles": "11" }, {"cloudcover": "4", "DewPointC": "15", "DewPointF": "59", "FeelsLikeC": "26", "FeelsLikeF": "78", "HeatIndexC": "26", "HeatIndexF": "78", "humidity": "56", "precipMM": "0.0", "pressure": "1021", "tempC": "24", "tempF": "74", "time": "1700", "visibility": "10", "weatherCode": "113",  "weatherDesc": [ {"value": "Sunny" } ],  "weatherIconUrl": [ {"value": "http:\/\/cdn.worldweatheronline.net\/images\/wsymbols01_png_64\/wsymbol_0001_sunny.png" } ], "WindChillC": "25", "WindChillF": "76", "winddir16Point": "NNW", "winddirDegree": "336", "WindGustKmph": "18", "WindGustMiles": "11", "windspeedKmph": "15", "windspeedMiles": "10" }, {"cloudcover": "3", "DewPointC": "15", "DewPointF": "59", "FeelsLikeC": "20", "FeelsLikeF": "69", "HeatIndexC": "20", "HeatIndexF": "69", "humidity": "72", "precipMM": "0.0", "pressure": "1022", "tempC": "20", "tempF": "69", "time": "2000", "visibility": "10", "weatherCode": "113",  "weatherDesc": [ {"value": "Clear" } ],  "weatherIconUrl": [ {"value": "http:\/\/cdn.worldweatheronline.net\/images\/wsymbols01_png_64\/wsymbol_0008_clear_sky_night.png" } ], "WindChillC": "20", "WindChillF": "69", "winddir16Point": "NNE", "winddirDegree": "20", "WindGustKmph": "10", "WindGustMiles": "6", "windspeedKmph": "6", "windspeedMiles": "4" }, {"cloudcover": "3", "DewPointC": "14", "DewPointF": "56", "FeelsLikeC": "18", "FeelsLikeF": "64", "HeatIndexC": "18", "HeatIndexF": "64", "humidity": "76", "precipMM": "0.0", "pressure": "1022", "tempC": "18", "tempF": "64", "time": "2300", "visibility": "10", "weatherCode": "113",  "weatherDesc": [ {"value": "Clear" } ],  "weatherIconUrl": [ {"value": "http:\/\/cdn.worldweatheronline.net\/images\/wsymbols01_png_64\/wsymbol_0008_clear_sky_night.png" } ], "WindChillC": "18", "WindChillF": "64", "winddir16Point": "NNE", "winddirDegree": "30", "WindGustKmph": "9", "WindGustMiles": "6", "windspeedKmph": "4", "windspeedMiles": "3" } ], "maxtempC": "26", "maxtempF": "78", "mintempC": "15", "mintempF": "59" } ] }}