{ "data": { "request": [ {"query": "Lat 23.50 and Lon 120.42", "type": "LatLon" } ],  "weather": [ { "astronomy": [ {"moonrise": "02:20 PM", "moonset": "01:10 AM", "sunrise": "05:12 AM", "sunset": "06:47 PM" } ], "date": "2013-06-19",  "hourly": [ {"cloudcover": "5", "DewPointC": "22", "DewPointF": "72", "FeelsLikeC": "27", "FeelsLikeF": "81", "HeatIndexC": "27", "HeatIndexF": "81", "humidity": "85", "precipMM": "0.0", "pressure": "1001", "tempC": "25", "tempF": "77", "time": "200", "visibility": "10", "weatherCode": "113",  "weatherDesc": [ {"value": "Clear" } ],  "weatherIconUrl": [ {"value": "http:\/\/cdn.worldweatheronline.net\/images\/wsymbols01_png_64\/wsymbol_0008_clear_sky_night.png" } ], "WindChillC": "25", "WindChillF": "77", "winddir16Point": "SW", "winddirDegree": "225", "WindGustKmph": "7", "WindGustMiles": "4", "windspeedKmph": "4", "windspeedMiles": "2" }, {"cloudcover": "7", "DewPointC": "21", "DewPointF": "70", "FeelsLikeC": "25", "FeelsLikeF": "77", "HeatIndexC": "25", "HeatIndexF": "77", "humidity": "91", "precipMM": "0.0", "pressure": "1001", "tempC": "23", "tempF": "73", "time": "500", "visibility": "10", "weatherCode": "113",  "weatherDesc": [ {"value": "Clear" } ],  "weatherIconUrl": [ {"value": "http:\/\/cdn.worldweatheronline.net\/images\/wsymbols01_png_64\/wsymbol_0008_clear_sky_night.png" } ], "WindChillC": "23", "WindChillF": "73", "winddir16Point": "SE", "winddirDegree": "132", "WindGustKmph": "1", "WindGustMiles": "1", "windspeedKmph": "1", "windspeedMiles": "0" }, {"cloudcover": "5", "DewPointC": "23", "DewPointF": "73", "FeelsLikeC": "31", "FeelsLikeF": "88", "HeatIndexC": "31", "HeatIndexF": "88", "humidity": "74", "precipMM": "0.0", "pressure": "1001", "tempC": "26", "tempF": "78", "time": "800", "visibility": "10", "weatherCode": "113",  "weatherDesc": [ {"value": "Sunny" } ],  "weatherIconUrl": [ {"value": "http:\/\/cdn.worldweatheronline.net\/images\/wsymbols01_png_64\/wsymbol_0001_sunny.png" } ], "WindChillC": "28", "WindChillF": "82", "winddir16Point": "NW", "winddirDegree": "311", "WindGustKmph": "5", "WindGustMiles": "3", "windspeedKmph": "4", "windspeedMiles": "3" }, {"cloudcover": "4", "DewPointC": "25", "DewPointF": "77", "FeelsLikeC": "41", "FeelsLikeF": "106", "HeatIndexC": "41", "HeatIndexF": "106", "humidity": "60", "precipMM": "0.0", "pressure": "1002", "tempC": "32", "tempF": "89", "time": "1100", "visibility": "10", "weatherCode": "113",  "weatherDesc": [ {"value": "Sunny" } ],  "weatherIconUrl": [ {"value": "http:\/\/cdn.worldweatheronline.net\/images\/wsymbols01_png_64\/wsymbol_0001_sunny.png" } ], "WindChillC": "34", "WindChillF": "93", "winddir16Point": "WNW", "winddirDegree": "292", "WindGustKmph": "13", "WindGustMiles": "8", "windspeedKmph": "11", "windspeedMiles": "7" }, {"cloudcover": "5", "DewPointC": "24", "DewPointF": "75", "FeelsLikeC": "41", "FeelsLikeF": "106", "HeatIndexC": "41", "HeatIndexF": "106", "humidity": "54", "precipMM": "0.0", "pressure": "1001", "tempC": "33", "tempF": "91", "time": "1400", "visibility": "10", "weatherCode": "113",  "weatherDesc": [ {"value": "Sunny" } ],  "weatherIconUrl": [ {"value": "http:\/\/cdn.worldweatheronline.net\/images\/wsymbols01_png_64\/wsymbol_0001_sunny.png" } ], "WindChillC": "34", "WindChillF": "94", "winddir16Point": "WNW", "winddirDegree": "286", "WindGustKmph": "15", "WindGustMiles": "9", "windspeedKmph": "13", "windspeedMiles": "8" }, {"cloudcover": "4", "DewPointC": "24", "DewPointF": "75", "FeelsLikeC": "40", "FeelsLikeF": "103", "HeatIndexC": "40", "HeatIndexF": "103", "humidity": "59", "precipMM": "0.0", "pressure": "1000", "tempC": "32", "tempF": "89", "time": "1700", "visibility": "10", "weatherCode": "113",  "weatherDesc": [ {"value": "Sunny" } ],  "weatherIconUrl": [ {"value": "http:\/\/cdn.worldweatheronline.net\/images\/wsymbols01_png_64\/wsymbol_0001_sunny.png" } ], "WindChillC": "33", "WindChillF": "92", "winddir16Point": "W", "winddirDegree": "281", "WindGustKmph": "12", "WindGustMiles": "7", "windspeedKmph": "10", "windspeedMiles": "6" }, {"cloudcover": "3", "DewPointC": "23", "DewPointF": "74", "FeelsLikeC": "32", "FeelsLikeF": "89", "HeatIndexC": "32", "HeatIndexF": "89", "humidity": "76", "precipMM": "0.0", "pressure": "1001", "tempC": "28", "tempF": "82", "time": "2000", "visibility": "10", "weatherCode": "113",  "weatherDesc": [ {"value": "Clear" } ],  "weatherIconUrl": [ {"value": "http:\/\/cdn.worldweatheronline.net\/images\/wsymbols01_png_64\/wsymbol_0008_clear_sky_night.png" } ], "WindChillC": "28", "WindChillF": "82", "winddir16Point": "W", "winddirDegree": "261", "WindGustKmph": "7", "WindGustMiles": "4", "windspeedKmph": "6", "windspeedMiles": "4" }, {"cloudcover": "0", "DewPointC": "25", "DewPointF": "77", "FeelsLikeC": "32", "FeelsLikeF": "90", "HeatIndexC": "32", "HeatIndexF": "90", "humidity": "85", "precipMM": "0.0", "pressure": "1002", "tempC": "28", "tempF": "82", "time": "2300", "visibility": "10", "weatherCode": "113",  "weatherDesc": [ {"value": "Clear" } ],  "weatherIconUrl": [ {"value": "http:\/\/cdn.worldweatheronline.net\/images\/wsymbols01_png_64\/wsymbol_0008_clear_sky_night.png" } ], "WindChillC": "28", "WindChillF": "82", "winddir16Point": "SSW", "winddirDegree": "214", "WindGustKmph": "3", "WindGustMiles": "2", "windspeedKmph": "3", "windspeedMiles": "2" } ], "maxtempC": "33", "maxtempF": "91", "mintempC": "23", "mintempF": "73" } ] }}