{ "data": { "request": [ {"query": "Lat 23.50 and Lon 120.42", "type": "LatLon" } ],  "weather": [ { "astronomy": [ {"moonrise": "03:12 AM", "moonset": "02:39 PM", "sunrise": "06:14 AM", "sunset": "06:04 PM" } ], "date": "2013-03-08",  "hourly": [ {"cloudcover": "0", "DewPointC": "6", "DewPointF": "43", "FeelsLikeC": "14", "FeelsLikeF": "58", "HeatIndexC": "14", "HeatIndexF": "57", "humidity": "59", "precipMM": "0.0", "pressure": "1018", "tempC": "14", "tempF": "57", "time": "200", "visibility": "10", "weatherCode": "113",  "weatherDesc": [ {"value": "Clear" } ],  "weatherIconUrl": [ {"value": "http:\/\/cdn.worldweatheronline.net\/images\/wsymbols01_png_64\/wsymbol_0008_clear_sky_night.png" } ], "WindChillC": "14", "WindChillF": "58", "winddir16Point": "SE", "winddirDegree": "133", "WindGustKmph": "13", "WindGustMiles": "8", "windspeedKmph": "6", "windspeedMiles": "4" }, {"cloudcover": "0", "DewPointC": "4", "DewPointF": "39", "FeelsLikeC": "13", "FeelsLikeF": "56", "HeatIndexC": "13", "HeatIndexF": "55", "humidity": "53", "precipMM": "0.0", "pressure": "1017", "tempC": "13", "tempF": "55", "time": "500", "visibility": "10", "weatherCode": "113",  "weatherDesc": [ {"value": "Clear" } ],  "weatherIconUrl": [ {"value": "http:\/\/cdn.worldweatheronline.net\/images\/wsymbols01_png_64\/wsymbol_0008_clear_sky_night.png" } ], "WindChillC": "13", "WindChillF": "56", "winddir16Point": "ESE", "winddirDegree": "121", "WindGustKmph": "10", "WindGustMiles": "6", "windspeedKmph": "5", "windspeedMiles": "3" }, {"cloudcover": "0", "DewPointC": "5", "DewPointF": "40", "FeelsLikeC": "22", "FeelsLikeF": "71", "HeatIndexC": "23", "HeatIndexF": "74", "humidity": "33", "precipMM": "0.0", "pressure": "1018", "tempC": "20", "tempF": "68", "time": "800", "visibility": "10", "weatherCode": "113",  "weatherDesc": [ {"value": "Sunny" } ],  "weatherIconUrl": [ {"value": "http:\/\/cdn.worldweatheronline.net\/images\/wsymbols01_png_64\/wsymbol_0001_sunny.png" } ], "WindChillC": "22", "WindChillF": "71", "winddir16Point": "E", "winddirDegree": "88", "WindGustKmph": "2", "WindGustMiles": "1", "windspeedKmph": "2", "windspeedMiles": "1" }, {"cloudcover": "0", "DewPointC": "5", "DewPointF": "40", "FeelsLikeC": "25", "FeelsLikeF": "77", "HeatIndexC": "25", "HeatIndexF": "77", "humidity": "25", "precipMM": "0.0", "pressure": "1018", "tempC": "24", "tempF": "76", "time": "1100", "visibility": "10", "weatherCode": "113",  "weatherDesc": [ {"value": "Sunny" } ],  "weatherIconUrl": [ {"value": "http:\/\/cdn.worldweatheronline.net\/images\/wsymbols01_png_64\/wsymbol_0001_sunny.png" } ], "WindChillC": "26", "WindChillF": "78", "winddir16Point": "WNW", "winddirDegree": "293", "WindGustKmph": "10", "WindGustMiles": "6", "windspeedKmph": "9", "windspeedMiles": "6" }, {"cloudcover": "0", "DewPointC": "6", "DewPointF": "43", "FeelsLikeC": "26", "FeelsLikeF": "78", "HeatIndexC": "26", "HeatIndexF": "78", "humidity": "26", "precipMM": "0.0", "pressure": "1016", "tempC": "26", "tempF": "78", "time": "1400", "visibility": "10", "weatherCode": "113",  "weatherDesc": [ {"value": "Sunny" } ],  "weatherIconUrl": [ {"value": "http:\/\/cdn.worldweatheronline.net\/images\/wsymbols01_png_64\/wsymbol_0001_sunny.png" } ], "WindChillC": "27", "WindChillF": "80", "winddir16Point": "WNW", "winddirDegree": "292", "WindGustKmph": "15", "WindGustMiles": "9", "windspeedKmph": "13", "windspeedMiles": "8" }, {"cloudcover": "0", "DewPointC": "9", "DewPointF": "49", "FeelsLikeC": "25", "FeelsLikeF": "78", "HeatIndexC": "25", "HeatIndexF": "78", "humidity": "36", "precipMM": "0.0", "pressure": "1015", "tempC": "24", "tempF": "75", "time": "1700", "visibility": "10", "weatherCode": "113",  "weatherDesc": [ {"value": "Sunny" } ],  "weatherIconUrl": [ {"value": "http:\/\/cdn.worldweatheronline.net\/images\/wsymbols01_png_64\/wsymbol_0001_sunny.png" } ], "WindChillC": "25", "WindChillF": "78", "winddir16Point": "WNW", "winddirDegree": "294", "WindGustKmph": "11", "WindGustMiles": "7", "windspeedKmph": "10", "windspeedMiles": "6" }, {"cloudcover": "0", "DewPointC": "12", "DewPointF": "53", "FeelsLikeC": "21", "FeelsLikeF": "69", "HeatIndexC": "21", "HeatIndexF": "69", "humidity": "57", "precipMM": "0.0", "pressure": "1017", "tempC": "21", "tempF": "69", "time": "2000", "visibility": "10", "weatherCode": "113",  "weatherDesc": [ {"value": "Clear" } ],  "weatherIconUrl": [ {"value": "http:\/\/cdn.worldweatheronline.net\/images\/wsymbols01_png_64\/wsymbol_0008_clear_sky_night.png" } ], "WindChillC": "21", "WindChillF": "69", "winddir16Point": "SE", "winddirDegree": "135", "WindGustKmph": "5", "WindGustMiles": "3", "windspeedKmph": "3", "windspeedMiles": "2" }, {"cloudcover": "0", "DewPointC": "10", "DewPointF": "49", "FeelsLikeC": "17", "FeelsLikeF": "63", "HeatIndexC": "17", "HeatIndexF": "63", "humidity": "62", "precipMM": "0.0", "pressure": "1017", "tempC": "17", "tempF": "63", "time": "2300", "visibility": "10", "weatherCode": "113",  "weatherDesc": [ {"value": "Clear" } ],  "weatherIconUrl": [ {"value": "http:\/\/cdn.worldweatheronline.net\/images\/wsymbols01_png_64\/wsymbol_0008_clear_sky_night.png" } ], "WindChillC": "17", "WindChillF": "63", "winddir16Point": "SSE", "winddirDegree": "166", "WindGustKmph": "13", "WindGustMiles": "8", "windspeedKmph": "6", "windspeedMiles": "4" } ], "maxtempC": "26", "maxtempF": "78", "mintempC": "13", "mintempF": "55" } ] }}