{ "data": { "request": [ {"query": "Lat 23.50 and Lon 120.42", "type": "LatLon" } ],  "weather": [ { "astronomy": [ {"moonrise": "07:23 AM", "moonset": "06:39 PM", "sunrise": "06:25 AM", "sunset": "05:12 PM" } ], "date": "2013-12-04",  "hourly": [ {"cloudcover": "0", "DewPointC": "-9", "DewPointF": "16", "FeelsLikeC": "9", "FeelsLikeF": "48", "HeatIndexC": "11", "HeatIndexF": "51", "humidity": "25", "precipMM": "0.0", "pressure": "1017", "tempC": "11", "tempF": "51", "time": "200", "visibility": "10", "weatherCode": "113",  "weatherDesc": [ {"value": "Clear" } ],  "weatherIconUrl": [ {"value": "http:\/\/cdn.worldweatheronline.net\/images\/wsymbols01_png_64\/wsymbol_0008_clear_sky_night.png" } ], "WindChillC": "9", "WindChillF": "48", "winddir16Point": "ESE", "winddirDegree": "104", "WindGustKmph": "23", "WindGustMiles": "15", "windspeedKmph": "11", "windspeedMiles": "7" }, {"cloudcover": "0", "DewPointC": "-19", "DewPointF": "-3", "FeelsLikeC": "8", "FeelsLikeF": "46", "HeatIndexC": "9", "HeatIndexF": "49", "humidity": "11", "precipMM": "0.0", "pressure": "1017", "tempC": "9", "tempF": "49", "time": "500", "visibility": "10", "weatherCode": "113",  "weatherDesc": [ {"value": "Clear" } ],  "weatherIconUrl": [ {"value": "http:\/\/cdn.worldweatheronline.net\/images\/wsymbols01_png_64\/wsymbol_0008_clear_sky_night.png" } ], "WindChillC": "8", "WindChillF": "46", "winddir16Point": "E", "winddirDegree": "93", "WindGustKmph": "21", "WindGustMiles": "13", "windspeedKmph": "10", "windspeedMiles": "6" }, {"cloudcover": "0", "DewPointC": "-6", "DewPointF": "21", "FeelsLikeC": "16", "FeelsLikeF": "60", "HeatIndexC": "16", "HeatIndexF": "60", "humidity": "21", "precipMM": "0.0", "pressure": "1018", "tempC": "16", "tempF": "60", "time": "800", "visibility": "10", "weatherCode": "113",  "weatherDesc": [ {"value": "Sunny" } ],  "weatherIconUrl": [ {"value": "http:\/\/cdn.worldweatheronline.net\/images\/wsymbols01_png_64\/wsymbol_0001_sunny.png" } ], "WindChillC": "16", "WindChillF": "60", "winddir16Point": "E", "winddirDegree": "90", "WindGustKmph": "17", "WindGustMiles": "10", "windspeedKmph": "8", "windspeedMiles": "5" }, {"cloudcover": "0", "DewPointC": "-9", "DewPointF": "16", "FeelsLikeC": "22", "FeelsLikeF": "71", "HeatIndexC": "22", "HeatIndexF": "71", "humidity": "12", "precipMM": "0.0", "pressure": "1018", "tempC": "22", "tempF": "71", "time": "1100", "visibility": "10", "weatherCode": "113",  "weatherDesc": [ {"value": "Sunny" } ],  "weatherIconUrl": [ {"value": "http:\/\/cdn.worldweatheronline.net\/images\/wsymbols01_png_64\/wsymbol_0001_sunny.png" } ], "WindChillC": "22", "WindChillF": "71", "winddir16Point": "NNW", "winddirDegree": "338", "WindGustKmph": "11", "WindGustMiles": "7", "windspeedKmph": "9", "windspeedMiles": "6" }, {"cloudcover": "0", "DewPointC": "-1", "DewPointF": "31", "FeelsLikeC": "24", "FeelsLikeF": "74", "HeatIndexC": "24", "HeatIndexF": "74", "humidity": "19", "precipMM": "0.0", "pressure": "1016", "tempC": "25", "tempF": "76", "time": "1400", "visibility": "10", "weatherCode": "113",  "weatherDesc": [ {"value": "Sunny" } ],  "weatherIconUrl": [ {"value": "http:\/\/cdn.worldweatheronline.net\/images\/wsymbols01_png_64\/wsymbol_0001_sunny.png" } ], "WindChillC": "25", "WindChillF": "76", "winddir16Point": "NNW", "winddirDegree": "343", "WindGustKmph": "15", "WindGustMiles": "10", "windspeedKmph": "13", "windspeedMiles": "8" }, {"cloudcover": "0", "DewPointC": "2", "DewPointF": "35", "FeelsLikeC": "18", "FeelsLikeF": "64", "HeatIndexC": "18", "HeatIndexF": "64", "humidity": "34", "precipMM": "0.0", "pressure": "1017", "tempC": "18", "tempF": "64", "time": "1700", "visibility": "10", "weatherCode": "113",  "weatherDesc": [ {"value": "Sunny" } ],  "weatherIconUrl": [ {"value": "http:\/\/cdn.worldweatheronline.net\/images\/wsymbols01_png_64\/wsymbol_0001_sunny.png" } ], "WindChillC": "18", "WindChillF": "64", "winddir16Point": "N", "winddirDegree": "9", "WindGustKmph": "24", "WindGustMiles": "15", "windspeedKmph": "13", "windspeedMiles": "8" }, {"cloudcover": "0", "DewPointC": "-2", "DewPointF": "28", "FeelsLikeC": "11", "FeelsLikeF": "51", "HeatIndexC": "12", "HeatIndexF": "54", "humidity": "36", "precipMM": "0.0", "pressure": "1018", "tempC": "12", "tempF": "54", "time": "2000", "visibility": "10", "weatherCode": "113",  "weatherDesc": [ {"value": "Clear" } ],  "weatherIconUrl": [ {"value": "http:\/\/cdn.worldweatheronline.net\/images\/wsymbols01_png_64\/wsymbol_0008_clear_sky_night.png" } ], "WindChillC": "11", "WindChillF": "51", "winddir16Point": "ENE", "winddirDegree": "72", "WindGustKmph": "30", "WindGustMiles": "19", "windspeedKmph": "14", "windspeedMiles": "9" }, {"cloudcover": "0", "DewPointC": "1", "DewPointF": "33", "FeelsLikeC": "9", "FeelsLikeF": "49", "HeatIndexC": "11", "HeatIndexF": "52", "humidity": "48", "precipMM": "0.0", "pressure": "1018", "tempC": "11", "tempF": "52", "time": "2300", "visibility": "10", "weatherCode": "113",  "weatherDesc": [ {"value": "Clear" } ],  "weatherIconUrl": [ {"value": "http:\/\/cdn.worldweatheronline.net\/images\/wsymbols01_png_64\/wsymbol_0008_clear_sky_night.png" } ], "WindChillC": "9", "WindChillF": "49", "winddir16Point": "E", "winddirDegree": "89", "WindGustKmph": "33", "WindGustMiles": "21", "windspeedKmph": "16", "windspeedMiles": "10" } ], "maxtempC": "25", "maxtempF": "76", "mintempC": "9", "mintempF": "49" } ] }}