{ "data": { "request": [ {"query": "Lat 23.50 and Lon 120.42", "type": "LatLon" } ],  "weather": [ { "astronomy": [ {"moonrise": "03:04 AM", "moonset": "04:37 PM", "sunrise": "05:30 AM", "sunset": "06:39 PM" } ], "date": "2013-08-04",  "hourly": [ {"cloudcover": "9", "DewPointC": "23", "DewPointF": "73", "FeelsLikeC": "29", "FeelsLikeF": "83", "HeatIndexC": "29", "HeatIndexF": "83", "humidity": "85", "precipMM": "0.2", "pressure": "1013", "tempC": "26", "tempF": "78", "time": "200", "visibility": "10", "weatherCode": "113",  "weatherDesc": [ {"value": "Clear" } ],  "weatherIconUrl": [ {"value": "http:\/\/cdn.worldweatheronline.net\/images\/wsymbols01_png_64\/wsymbol_0008_clear_sky_night.png" } ], "WindChillC": "26", "WindChillF": "78", "winddir16Point": "SSE", "winddirDegree": "159", "WindGustKmph": "1", "WindGustMiles": "0", "windspeedKmph": "0", "windspeedMiles": "0" }, {"cloudcover": "7", "DewPointC": "21", "DewPointF": "70", "FeelsLikeC": "26", "FeelsLikeF": "78", "HeatIndexC": "26", "HeatIndexF": "78", "humidity": "86", "precipMM": "0.0", "pressure": "1012", "tempC": "24", "tempF": "75", "time": "500", "visibility": "10", "weatherCode": "113",  "weatherDesc": [ {"value": "Clear" } ],  "weatherIconUrl": [ {"value": "http:\/\/cdn.worldweatheronline.net\/images\/wsymbols01_png_64\/wsymbol_0008_clear_sky_night.png" } ], "WindChillC": "24", "WindChillF": "75", "winddir16Point": "SW", "winddirDegree": "227", "WindGustKmph": "3", "WindGustMiles": "2", "windspeedKmph": "1", "windspeedMiles": "1" }, {"cloudcover": "5", "DewPointC": "24", "DewPointF": "74", "FeelsLikeC": "34", "FeelsLikeF": "92", "HeatIndexC": "34", "HeatIndexF": "92", "humidity": "72", "precipMM": "0.1", "pressure": "1013", "tempC": "27", "tempF": "80", "time": "800", "visibility": "10", "weatherCode": "113",  "weatherDesc": [ {"value": "Sunny" } ],  "weatherIconUrl": [ {"value": "http:\/\/cdn.worldweatheronline.net\/images\/wsymbols01_png_64\/wsymbol_0001_sunny.png" } ], "WindChillC": "29", "WindChillF": "85", "winddir16Point": "WNW", "winddirDegree": "286", "WindGustKmph": "6", "WindGustMiles": "4", "windspeedKmph": "5", "windspeedMiles": "3" }, {"cloudcover": "4", "DewPointC": "27", "DewPointF": "81", "FeelsLikeC": "46", "FeelsLikeF": "116", "HeatIndexC": "46", "HeatIndexF": "116", "humidity": "64", "precipMM": "0.1", "pressure": "1012", "tempC": "33", "tempF": "91", "time": "1100", "visibility": "10", "weatherCode": "113",  "weatherDesc": [ {"value": "Sunny" } ],  "weatherIconUrl": [ {"value": "http:\/\/cdn.worldweatheronline.net\/images\/wsymbols01_png_64\/wsymbol_0001_sunny.png" } ], "WindChillC": "35", "WindChillF": "95", "winddir16Point": "W", "winddirDegree": "279", "WindGustKmph": "16", "WindGustMiles": "10", "windspeedKmph": "14", "windspeedMiles": "9" }, {"cloudcover": "20", "DewPointC": "27", "DewPointF": "80", "FeelsLikeC": "44", "FeelsLikeF": "112", "HeatIndexC": "44", "HeatIndexF": "112", "humidity": "67", "precipMM": "1.9", "pressure": "1010", "tempC": "33", "tempF": "91", "time": "1400", "visibility": "9", "weatherCode": "176",  "weatherDesc": [ {"value": "Patchy rain nearby" } ],  "weatherIconUrl": [ {"value": "http:\/\/cdn.worldweatheronline.net\/images\/wsymbols01_png_64\/wsymbol_0009_light_rain_showers.png" } ], "WindChillC": "34", "WindChillF": "93", "winddir16Point": "WNW", "winddirDegree": "284", "WindGustKmph": "26", "WindGustMiles": "16", "windspeedKmph": "18", "windspeedMiles": "11" }, {"cloudcover": "16", "DewPointC": "27", "DewPointF": "80", "FeelsLikeC": "42", "FeelsLikeF": "108", "HeatIndexC": "42", "HeatIndexF": "108", "humidity": "72", "precipMM": "4.6", "pressure": "1010", "tempC": "31", "tempF": "88", "time": "1700", "visibility": "7", "weatherCode": "356",  "weatherDesc": [ {"value": "Moderate or heavy rain shower" } ],  "weatherIconUrl": [ {"value": "http:\/\/cdn.worldweatheronline.net\/images\/wsymbols01_png_64\/wsymbol_0010_heavy_rain_showers.png" } ], "WindChillC": "32", "WindChillF": "90", "winddir16Point": "WNW", "winddirDegree": "285", "WindGustKmph": "23", "WindGustMiles": "15", "windspeedKmph": "13", "windspeedMiles": "8" }, {"cloudcover": "16", "DewPointC": "25", "DewPointF": "78", "FeelsLikeC": "36", "FeelsLikeF": "96", "HeatIndexC": "36", "HeatIndexF": "96", "humidity": "79", "precipMM": "0.8", "pressure": "1010", "tempC": "29", "tempF": "85", "time": "2000", "visibility": "9", "weatherCode": "176",  "weatherDesc": [ {"value": "Patchy rain nearby" } ],  "weatherIconUrl": [ {"value": "http:\/\/cdn.worldweatheronline.net\/images\/wsymbols01_png_64\/wsymbol_0025_light_rain_showers_night.png" } ], "WindChillC": "29", "WindChillF": "85", "winddir16Point": "W", "winddirDegree": "274", "WindGustKmph": "9", "WindGustMiles": "5", "windspeedKmph": "7", "windspeedMiles": "4" }, {"cloudcover": "8", "DewPointC": "24", "DewPointF": "76", "FeelsLikeC": "32", "FeelsLikeF": "89", "HeatIndexC": "32", "HeatIndexF": "89", "humidity": "82", "precipMM": "1.0", "pressure": "1011", "tempC": "28", "tempF": "82", "time": "2300", "visibility": "9", "weatherCode": "176",  "weatherDesc": [ {"value": "Patchy rain nearby" } ],  "weatherIconUrl": [ {"value": "http:\/\/cdn.worldweatheronline.net\/images\/wsymbols01_png_64\/wsymbol_0025_light_rain_showers_night.png" } ], "WindChillC": "28", "WindChillF": "82", "winddir16Point": "SW", "winddirDegree": "224", "WindGustKmph": "9", "WindGustMiles": "6", "windspeedKmph": "6", "windspeedMiles": "4" } ], "maxtempC": "33", "maxtempF": "91", "mintempC": "24", "mintempF": "75" } ] }}