{ "data": { "request": [ {"query": "Lat 23.50 and Lon 120.42", "type": "LatLon" } ],  "weather": [ { "astronomy": [ {"moonrise": "01:34 PM", "moonset": "02:08 AM", "sunrise": "06:01 AM", "sunset": "06:10 PM" } ], "date": "2013-03-22",  "hourly": [ {"cloudcover": "8", "DewPointC": "14", "DewPointF": "58", "FeelsLikeC": "18", "FeelsLikeF": "65", "HeatIndexC": "18", "HeatIndexF": "65", "humidity": "78", "precipMM": "0.0", "pressure": "1013", "tempC": "18", "tempF": "65", "time": "200", "visibility": "10", "weatherCode": "113",  "weatherDesc": [ {"value": "Clear" } ],  "weatherIconUrl": [ {"value": "http:\/\/cdn.worldweatheronline.net\/images\/wsymbols01_png_64\/wsymbol_0008_clear_sky_night.png" } ], "WindChillC": "18", "WindChillF": "65", "winddir16Point": "NE", "winddirDegree": "51", "WindGustKmph": "6", "WindGustMiles": "4", "windspeedKmph": "3", "windspeedMiles": "2" }, {"cloudcover": "5", "DewPointC": "14", "DewPointF": "56", "FeelsLikeC": "18", "FeelsLikeF": "64", "HeatIndexC": "18", "HeatIndexF": "64", "humidity": "78", "precipMM": "0.0", "pressure": "1013", "tempC": "18", "tempF": "64", "time": "500", "visibility": "10", "weatherCode": "113",  "weatherDesc": [ {"value": "Clear" } ],  "weatherIconUrl": [ {"value": "http:\/\/cdn.worldweatheronline.net\/images\/wsymbols01_png_64\/wsymbol_0008_clear_sky_night.png" } ], "WindChillC": "18", "WindChillF": "64", "winddir16Point": "ENE", "winddirDegree": "60", "WindGustKmph": "7", "WindGustMiles": "4", "windspeedKmph": "3", "windspeedMiles": "2" }, {"cloudcover": "2", "DewPointC": "15", "DewPointF": "60", "FeelsLikeC": "26", "FeelsLikeF": "79", "HeatIndexC": "26", "HeatIndexF": "79", "humidity": "56", "precipMM": "0.0", "pressure": "1014", "tempC": "23", "tempF": "73", "time": "800", "visibility": "10", "weatherCode": "113",  "weatherDesc": [ {"value": "Sunny" } ],  "weatherIconUrl": [ {"value": "http:\/\/cdn.worldweatheronline.net\/images\/wsymbols01_png_64\/wsymbol_0001_sunny.png" } ], "WindChillC": "25", "WindChillF": "77", "winddir16Point": "NE", "winddirDegree": "37", "WindGustKmph": "3", "WindGustMiles": "2", "windspeedKmph": "3", "windspeedMiles": "2" }, {"cloudcover": "0", "DewPointC": "16", "DewPointF": "61", "FeelsLikeC": "30", "FeelsLikeF": "85", "HeatIndexC": "30", "HeatIndexF": "85", "humidity": "45", "precipMM": "0.0", "pressure": "1014", "tempC": "27", "tempF": "81", "time": "1100", "visibility": "10", "weatherCode": "113",  "weatherDesc": [ {"value": "Sunny" } ],  "weatherIconUrl": [ {"value": "http:\/\/cdn.worldweatheronline.net\/images\/wsymbols01_png_64\/wsymbol_0001_sunny.png" } ], "WindChillC": "29", "WindChillF": "84", "winddir16Point": "WNW", "winddirDegree": "297", "WindGustKmph": "12", "WindGustMiles": "7", "windspeedKmph": "10", "windspeedMiles": "6" }, {"cloudcover": "0", "DewPointC": "16", "DewPointF": "61", "FeelsLikeC": "30", "FeelsLikeF": "86", "HeatIndexC": "30", "HeatIndexF": "86", "humidity": "44", "precipMM": "0.0", "pressure": "1012", "tempC": "29", "tempF": "83", "time": "1400", "visibility": "10", "weatherCode": "113",  "weatherDesc": [ {"value": "Sunny" } ],  "weatherIconUrl": [ {"value": "http:\/\/cdn.worldweatheronline.net\/images\/wsymbols01_png_64\/wsymbol_0001_sunny.png" } ], "WindChillC": "30", "WindChillF": "85", "winddir16Point": "WNW", "winddirDegree": "291", "WindGustKmph": "14", "WindGustMiles": "9", "windspeedKmph": "13", "windspeedMiles": "8" }, {"cloudcover": "0", "DewPointC": "18", "DewPointF": "64", "FeelsLikeC": "30", "FeelsLikeF": "86", "HeatIndexC": "30", "HeatIndexF": "86", "humidity": "52", "precipMM": "0.0", "pressure": "1012", "tempC": "28", "tempF": "82", "time": "1700", "visibility": "10", "weatherCode": "113",  "weatherDesc": [ {"value": "Sunny" } ],  "weatherIconUrl": [ {"value": "http:\/\/cdn.worldweatheronline.net\/images\/wsymbols01_png_64\/wsymbol_0001_sunny.png" } ], "WindChillC": "29", "WindChillF": "84", "winddir16Point": "WNW", "winddirDegree": "292", "WindGustKmph": "11", "WindGustMiles": "7", "windspeedKmph": "9", "windspeedMiles": "6" }, {"cloudcover": "0", "DewPointC": "20", "DewPointF": "67", "FeelsLikeC": "26", "FeelsLikeF": "80", "HeatIndexC": "26", "HeatIndexF": "80", "humidity": "74", "precipMM": "0.0", "pressure": "1013", "tempC": "25", "tempF": "76", "time": "2000", "visibility": "10", "weatherCode": "113",  "weatherDesc": [ {"value": "Clear" } ],  "weatherIconUrl": [ {"value": "http:\/\/cdn.worldweatheronline.net\/images\/wsymbols01_png_64\/wsymbol_0008_clear_sky_night.png" } ], "WindChillC": "25", "WindChillF": "76", "winddir16Point": "E", "winddirDegree": "92", "WindGustKmph": "2", "WindGustMiles": "1", "windspeedKmph": "1", "windspeedMiles": "1" }, {"cloudcover": "0", "DewPointC": "16", "DewPointF": "61", "FeelsLikeC": "21", "FeelsLikeF": "70", "HeatIndexC": "21", "HeatIndexF": "70", "humidity": "73", "precipMM": "0.0", "pressure": "1013", "tempC": "21", "tempF": "70", "time": "2300", "visibility": "10", "weatherCode": "113",  "weatherDesc": [ {"value": "Clear" } ],  "weatherIconUrl": [ {"value": "http:\/\/cdn.worldweatheronline.net\/images\/wsymbols01_png_64\/wsymbol_0008_clear_sky_night.png" } ], "WindChillC": "21", "WindChillF": "70", "winddir16Point": "SSE", "winddirDegree": "150", "WindGustKmph": "8", "WindGustMiles": "5", "windspeedKmph": "4", "windspeedMiles": "2" } ], "maxtempC": "29", "maxtempF": "83", "mintempC": "18", "mintempF": "64" } ] }}