{ "data": { "request": [ {"query": "Lat 23.50 and Lon 120.42", "type": "LatLon" } ],  "weather": [ { "astronomy": [ {"moonrise": "08:38 AM", "moonset": "07:54 PM", "sunrise": "06:07 AM", "sunset": "05:17 PM" } ], "date": "2013-11-06",  "hourly": [ {"cloudcover": "15", "DewPointC": "17", "DewPointF": "63", "FeelsLikeC": "21", "FeelsLikeF": "69", "HeatIndexC": "21", "HeatIndexF": "69", "humidity": "80", "precipMM": "0.0", "pressure": "1018", "tempC": "21", "tempF": "69", "time": "200", "visibility": "10", "weatherCode": "113",  "weatherDesc": [ {"value": "Clear" } ],  "weatherIconUrl": [ {"value": "http:\/\/cdn.worldweatheronline.net\/images\/wsymbols01_png_64\/wsymbol_0008_clear_sky_night.png" } ], "WindChillC": "21", "WindChillF": "69", "winddir16Point": "NNE", "winddirDegree": "34", "WindGustKmph": "12", "WindGustMiles": "8", "windspeedKmph": "6", "windspeedMiles": "4" }, {"cloudcover": "15", "DewPointC": "17", "DewPointF": "62", "FeelsLikeC": "20", "FeelsLikeF": "68", "HeatIndexC": "20", "HeatIndexF": "68", "humidity": "81", "precipMM": "0.0", "pressure": "1018", "tempC": "20", "tempF": "68", "time": "500", "visibility": "10", "weatherCode": "113",  "weatherDesc": [ {"value": "Clear" } ],  "weatherIconUrl": [ {"value": "http:\/\/cdn.worldweatheronline.net\/images\/wsymbols01_png_64\/wsymbol_0008_clear_sky_night.png" } ], "WindChillC": "20", "WindChillF": "68", "winddir16Point": "NNE", "winddirDegree": "26", "WindGustKmph": "12", "WindGustMiles": "8", "windspeedKmph": "6", "windspeedMiles": "4" }, {"cloudcover": "15", "DewPointC": "18", "DewPointF": "65", "FeelsLikeC": "26", "FeelsLikeF": "79", "HeatIndexC": "26", "HeatIndexF": "79", "humidity": "69", "precipMM": "0.0", "pressure": "1019", "tempC": "24", "tempF": "76", "time": "800", "visibility": "10", "weatherCode": "113",  "weatherDesc": [ {"value": "Sunny" } ],  "weatherIconUrl": [ {"value": "http:\/\/cdn.worldweatheronline.net\/images\/wsymbols01_png_64\/wsymbol_0001_sunny.png" } ], "WindChillC": "24", "WindChillF": "76", "winddir16Point": "NNE", "winddirDegree": "14", "WindGustKmph": "12", "WindGustMiles": "7", "windspeedKmph": "8", "windspeedMiles": "5" }, {"cloudcover": "14", "DewPointC": "23", "DewPointF": "73", "FeelsLikeC": "36", "FeelsLikeF": "96", "HeatIndexC": "36", "HeatIndexF": "96", "humidity": "59", "precipMM": "0.0", "pressure": "1019", "tempC": "31", "tempF": "89", "time": "1100", "visibility": "10", "weatherCode": "113",  "weatherDesc": [ {"value": "Sunny" } ],  "weatherIconUrl": [ {"value": "http:\/\/cdn.worldweatheronline.net\/images\/wsymbols01_png_64\/wsymbol_0001_sunny.png" } ], "WindChillC": "31", "WindChillF": "89", "winddir16Point": "NW", "winddirDegree": "322", "WindGustKmph": "15", "WindGustMiles": "10", "windspeedKmph": "13", "windspeedMiles": "8" }, {"cloudcover": "16", "DewPointC": "22", "DewPointF": "71", "FeelsLikeC": "34", "FeelsLikeF": "94", "HeatIndexC": "34", "HeatIndexF": "94", "humidity": "59", "precipMM": "0.1", "pressure": "1017", "tempC": "31", "tempF": "87", "time": "1400", "visibility": "10", "weatherCode": "113",  "weatherDesc": [ {"value": "Sunny" } ],  "weatherIconUrl": [ {"value": "http:\/\/cdn.worldweatheronline.net\/images\/wsymbols01_png_64\/wsymbol_0001_sunny.png" } ], "WindChillC": "31", "WindChillF": "87", "winddir16Point": "NNW", "winddirDegree": "330", "WindGustKmph": "21", "WindGustMiles": "13", "windspeedKmph": "18", "windspeedMiles": "11" }, {"cloudcover": "9", "DewPointC": "21", "DewPointF": "69", "FeelsLikeC": "29", "FeelsLikeF": "84", "HeatIndexC": "29", "HeatIndexF": "84", "humidity": "69", "precipMM": "0.0", "pressure": "1017", "tempC": "27", "tempF": "81", "time": "1700", "visibility": "10", "weatherCode": "113",  "weatherDesc": [ {"value": "Sunny" } ],  "weatherIconUrl": [ {"value": "http:\/\/cdn.worldweatheronline.net\/images\/wsymbols01_png_64\/wsymbol_0001_sunny.png" } ], "WindChillC": "27", "WindChillF": "81", "winddir16Point": "NNW", "winddirDegree": "349", "WindGustKmph": "18", "WindGustMiles": "11", "windspeedKmph": "15", "windspeedMiles": "10" }, {"cloudcover": "7", "DewPointC": "19", "DewPointF": "65", "FeelsLikeC": "25", "FeelsLikeF": "77", "HeatIndexC": "25", "HeatIndexF": "77", "humidity": "75", "precipMM": "0.0", "pressure": "1018", "tempC": "23", "tempF": "74", "time": "2000", "visibility": "10", "weatherCode": "113",  "weatherDesc": [ {"value": "Clear" } ],  "weatherIconUrl": [ {"value": "http:\/\/cdn.worldweatheronline.net\/images\/wsymbols01_png_64\/wsymbol_0008_clear_sky_night.png" } ], "WindChillC": "23", "WindChillF": "74", "winddir16Point": "N", "winddirDegree": "9", "WindGustKmph": "21", "WindGustMiles": "13", "windspeedKmph": "11", "windspeedMiles": "7" }, {"cloudcover": "5", "DewPointC": "17", "DewPointF": "63", "FeelsLikeC": "21", "FeelsLikeF": "70", "HeatIndexC": "21", "HeatIndexF": "70", "humidity": "79", "precipMM": "0.0", "pressure": "1018", "tempC": "21", "tempF": "70", "time": "2300", "visibility": "10", "weatherCode": "113",  "weatherDesc": [ {"value": "Clear" } ],  "weatherIconUrl": [ {"value": "http:\/\/cdn.worldweatheronline.net\/images\/wsymbols01_png_64\/wsymbol_0008_clear_sky_night.png" } ], "WindChillC": "21", "WindChillF": "70", "winddir16Point": "N", "winddirDegree": "5", "WindGustKmph": "19", "WindGustMiles": "12", "windspeedKmph": "9", "windspeedMiles": "6" } ], "maxtempC": "31", "maxtempF": "89", "mintempC": "20", "mintempF": "68" } ] }}