{ "data": { "request": [ {"query": "Lat 23.50 and Lon 120.42", "type": "LatLon" } ],  "weather": [ { "astronomy": [ {"moonrise": "04:27 PM", "moonset": "02:46 AM", "sunrise": "05:13 AM", "sunset": "06:48 PM" } ], "date": "2013-06-21",  "hourly": [ {"cloudcover": "21", "DewPointC": "22", "DewPointF": "71", "FeelsLikeC": "27", "FeelsLikeF": "80", "HeatIndexC": "27", "HeatIndexF": "80", "humidity": "86", "precipMM": "0.0", "pressure": "1005", "tempC": "24", "tempF": "76", "time": "200", "visibility": "10", "weatherCode": "113",  "weatherDesc": [ {"value": "Clear" } ],  "weatherIconUrl": [ {"value": "http:\/\/cdn.worldweatheronline.net\/images\/wsymbols01_png_64\/wsymbol_0008_clear_sky_night.png" } ], "WindChillC": "24", "WindChillF": "76", "winddir16Point": "NW", "winddirDegree": "312", "WindGustKmph": "4", "WindGustMiles": "2", "windspeedKmph": "2", "windspeedMiles": "1" }, {"cloudcover": "22", "DewPointC": "21", "DewPointF": "71", "FeelsLikeC": "26", "FeelsLikeF": "80", "HeatIndexC": "26", "HeatIndexF": "80", "humidity": "84", "precipMM": "1.1", "pressure": "1005", "tempC": "24", "tempF": "76", "time": "500", "visibility": "9", "weatherCode": "176",  "weatherDesc": [ {"value": "Patchy rain nearby" } ],  "weatherIconUrl": [ {"value": "http:\/\/cdn.worldweatheronline.net\/images\/wsymbols01_png_64\/wsymbol_0025_light_rain_showers_night.png" } ], "WindChillC": "24", "WindChillF": "76", "winddir16Point": "NNE", "winddirDegree": "21", "WindGustKmph": "9", "WindGustMiles": "6", "windspeedKmph": "4", "windspeedMiles": "3" }, {"cloudcover": "31", "DewPointC": "23", "DewPointF": "74", "FeelsLikeC": "33", "FeelsLikeF": "91", "HeatIndexC": "33", "HeatIndexF": "91", "humidity": "71", "precipMM": "0.6", "pressure": "1006", "tempC": "27", "tempF": "80", "time": "800", "visibility": "9", "weatherCode": "176",  "weatherDesc": [ {"value": "Patchy rain nearby" } ],  "weatherIconUrl": [ {"value": "http:\/\/cdn.worldweatheronline.net\/images\/wsymbols01_png_64\/wsymbol_0009_light_rain_showers.png" } ], "WindChillC": "29", "WindChillF": "84", "winddir16Point": "N", "winddirDegree": "352", "WindGustKmph": "8", "WindGustMiles": "5", "windspeedKmph": "6", "windspeedMiles": "4" }, {"cloudcover": "46", "DewPointC": "26", "DewPointF": "79", "FeelsLikeC": "41", "FeelsLikeF": "106", "HeatIndexC": "41", "HeatIndexF": "106", "humidity": "68", "precipMM": "4.9", "pressure": "1007", "tempC": "31", "tempF": "87", "time": "1100", "visibility": "8", "weatherCode": "299",  "weatherDesc": [ {"value": "Moderate rain at times" } ],  "weatherIconUrl": [ {"value": "http:\/\/cdn.worldweatheronline.net\/images\/wsymbols01_png_64\/wsymbol_0010_heavy_rain_showers.png" } ], "WindChillC": "33", "WindChillF": "91", "winddir16Point": "W", "winddirDegree": "262", "WindGustKmph": "5", "WindGustMiles": "3", "windspeedKmph": "4", "windspeedMiles": "2" }, {"cloudcover": "30", "DewPointC": "26", "DewPointF": "79", "FeelsLikeC": "43", "FeelsLikeF": "110", "HeatIndexC": "43", "HeatIndexF": "110", "humidity": "65", "precipMM": "3.9", "pressure": "1006", "tempC": "32", "tempF": "89", "time": "1400", "visibility": "8", "weatherCode": "299",  "weatherDesc": [ {"value": "Moderate rain at times" } ],  "weatherIconUrl": [ {"value": "http:\/\/cdn.worldweatheronline.net\/images\/wsymbols01_png_64\/wsymbol_0010_heavy_rain_showers.png" } ], "WindChillC": "34", "WindChillF": "93", "winddir16Point": "W", "winddirDegree": "262", "WindGustKmph": "2", "WindGustMiles": "1", "windspeedKmph": "1", "windspeedMiles": "1" }, {"cloudcover": "19", "DewPointC": "26", "DewPointF": "79", "FeelsLikeC": "45", "FeelsLikeF": "112", "HeatIndexC": "45", "HeatIndexF": "112", "humidity": "61", "precipMM": "0.3", "pressure": "1005", "tempC": "33", "tempF": "91", "time": "1700", "visibility": "9", "weatherCode": "176",  "weatherDesc": [ {"value": "Patchy rain nearby" } ],  "weatherIconUrl": [ {"value": "http:\/\/cdn.worldweatheronline.net\/images\/wsymbols01_png_64\/wsymbol_0009_light_rain_showers.png" } ], "WindChillC": "35", "WindChillF": "94", "winddir16Point": "NNW", "winddirDegree": "332", "WindGustKmph": "5", "WindGustMiles": "3", "windspeedKmph": "4", "windspeedMiles": "2" }, {"cloudcover": "18", "DewPointC": "25", "DewPointF": "76", "FeelsLikeC": "35", "FeelsLikeF": "94", "HeatIndexC": "35", "HeatIndexF": "94", "humidity": "74", "precipMM": "0.1", "pressure": "1005", "tempC": "30", "tempF": "85", "time": "2000", "visibility": "10", "weatherCode": "113",  "weatherDesc": [ {"value": "Clear" } ],  "weatherIconUrl": [ {"value": "http:\/\/cdn.worldweatheronline.net\/images\/wsymbols01_png_64\/wsymbol_0008_clear_sky_night.png" } ], "WindChillC": "30", "WindChillF": "85", "winddir16Point": "NW", "winddirDegree": "309", "WindGustKmph": "6", "WindGustMiles": "4", "windspeedKmph": "4", "windspeedMiles": "2" }, {"cloudcover": "22", "DewPointC": "21", "DewPointF": "69", "FeelsLikeC": "27", "FeelsLikeF": "81", "HeatIndexC": "27", "HeatIndexF": "81", "humidity": "75", "precipMM": "0.1", "pressure": "1006", "tempC": "25", "tempF": "77", "time": "2300", "visibility": "10", "weatherCode": "113",  "weatherDesc": [ {"value": "Clear" } ],  "weatherIconUrl": [ {"value": "http:\/\/cdn.worldweatheronline.net\/images\/wsymbols01_png_64\/wsymbol_0008_clear_sky_night.png" } ], "WindChillC": "25", "WindChillF": "77", "winddir16Point": "NNE", "winddirDegree": "14", "WindGustKmph": "10", "WindGustMiles": "6", "windspeedKmph": "5", "windspeedMiles": "3" } ], "maxtempC": "33", "maxtempF": "91", "mintempC": "24", "mintempF": "76" } ] }}