{ "data": { "request": [ {"query": "Lat 23.50 and Lon 120.42", "type": "LatLon" } ],  "weather": [ { "astronomy": [ {"moonrise": "04:58 PM", "moonset": "05:00 AM", "sunrise": "05:57 AM", "sunset": "05:30 PM" } ], "date": "2013-10-18",  "hourly": [ {"cloudcover": "13", "DewPointC": "16", "DewPointF": "60", "FeelsLikeC": "20", "FeelsLikeF": "68", "HeatIndexC": "20", "HeatIndexF": "68", "humidity": "76", "precipMM": "0.0", "pressure": "1018", "tempC": "20", "tempF": "68", "time": "200", "visibility": "10", "weatherCode": "113",  "weatherDesc": [ {"value": "Clear" } ],  "weatherIconUrl": [ {"value": "http:\/\/cdn.worldweatheronline.net\/images\/wsymbols01_png_64\/wsymbol_0008_clear_sky_night.png" } ], "WindChillC": "20", "WindChillF": "68", "winddir16Point": "N", "winddirDegree": "359", "WindGustKmph": "14", "WindGustMiles": "9", "windspeedKmph": "7", "windspeedMiles": "4" }, {"cloudcover": "6", "DewPointC": "15", "DewPointF": "59", "FeelsLikeC": "19", "FeelsLikeF": "67", "HeatIndexC": "19", "HeatIndexF": "67", "humidity": "77", "precipMM": "0.0", "pressure": "1017", "tempC": "19", "tempF": "67", "time": "500", "visibility": "10", "weatherCode": "113",  "weatherDesc": [ {"value": "Clear" } ],  "weatherIconUrl": [ {"value": "http:\/\/cdn.worldweatheronline.net\/images\/wsymbols01_png_64\/wsymbol_0008_clear_sky_night.png" } ], "WindChillC": "19", "WindChillF": "67", "winddir16Point": "NNE", "winddirDegree": "26", "WindGustKmph": "14", "WindGustMiles": "9", "windspeedKmph": "7", "windspeedMiles": "4" }, {"cloudcover": "5", "DewPointC": "16", "DewPointF": "62", "FeelsLikeC": "26", "FeelsLikeF": "78", "HeatIndexC": "26", "HeatIndexF": "78", "humidity": "62", "precipMM": "0.0", "pressure": "1018", "tempC": "24", "tempF": "75", "time": "800", "visibility": "10", "weatherCode": "113",  "weatherDesc": [ {"value": "Sunny" } ],  "weatherIconUrl": [ {"value": "http:\/\/cdn.worldweatheronline.net\/images\/wsymbols01_png_64\/wsymbol_0001_sunny.png" } ], "WindChillC": "24", "WindChillF": "75", "winddir16Point": "NNE", "winddirDegree": "12", "WindGustKmph": "13", "WindGustMiles": "8", "windspeedKmph": "9", "windspeedMiles": "5" }, {"cloudcover": "5", "DewPointC": "20", "DewPointF": "68", "FeelsLikeC": "34", "FeelsLikeF": "93", "HeatIndexC": "34", "HeatIndexF": "93", "humidity": "52", "precipMM": "0.0", "pressure": "1018", "tempC": "31", "tempF": "88", "time": "1100", "visibility": "10", "weatherCode": "113",  "weatherDesc": [ {"value": "Sunny" } ],  "weatherIconUrl": [ {"value": "http:\/\/cdn.worldweatheronline.net\/images\/wsymbols01_png_64\/wsymbol_0001_sunny.png" } ], "WindChillC": "31", "WindChillF": "88", "winddir16Point": "NW", "winddirDegree": "315", "WindGustKmph": "13", "WindGustMiles": "8", "windspeedKmph": "11", "windspeedMiles": "7" }, {"cloudcover": "19", "DewPointC": "21", "DewPointF": "70", "FeelsLikeC": "34", "FeelsLikeF": "94", "HeatIndexC": "34", "HeatIndexF": "94", "humidity": "54", "precipMM": "0.0", "pressure": "1016", "tempC": "31", "tempF": "88", "time": "1400", "visibility": "10", "weatherCode": "113",  "weatherDesc": [ {"value": "Sunny" } ],  "weatherIconUrl": [ {"value": "http:\/\/cdn.worldweatheronline.net\/images\/wsymbols01_png_64\/wsymbol_0001_sunny.png" } ], "WindChillC": "31", "WindChillF": "88", "winddir16Point": "NW", "winddirDegree": "322", "WindGustKmph": "19", "WindGustMiles": "12", "windspeedKmph": "17", "windspeedMiles": "11" }, {"cloudcover": "22", "DewPointC": "21", "DewPointF": "69", "FeelsLikeC": "31", "FeelsLikeF": "87", "HeatIndexC": "31", "HeatIndexF": "87", "humidity": "63", "precipMM": "0.0", "pressure": "1016", "tempC": "28", "tempF": "83", "time": "1700", "visibility": "10", "weatherCode": "113",  "weatherDesc": [ {"value": "Sunny" } ],  "weatherIconUrl": [ {"value": "http:\/\/cdn.worldweatheronline.net\/images\/wsymbols01_png_64\/wsymbol_0001_sunny.png" } ], "WindChillC": "28", "WindChillF": "83", "winddir16Point": "NNW", "winddirDegree": "344", "WindGustKmph": "19", "WindGustMiles": "12", "windspeedKmph": "17", "windspeedMiles": "11" }, {"cloudcover": "5", "DewPointC": "19", "DewPointF": "65", "FeelsLikeC": "26", "FeelsLikeF": "79", "HeatIndexC": "26", "HeatIndexF": "79", "humidity": "71", "precipMM": "0.1", "pressure": "1017", "tempC": "24", "tempF": "76", "time": "2000", "visibility": "10", "weatherCode": "113",  "weatherDesc": [ {"value": "Clear" } ],  "weatherIconUrl": [ {"value": "http:\/\/cdn.worldweatheronline.net\/images\/wsymbols01_png_64\/wsymbol_0008_clear_sky_night.png" } ], "WindChillC": "24", "WindChillF": "76", "winddir16Point": "N", "winddirDegree": "357", "WindGustKmph": "17", "WindGustMiles": "11", "windspeedKmph": "10", "windspeedMiles": "6" }, {"cloudcover": "5", "DewPointC": "17", "DewPointF": "62", "FeelsLikeC": "22", "FeelsLikeF": "71", "HeatIndexC": "25", "HeatIndexF": "76", "humidity": "73", "precipMM": "0.0", "pressure": "1017", "tempC": "22", "tempF": "71", "time": "2300", "visibility": "10", "weatherCode": "113",  "weatherDesc": [ {"value": "Clear" } ],  "weatherIconUrl": [ {"value": "http:\/\/cdn.worldweatheronline.net\/images\/wsymbols01_png_64\/wsymbol_0008_clear_sky_night.png" } ], "WindChillC": "22", "WindChillF": "71", "winddir16Point": "N", "winddirDegree": "3", "WindGustKmph": "17", "WindGustMiles": "11", "windspeedKmph": "8", "windspeedMiles": "5" } ], "maxtempC": "31", "maxtempF": "88", "mintempC": "19", "mintempF": "67" } ] }}