{ "data": { "request": [ {"query": "Lat 23.50 and Lon 120.42", "type": "LatLon" } ],  "weather": [ { "astronomy": [ {"moonrise": "07:49 PM", "moonset": "07:33 AM", "sunrise": "05:37 AM", "sunset": "06:24 PM" } ], "date": "2013-08-23",  "hourly": [ {"cloudcover": "20", "DewPointC": "20", "DewPointF": "68", "FeelsLikeC": "25", "FeelsLikeF": "78", "HeatIndexC": "25", "HeatIndexF": "78", "humidity": "82", "precipMM": "0.0", "pressure": "1002", "tempC": "23", "tempF": "74", "time": "200", "visibility": "10", "weatherCode": "113",  "weatherDesc": [ {"value": "Clear" } ],  "weatherIconUrl": [ {"value": "http:\/\/cdn.worldweatheronline.net\/images\/wsymbols01_png_64\/wsymbol_0008_clear_sky_night.png" } ], "WindChillC": "23", "WindChillF": "74", "winddir16Point": "S", "winddirDegree": "171", "WindGustKmph": "43", "WindGustMiles": "27", "windspeedKmph": "21", "windspeedMiles": "13" }, {"cloudcover": "32", "DewPointC": "20", "DewPointF": "68", "FeelsLikeC": "25", "FeelsLikeF": "77", "HeatIndexC": "25", "HeatIndexF": "77", "humidity": "83", "precipMM": "0.2", "pressure": "1002", "tempC": "23", "tempF": "73", "time": "500", "visibility": "9", "weatherCode": "176",  "weatherDesc": [ {"value": "Patchy rain nearby" } ],  "weatherIconUrl": [ {"value": "http:\/\/cdn.worldweatheronline.net\/images\/wsymbols01_png_64\/wsymbol_0025_light_rain_showers_night.png" } ], "WindChillC": "23", "WindChillF": "73", "winddir16Point": "SSE", "winddirDegree": "166", "WindGustKmph": "40", "WindGustMiles": "25", "windspeedKmph": "19", "windspeedMiles": "12" }, {"cloudcover": "42", "DewPointC": "23", "DewPointF": "73", "FeelsLikeC": "31", "FeelsLikeF": "87", "HeatIndexC": "31", "HeatIndexF": "87", "humidity": "74", "precipMM": "0.6", "pressure": "1004", "tempC": "28", "tempF": "82", "time": "800", "visibility": "9", "weatherCode": "176",  "weatherDesc": [ {"value": "Patchy rain nearby" } ],  "weatherIconUrl": [ {"value": "http:\/\/cdn.worldweatheronline.net\/images\/wsymbols01_png_64\/wsymbol_0009_light_rain_showers.png" } ], "WindChillC": "28", "WindChillF": "82", "winddir16Point": "SSW", "winddirDegree": "191", "WindGustKmph": "32", "WindGustMiles": "20", "windspeedKmph": "23", "windspeedMiles": "15" }, {"cloudcover": "55", "DewPointC": "26", "DewPointF": "78", "FeelsLikeC": "38", "FeelsLikeF": "100", "HeatIndexC": "38", "HeatIndexF": "100", "humidity": "73", "precipMM": "3.6", "pressure": "1005", "tempC": "31", "tempF": "88", "time": "1100", "visibility": "8", "weatherCode": "299",  "weatherDesc": [ {"value": "Moderate rain at times" } ],  "weatherIconUrl": [ {"value": "http:\/\/cdn.worldweatheronline.net\/images\/wsymbols01_png_64\/wsymbol_0010_heavy_rain_showers.png" } ], "WindChillC": "31", "WindChillF": "88", "winddir16Point": "SSW", "winddirDegree": "198", "WindGustKmph": "38", "WindGustMiles": "24", "windspeedKmph": "28", "windspeedMiles": "17" }, {"cloudcover": "64", "DewPointC": "25", "DewPointF": "77", "FeelsLikeC": "34", "FeelsLikeF": "94", "HeatIndexC": "34", "HeatIndexF": "94", "humidity": "81", "precipMM": "6.1", "pressure": "1004", "tempC": "29", "tempF": "84", "time": "1400", "visibility": "8", "weatherCode": "299",  "weatherDesc": [ {"value": "Moderate rain at times" } ],  "weatherIconUrl": [ {"value": "http:\/\/cdn.worldweatheronline.net\/images\/wsymbols01_png_64\/wsymbol_0010_heavy_rain_showers.png" } ], "WindChillC": "29", "WindChillF": "84", "winddir16Point": "S", "winddirDegree": "191", "WindGustKmph": "28", "WindGustMiles": "18", "windspeedKmph": "22", "windspeedMiles": "14" }, {"cloudcover": "47", "DewPointC": "26", "DewPointF": "79", "FeelsLikeC": "36", "FeelsLikeF": "96", "HeatIndexC": "36", "HeatIndexF": "96", "humidity": "84", "precipMM": "6.0", "pressure": "1005", "tempC": "29", "tempF": "84", "time": "1700", "visibility": "8", "weatherCode": "299",  "weatherDesc": [ {"value": "Moderate rain at times" } ],  "weatherIconUrl": [ {"value": "http:\/\/cdn.worldweatheronline.net\/images\/wsymbols01_png_64\/wsymbol_0010_heavy_rain_showers.png" } ], "WindChillC": "29", "WindChillF": "84", "winddir16Point": "S", "winddirDegree": "187", "WindGustKmph": "15", "WindGustMiles": "10", "windspeedKmph": "13", "windspeedMiles": "8" }, {"cloudcover": "32", "DewPointC": "22", "DewPointF": "72", "FeelsLikeC": "28", "FeelsLikeF": "82", "HeatIndexC": "28", "HeatIndexF": "82", "humidity": "83", "precipMM": "1.3", "pressure": "1005", "tempC": "25", "tempF": "78", "time": "2000", "visibility": "9", "weatherCode": "176",  "weatherDesc": [ {"value": "Patchy rain nearby" } ],  "weatherIconUrl": [ {"value": "http:\/\/cdn.worldweatheronline.net\/images\/wsymbols01_png_64\/wsymbol_0025_light_rain_showers_night.png" } ], "WindChillC": "25", "WindChillF": "78", "winddir16Point": "S", "winddirDegree": "179", "WindGustKmph": "25", "WindGustMiles": "16", "windspeedKmph": "14", "windspeedMiles": "9" }, {"cloudcover": "31", "DewPointC": "21", "DewPointF": "69", "FeelsLikeC": "26", "FeelsLikeF": "78", "HeatIndexC": "26", "HeatIndexF": "78", "humidity": "83", "precipMM": "0.6", "pressure": "1007", "tempC": "24", "tempF": "74", "time": "2300", "visibility": "9", "weatherCode": "176",  "weatherDesc": [ {"value": "Patchy rain nearby" } ],  "weatherIconUrl": [ {"value": "http:\/\/cdn.worldweatheronline.net\/images\/wsymbols01_png_64\/wsymbol_0025_light_rain_showers_night.png" } ], "WindChillC": "24", "WindChillF": "74", "winddir16Point": "S", "winddirDegree": "177", "WindGustKmph": "23", "WindGustMiles": "15", "windspeedKmph": "11", "windspeedMiles": "7" } ], "maxtempC": "31", "maxtempF": "88", "mintempC": "23", "mintempF": "73" } ] }}