{ "data": { "request": [ {"query": "Lat 23.50 and Lon 120.42", "type": "LatLon" } ],  "weather": [ { "astronomy": [ {"moonrise": "03:55 AM", "moonset": "05:19 PM", "sunrise": "05:30 AM", "sunset": "06:38 PM" } ], "date": "2013-08-05",  "hourly": [ {"cloudcover": "8", "DewPointC": "21", "DewPointF": "70", "FeelsLikeC": "27", "FeelsLikeF": "81", "HeatIndexC": "27", "HeatIndexF": "81", "humidity": "77", "precipMM": "0.0", "pressure": "1010", "tempC": "25", "tempF": "78", "time": "200", "visibility": "10", "weatherCode": "113",  "weatherDesc": [ {"value": "Clear" } ],  "weatherIconUrl": [ {"value": "http:\/\/cdn.worldweatheronline.net\/images\/wsymbols01_png_64\/wsymbol_0008_clear_sky_night.png" } ], "WindChillC": "25", "WindChillF": "78", "winddir16Point": "S", "winddirDegree": "173", "WindGustKmph": "14", "WindGustMiles": "9", "windspeedKmph": "7", "windspeedMiles": "4" }, {"cloudcover": "5", "DewPointC": "20", "DewPointF": "67", "FeelsLikeC": "26", "FeelsLikeF": "78", "HeatIndexC": "26", "HeatIndexF": "78", "humidity": "77", "precipMM": "0.0", "pressure": "1010", "tempC": "24", "tempF": "75", "time": "500", "visibility": "10", "weatherCode": "113",  "weatherDesc": [ {"value": "Clear" } ],  "weatherIconUrl": [ {"value": "http:\/\/cdn.worldweatheronline.net\/images\/wsymbols01_png_64\/wsymbol_0008_clear_sky_night.png" } ], "WindChillC": "24", "WindChillF": "75", "winddir16Point": "SSW", "winddirDegree": "195", "WindGustKmph": "13", "WindGustMiles": "8", "windspeedKmph": "6", "windspeedMiles": "4" }, {"cloudcover": "5", "DewPointC": "23", "DewPointF": "74", "FeelsLikeC": "34", "FeelsLikeF": "92", "HeatIndexC": "34", "HeatIndexF": "92", "humidity": "69", "precipMM": "0.0", "pressure": "1010", "tempC": "27", "tempF": "81", "time": "800", "visibility": "10", "weatherCode": "113",  "weatherDesc": [ {"value": "Sunny" } ],  "weatherIconUrl": [ {"value": "http:\/\/cdn.worldweatheronline.net\/images\/wsymbols01_png_64\/wsymbol_0001_sunny.png" } ], "WindChillC": "29", "WindChillF": "85", "winddir16Point": "WSW", "winddirDegree": "259", "WindGustKmph": "9", "WindGustMiles": "6", "windspeedKmph": "8", "windspeedMiles": "5" }, {"cloudcover": "9", "DewPointC": "26", "DewPointF": "80", "FeelsLikeC": "45", "FeelsLikeF": "112", "HeatIndexC": "45", "HeatIndexF": "112", "humidity": "64", "precipMM": "0.0", "pressure": "1010", "tempC": "33", "tempF": "91", "time": "1100", "visibility": "10", "weatherCode": "113",  "weatherDesc": [ {"value": "Sunny" } ],  "weatherIconUrl": [ {"value": "http:\/\/cdn.worldweatheronline.net\/images\/wsymbols01_png_64\/wsymbol_0001_sunny.png" } ], "WindChillC": "34", "WindChillF": "94", "winddir16Point": "W", "winddirDegree": "276", "WindGustKmph": "17", "WindGustMiles": "10", "windspeedKmph": "14", "windspeedMiles": "9" }, {"cloudcover": "10", "DewPointC": "26", "DewPointF": "79", "FeelsLikeC": "44", "FeelsLikeF": "111", "HeatIndexC": "44", "HeatIndexF": "111", "humidity": "63", "precipMM": "1.1", "pressure": "1009", "tempC": "33", "tempF": "92", "time": "1400", "visibility": "9", "weatherCode": "176",  "weatherDesc": [ {"value": "Patchy rain nearby" } ],  "weatherIconUrl": [ {"value": "http:\/\/cdn.worldweatheronline.net\/images\/wsymbols01_png_64\/wsymbol_0009_light_rain_showers.png" } ], "WindChillC": "34", "WindChillF": "94", "winddir16Point": "W", "winddirDegree": "276", "WindGustKmph": "21", "WindGustMiles": "13", "windspeedKmph": "15", "windspeedMiles": "10" }, {"cloudcover": "8", "DewPointC": "27", "DewPointF": "80", "FeelsLikeC": "44", "FeelsLikeF": "110", "HeatIndexC": "44", "HeatIndexF": "110", "humidity": "68", "precipMM": "1.2", "pressure": "1009", "tempC": "32", "tempF": "89", "time": "1700", "visibility": "9", "weatherCode": "176",  "weatherDesc": [ {"value": "Patchy rain nearby" } ],  "weatherIconUrl": [ {"value": "http:\/\/cdn.worldweatheronline.net\/images\/wsymbols01_png_64\/wsymbol_0009_light_rain_showers.png" } ], "WindChillC": "34", "WindChillF": "92", "winddir16Point": "W", "winddirDegree": "275", "WindGustKmph": "17", "WindGustMiles": "11", "windspeedKmph": "13", "windspeedMiles": "8" }, {"cloudcover": "5", "DewPointC": "26", "DewPointF": "78", "FeelsLikeC": "37", "FeelsLikeF": "98", "HeatIndexC": "37", "HeatIndexF": "98", "humidity": "78", "precipMM": "0.0", "pressure": "1009", "tempC": "30", "tempF": "86", "time": "2000", "visibility": "10", "weatherCode": "113",  "weatherDesc": [ {"value": "Clear" } ],  "weatherIconUrl": [ {"value": "http:\/\/cdn.worldweatheronline.net\/images\/wsymbols01_png_64\/wsymbol_0008_clear_sky_night.png" } ], "WindChillC": "30", "WindChillF": "86", "winddir16Point": "W", "winddirDegree": "269", "WindGustKmph": "8", "WindGustMiles": "5", "windspeedKmph": "7", "windspeedMiles": "4" }, {"cloudcover": "4", "DewPointC": "25", "DewPointF": "76", "FeelsLikeC": "33", "FeelsLikeF": "91", "HeatIndexC": "33", "HeatIndexF": "91", "humidity": "82", "precipMM": "0.1", "pressure": "1010", "tempC": "28", "tempF": "82", "time": "2300", "visibility": "10", "weatherCode": "113",  "weatherDesc": [ {"value": "Clear" } ],  "weatherIconUrl": [ {"value": "http:\/\/cdn.worldweatheronline.net\/images\/wsymbols01_png_64\/wsymbol_0008_clear_sky_night.png" } ], "WindChillC": "28", "WindChillF": "82", "winddir16Point": "SW", "winddirDegree": "220", "WindGustKmph": "9", "WindGustMiles": "6", "windspeedKmph": "6", "windspeedMiles": "4" } ], "maxtempC": "33", "maxtempF": "92", "mintempC": "24", "mintempF": "75" } ] }}