{ "data": { "request": [ {"query": "Lat 23.50 and Lon 120.42", "type": "LatLon" } ],  "weather": [ { "astronomy": [ {"moonrise": "06:07 AM", "moonset": "05:55 PM", "sunrise": "06:34 AM", "sunset": "05:51 PM" } ], "date": "2013-02-10",  "hourly": [ {"cloudcover": "7", "DewPointC": "10", "DewPointF": "50", "FeelsLikeC": "13", "FeelsLikeF": "55", "HeatIndexC": "13", "HeatIndexF": "56", "humidity": "81", "precipMM": "0.0", "pressure": "1020", "tempC": "13", "tempF": "56", "time": "200", "visibility": "10", "weatherCode": "113",  "weatherDesc": [ {"value": "Clear" } ],  "weatherIconUrl": [ {"value": "http:\/\/cdn.worldweatheronline.net\/images\/wsymbols01_png_64\/wsymbol_0008_clear_sky_night.png" } ], "WindChillC": "13", "WindChillF": "55", "winddir16Point": "NNE", "winddirDegree": "23", "WindGustKmph": "16", "WindGustMiles": "10", "windspeedKmph": "8", "windspeedMiles": "5" }, {"cloudcover": "6", "DewPointC": "9", "DewPointF": "48", "FeelsLikeC": "12", "FeelsLikeF": "54", "HeatIndexC": "13", "HeatIndexF": "56", "humidity": "76", "precipMM": "0.0", "pressure": "1019", "tempC": "13", "tempF": "56", "time": "500", "visibility": "10", "weatherCode": "113",  "weatherDesc": [ {"value": "Clear" } ],  "weatherIconUrl": [ {"value": "http:\/\/cdn.worldweatheronline.net\/images\/wsymbols01_png_64\/wsymbol_0008_clear_sky_night.png" } ], "WindChillC": "12", "WindChillF": "54", "winddir16Point": "NE", "winddirDegree": "44", "WindGustKmph": "21", "WindGustMiles": "13", "windspeedKmph": "10", "windspeedMiles": "6" }, {"cloudcover": "6", "DewPointC": "11", "DewPointF": "51", "FeelsLikeC": "18", "FeelsLikeF": "64", "HeatIndexC": "18", "HeatIndexF": "64", "humidity": "65", "precipMM": "0.0", "pressure": "1020", "tempC": "16", "tempF": "62", "time": "800", "visibility": "10", "weatherCode": "113",  "weatherDesc": [ {"value": "Sunny" } ],  "weatherIconUrl": [ {"value": "http:\/\/cdn.worldweatheronline.net\/images\/wsymbols01_png_64\/wsymbol_0001_sunny.png" } ], "WindChillC": "18", "WindChillF": "64", "winddir16Point": "NE", "winddirDegree": "39", "WindGustKmph": "14", "WindGustMiles": "9", "windspeedKmph": "9", "windspeedMiles": "5" }, {"cloudcover": "5", "DewPointC": "12", "DewPointF": "54", "FeelsLikeC": "23", "FeelsLikeF": "74", "HeatIndexC": "25", "HeatIndexF": "77", "humidity": "51", "precipMM": "0.0", "pressure": "1020", "tempC": "22", "tempF": "71", "time": "1100", "visibility": "10", "weatherCode": "113",  "weatherDesc": [ {"value": "Sunny" } ],  "weatherIconUrl": [ {"value": "http:\/\/cdn.worldweatheronline.net\/images\/wsymbols01_png_64\/wsymbol_0001_sunny.png" } ], "WindChillC": "23", "WindChillF": "74", "winddir16Point": "NNW", "winddirDegree": "329", "WindGustKmph": "16", "WindGustMiles": "10", "windspeedKmph": "14", "windspeedMiles": "9" }, {"cloudcover": "4", "DewPointC": "15", "DewPointF": "58", "FeelsLikeC": "26", "FeelsLikeF": "79", "HeatIndexC": "26", "HeatIndexF": "79", "humidity": "53", "precipMM": "0.0", "pressure": "1019", "tempC": "23", "tempF": "74", "time": "1400", "visibility": "10", "weatherCode": "113",  "weatherDesc": [ {"value": "Sunny" } ],  "weatherIconUrl": [ {"value": "http:\/\/cdn.worldweatheronline.net\/images\/wsymbols01_png_64\/wsymbol_0001_sunny.png" } ], "WindChillC": "25", "WindChillF": "77", "winddir16Point": "NNW", "winddirDegree": "328", "WindGustKmph": "19", "WindGustMiles": "12", "windspeedKmph": "16", "windspeedMiles": "10" }, {"cloudcover": "4", "DewPointC": "15", "DewPointF": "59", "FeelsLikeC": "23", "FeelsLikeF": "73", "HeatIndexC": "25", "HeatIndexF": "77", "humidity": "61", "precipMM": "0.0", "pressure": "1019", "tempC": "21", "tempF": "70", "time": "1700", "visibility": "10", "weatherCode": "113",  "weatherDesc": [ {"value": "Sunny" } ],  "weatherIconUrl": [ {"value": "http:\/\/cdn.worldweatheronline.net\/images\/wsymbols01_png_64\/wsymbol_0001_sunny.png" } ], "WindChillC": "23", "WindChillF": "73", "winddir16Point": "NNW", "winddirDegree": "343", "WindGustKmph": "18", "WindGustMiles": "11", "windspeedKmph": "16", "windspeedMiles": "10" }, {"cloudcover": "6", "DewPointC": "13", "DewPointF": "55", "FeelsLikeC": "18", "FeelsLikeF": "64", "HeatIndexC": "18", "HeatIndexF": "64", "humidity": "73", "precipMM": "0.0", "pressure": "1019", "tempC": "18", "tempF": "64", "time": "2000", "visibility": "10", "weatherCode": "113",  "weatherDesc": [ {"value": "Clear" } ],  "weatherIconUrl": [ {"value": "http:\/\/cdn.worldweatheronline.net\/images\/wsymbols01_png_64\/wsymbol_0008_clear_sky_night.png" } ], "WindChillC": "18", "WindChillF": "64", "winddir16Point": "NNE", "winddirDegree": "25", "WindGustKmph": "20", "WindGustMiles": "12", "windspeedKmph": "10", "windspeedMiles": "6" }, {"cloudcover": "5", "DewPointC": "11", "DewPointF": "52", "FeelsLikeC": "15", "FeelsLikeF": "60", "HeatIndexC": "15", "HeatIndexF": "60", "humidity": "77", "precipMM": "0.0", "pressure": "1020", "tempC": "15", "tempF": "60", "time": "2300", "visibility": "10", "weatherCode": "113",  "weatherDesc": [ {"value": "Clear" } ],  "weatherIconUrl": [ {"value": "http:\/\/cdn.worldweatheronline.net\/images\/wsymbols01_png_64\/wsymbol_0008_clear_sky_night.png" } ], "WindChillC": "15", "WindChillF": "60", "winddir16Point": "NE", "winddirDegree": "38", "WindGustKmph": "14", "WindGustMiles": "9", "windspeedKmph": "7", "windspeedMiles": "4" } ], "maxtempC": "23", "maxtempF": "74", "mintempC": "13", "mintempF": "56" } ] }}