{ "data": { "request": [ {"query": "Lat 23.50 and Lon 120.42", "type": "LatLon" } ],  "weather": [ { "astronomy": [ {"moonrise": "12:59 AM", "moonset": "02:32 PM", "sunrise": "05:40 AM", "sunset": "06:17 PM" } ], "date": "2013-08-31",  "hourly": [ {"cloudcover": "58", "DewPointC": "21", "DewPointF": "69", "FeelsLikeC": "25", "FeelsLikeF": "78", "HeatIndexC": "25", "HeatIndexF": "78", "humidity": "86", "precipMM": "1.5", "pressure": "1005", "tempC": "23", "tempF": "74", "time": "200", "visibility": "9", "weatherCode": "293",  "weatherDesc": [ {"value": "Patchy light rain" } ],  "weatherIconUrl": [ {"value": "http:\/\/cdn.worldweatheronline.net\/images\/wsymbols01_png_64\/wsymbol_0033_cloudy_with_light_rain_night.png" } ], "WindChillC": "23", "WindChillF": "74", "winddir16Point": "SSE", "winddirDegree": "163", "WindGustKmph": "28", "WindGustMiles": "17", "windspeedKmph": "14", "windspeedMiles": "9" }, {"cloudcover": "54", "DewPointC": "21", "DewPointF": "69", "FeelsLikeC": "25", "FeelsLikeF": "77", "HeatIndexC": "25", "HeatIndexF": "77", "humidity": "87", "precipMM": "2.6", "pressure": "1005", "tempC": "23", "tempF": "73", "time": "500", "visibility": "8", "weatherCode": "299",  "weatherDesc": [ {"value": "Moderate rain at times" } ],  "weatherIconUrl": [ {"value": "http:\/\/cdn.worldweatheronline.net\/images\/wsymbols01_png_64\/wsymbol_0026_heavy_rain_showers_night.png" } ], "WindChillC": "23", "WindChillF": "73", "winddir16Point": "S", "winddirDegree": "172", "WindGustKmph": "35", "WindGustMiles": "22", "windspeedKmph": "19", "windspeedMiles": "12" }, {"cloudcover": "54", "DewPointC": "23", "DewPointF": "74", "FeelsLikeC": "28", "FeelsLikeF": "82", "HeatIndexC": "28", "HeatIndexF": "82", "humidity": "89", "precipMM": "5.5", "pressure": "1006", "tempC": "25", "tempF": "77", "time": "800", "visibility": "8", "weatherCode": "299",  "weatherDesc": [ {"value": "Moderate rain at times" } ],  "weatherIconUrl": [ {"value": "http:\/\/cdn.worldweatheronline.net\/images\/wsymbols01_png_64\/wsymbol_0010_heavy_rain_showers.png" } ], "WindChillC": "25", "WindChillF": "77", "winddir16Point": "S", "winddirDegree": "184", "WindGustKmph": "31", "WindGustMiles": "19", "windspeedKmph": "23", "windspeedMiles": "14" }, {"cloudcover": "78", "DewPointC": "23", "DewPointF": "74", "FeelsLikeC": "29", "FeelsLikeF": "83", "HeatIndexC": "29", "HeatIndexF": "83", "humidity": "88", "precipMM": "5.3", "pressure": "1006", "tempC": "26", "tempF": "78", "time": "1100", "visibility": "7", "weatherCode": "302",  "weatherDesc": [ {"value": "Moderate rain" } ],  "weatherIconUrl": [ {"value": "http:\/\/cdn.worldweatheronline.net\/images\/wsymbols01_png_64\/wsymbol_0018_cloudy_with_heavy_rain.png" } ], "WindChillC": "26", "WindChillF": "78", "winddir16Point": "S", "winddirDegree": "181", "WindGustKmph": "26", "WindGustMiles": "16", "windspeedKmph": "20", "windspeedMiles": "12" }, {"cloudcover": "89", "DewPointC": "24", "DewPointF": "76", "FeelsLikeC": "29", "FeelsLikeF": "85", "HeatIndexC": "29", "HeatIndexF": "85", "humidity": "93", "precipMM": "8.2", "pressure": "1005", "tempC": "26", "tempF": "78", "time": "1400", "visibility": "5", "weatherCode": "308",  "weatherDesc": [ {"value": "Heavy rain" } ],  "weatherIconUrl": [ {"value": "http:\/\/cdn.worldweatheronline.net\/images\/wsymbols01_png_64\/wsymbol_0018_cloudy_with_heavy_rain.png" } ], "WindChillC": "26", "WindChillF": "78", "winddir16Point": "SW", "winddirDegree": "227", "WindGustKmph": "29", "WindGustMiles": "18", "windspeedKmph": "21", "windspeedMiles": "13" }, {"cloudcover": "100", "DewPointC": "24", "DewPointF": "75", "FeelsLikeC": "29", "FeelsLikeF": "83", "HeatIndexC": "29", "HeatIndexF": "83", "humidity": "93", "precipMM": "15.5", "pressure": "1006", "tempC": "25", "tempF": "77", "time": "1700", "visibility": "5", "weatherCode": "308",  "weatherDesc": [ {"value": "Heavy rain" } ],  "weatherIconUrl": [ {"value": "http:\/\/cdn.worldweatheronline.net\/images\/wsymbols01_png_64\/wsymbol_0018_cloudy_with_heavy_rain.png" } ], "WindChillC": "25", "WindChillF": "77", "winddir16Point": "SW", "winddirDegree": "232", "WindGustKmph": "53", "WindGustMiles": "33", "windspeedKmph": "27", "windspeedMiles": "17" }, {"cloudcover": "100", "DewPointC": "23", "DewPointF": "74", "FeelsLikeC": "27", "FeelsLikeF": "80", "HeatIndexC": "27", "HeatIndexF": "80", "humidity": "93", "precipMM": "28.1", "pressure": "1007", "tempC": "24", "tempF": "76", "time": "2000", "visibility": "5", "weatherCode": "308",  "weatherDesc": [ {"value": "Heavy rain" } ],  "weatherIconUrl": [ {"value": "http:\/\/cdn.worldweatheronline.net\/images\/wsymbols01_png_64\/wsymbol_0034_cloudy_with_heavy_rain_night.png" } ], "WindChillC": "24", "WindChillF": "76", "winddir16Point": "SSW", "winddirDegree": "206", "WindGustKmph": "52", "WindGustMiles": "32", "windspeedKmph": "26", "windspeedMiles": "16" }, {"cloudcover": "89", "DewPointC": "22", "DewPointF": "72", "FeelsLikeC": "26", "FeelsLikeF": "79", "HeatIndexC": "26", "HeatIndexF": "79", "humidity": "92", "precipMM": "22.0", "pressure": "1008", "tempC": "24", "tempF": "75", "time": "2300", "visibility": "5", "weatherCode": "308",  "weatherDesc": [ {"value": "Heavy rain" } ],  "weatherIconUrl": [ {"value": "http:\/\/cdn.worldweatheronline.net\/images\/wsymbols01_png_64\/wsymbol_0034_cloudy_with_heavy_rain_night.png" } ], "WindChillC": "24", "WindChillF": "75", "winddir16Point": "SSW", "winddirDegree": "200", "WindGustKmph": "51", "WindGustMiles": "32", "windspeedKmph": "30", "windspeedMiles": "18" } ], "maxtempC": "26", "maxtempF": "78", "mintempC": "23", "mintempF": "73" } ] }}