{ "data": { "request": [ {"query": "Lat 23.50 and Lon 120.42", "type": "LatLon" } ],  "weather": [ { "astronomy": [ {"moonrise": "01:20 AM", "moonset": "02:05 PM", "sunrise": "05:11 AM", "sunset": "06:42 PM" } ], "date": "2013-06-03",  "hourly": [ {"cloudcover": "5", "DewPointC": "17", "DewPointF": "63", "FeelsLikeC": "26", "FeelsLikeF": "78", "HeatIndexC": "26", "HeatIndexF": "78", "humidity": "67", "precipMM": "0.0", "pressure": "1006", "tempC": "24", "tempF": "75", "time": "200", "visibility": "10", "weatherCode": "113",  "weatherDesc": [ {"value": "Clear" } ],  "weatherIconUrl": [ {"value": "http:\/\/cdn.worldweatheronline.net\/images\/wsymbols01_png_64\/wsymbol_0008_clear_sky_night.png" } ], "WindChillC": "24", "WindChillF": "75", "winddir16Point": "SSE", "winddirDegree": "159", "WindGustKmph": "17", "WindGustMiles": "11", "windspeedKmph": "8", "windspeedMiles": "5" }, {"cloudcover": "5", "DewPointC": "17", "DewPointF": "62", "FeelsLikeC": "25", "FeelsLikeF": "77", "HeatIndexC": "25", "HeatIndexF": "77", "humidity": "67", "precipMM": "0.0", "pressure": "1006", "tempC": "23", "tempF": "74", "time": "500", "visibility": "10", "weatherCode": "113",  "weatherDesc": [ {"value": "Clear" } ],  "weatherIconUrl": [ {"value": "http:\/\/cdn.worldweatheronline.net\/images\/wsymbols01_png_64\/wsymbol_0008_clear_sky_night.png" } ], "WindChillC": "23", "WindChillF": "74", "winddir16Point": "SSE", "winddirDegree": "154", "WindGustKmph": "15", "WindGustMiles": "9", "windspeedKmph": "7", "windspeedMiles": "4" }, {"cloudcover": "6", "DewPointC": "19", "DewPointF": "66", "FeelsLikeC": "30", "FeelsLikeF": "87", "HeatIndexC": "30", "HeatIndexF": "87", "humidity": "54", "precipMM": "0.0", "pressure": "1007", "tempC": "27", "tempF": "81", "time": "800", "visibility": "10", "weatherCode": "113",  "weatherDesc": [ {"value": "Sunny" } ],  "weatherIconUrl": [ {"value": "http:\/\/cdn.worldweatheronline.net\/images\/wsymbols01_png_64\/wsymbol_0001_sunny.png" } ], "WindChillC": "29", "WindChillF": "84", "winddir16Point": "SSW", "winddirDegree": "194", "WindGustKmph": "9", "WindGustMiles": "6", "windspeedKmph": "8", "windspeedMiles": "5" }, {"cloudcover": "7", "DewPointC": "21", "DewPointF": "70", "FeelsLikeC": "37", "FeelsLikeF": "99", "HeatIndexC": "37", "HeatIndexF": "99", "humidity": "50", "precipMM": "0.0", "pressure": "1008", "tempC": "32", "tempF": "89", "time": "1100", "visibility": "10", "weatherCode": "113",  "weatherDesc": [ {"value": "Sunny" } ],  "weatherIconUrl": [ {"value": "http:\/\/cdn.worldweatheronline.net\/images\/wsymbols01_png_64\/wsymbol_0001_sunny.png" } ], "WindChillC": "33", "WindChillF": "92", "winddir16Point": "WSW", "winddirDegree": "243", "WindGustKmph": "15", "WindGustMiles": "9", "windspeedKmph": "13", "windspeedMiles": "8" }, {"cloudcover": "8", "DewPointC": "22", "DewPointF": "71", "FeelsLikeC": "38", "FeelsLikeF": "101", "HeatIndexC": "38", "HeatIndexF": "101", "humidity": "50", "precipMM": "0.1", "pressure": "1007", "tempC": "32", "tempF": "90", "time": "1400", "visibility": "10", "weatherCode": "113",  "weatherDesc": [ {"value": "Sunny" } ],  "weatherIconUrl": [ {"value": "http:\/\/cdn.worldweatheronline.net\/images\/wsymbols01_png_64\/wsymbol_0001_sunny.png" } ], "WindChillC": "34", "WindChillF": "93", "winddir16Point": "W", "winddirDegree": "273", "WindGustKmph": "13", "WindGustMiles": "8", "windspeedKmph": "12", "windspeedMiles": "7" }, {"cloudcover": "8", "DewPointC": "22", "DewPointF": "72", "FeelsLikeC": "38", "FeelsLikeF": "100", "HeatIndexC": "38", "HeatIndexF": "100", "humidity": "53", "precipMM": "0.1", "pressure": "1007", "tempC": "31", "tempF": "88", "time": "1700", "visibility": "10", "weatherCode": "113",  "weatherDesc": [ {"value": "Sunny" } ],  "weatherIconUrl": [ {"value": "http:\/\/cdn.worldweatheronline.net\/images\/wsymbols01_png_64\/wsymbol_0001_sunny.png" } ], "WindChillC": "33", "WindChillF": "92", "winddir16Point": "WNW", "winddirDegree": "290", "WindGustKmph": "12", "WindGustMiles": "7", "windspeedKmph": "10", "windspeedMiles": "6" }, {"cloudcover": "7", "DewPointC": "22", "DewPointF": "72", "FeelsLikeC": "31", "FeelsLikeF": "88", "HeatIndexC": "31", "HeatIndexF": "88", "humidity": "70", "precipMM": "0.1", "pressure": "1009", "tempC": "28", "tempF": "82", "time": "2000", "visibility": "10", "weatherCode": "113",  "weatherDesc": [ {"value": "Clear" } ],  "weatherIconUrl": [ {"value": "http:\/\/cdn.worldweatheronline.net\/images\/wsymbols01_png_64\/wsymbol_0008_clear_sky_night.png" } ], "WindChillC": "28", "WindChillF": "82", "winddir16Point": "NW", "winddirDegree": "316", "WindGustKmph": "5", "WindGustMiles": "3", "windspeedKmph": "4", "windspeedMiles": "2" }, {"cloudcover": "7", "DewPointC": "20", "DewPointF": "68", "FeelsLikeC": "27", "FeelsLikeF": "80", "HeatIndexC": "27", "HeatIndexF": "80", "humidity": "76", "precipMM": "0.0", "pressure": "1010", "tempC": "25", "tempF": "77", "time": "2300", "visibility": "10", "weatherCode": "113",  "weatherDesc": [ {"value": "Clear" } ],  "weatherIconUrl": [ {"value": "http:\/\/cdn.worldweatheronline.net\/images\/wsymbols01_png_64\/wsymbol_0008_clear_sky_night.png" } ], "WindChillC": "25", "WindChillF": "77", "winddir16Point": "SSW", "winddirDegree": "202", "WindGustKmph": "3", "WindGustMiles": "2", "windspeedKmph": "1", "windspeedMiles": "1" } ], "maxtempC": "32", "maxtempF": "90", "mintempC": "23", "mintempF": "74" } ] }}