{ "data": { "request": [ {"query": "Lat 23.50 and Lon 120.42", "type": "LatLon" } ],  "weather": [ { "astronomy": [ {"moonrise": "08:26 PM", "moonset": "06:58 AM", "sunrise": "05:14 AM", "sunset": "06:48 PM" } ], "date": "2013-06-25",  "hourly": [ {"cloudcover": "37", "DewPointC": "20", "DewPointF": "68", "FeelsLikeC": "26", "FeelsLikeF": "78", "HeatIndexC": "26", "HeatIndexF": "78", "humidity": "80", "precipMM": "2.2", "pressure": "1009", "tempC": "24", "tempF": "75", "time": "200", "visibility": "9", "weatherCode": "176",  "weatherDesc": [ {"value": "Patchy rain nearby" } ],  "weatherIconUrl": [ {"value": "http:\/\/cdn.worldweatheronline.net\/images\/wsymbols01_png_64\/wsymbol_0025_light_rain_showers_night.png" } ], "WindChillC": "24", "WindChillF": "75", "winddir16Point": "S", "winddirDegree": "173", "WindGustKmph": "36", "WindGustMiles": "22", "windspeedKmph": "18", "windspeedMiles": "11" }, {"cloudcover": "65", "DewPointC": "21", "DewPointF": "69", "FeelsLikeC": "25", "FeelsLikeF": "78", "HeatIndexC": "25", "HeatIndexF": "78", "humidity": "87", "precipMM": "5.1", "pressure": "1009", "tempC": "23", "tempF": "74", "time": "500", "visibility": "8", "weatherCode": "299",  "weatherDesc": [ {"value": "Moderate rain at times" } ],  "weatherIconUrl": [ {"value": "http:\/\/cdn.worldweatheronline.net\/images\/wsymbols01_png_64\/wsymbol_0026_heavy_rain_showers_night.png" } ], "WindChillC": "23", "WindChillF": "74", "winddir16Point": "SSE", "winddirDegree": "161", "WindGustKmph": "32", "WindGustMiles": "20", "windspeedKmph": "17", "windspeedMiles": "10" }, {"cloudcover": "59", "DewPointC": "22", "DewPointF": "71", "FeelsLikeC": "28", "FeelsLikeF": "82", "HeatIndexC": "28", "HeatIndexF": "82", "humidity": "81", "precipMM": "4.3", "pressure": "1010", "tempC": "24", "tempF": "75", "time": "800", "visibility": "8", "weatherCode": "299",  "weatherDesc": [ {"value": "Moderate rain at times" } ],  "weatherIconUrl": [ {"value": "http:\/\/cdn.worldweatheronline.net\/images\/wsymbols01_png_64\/wsymbol_0010_heavy_rain_showers.png" } ], "WindChillC": "25", "WindChillF": "78", "winddir16Point": "SSE", "winddirDegree": "148", "WindGustKmph": "22", "WindGustMiles": "14", "windspeedKmph": "17", "windspeedMiles": "10" }, {"cloudcover": "52", "DewPointC": "22", "DewPointF": "72", "FeelsLikeC": "30", "FeelsLikeF": "86", "HeatIndexC": "30", "HeatIndexF": "86", "humidity": "76", "precipMM": "2.5", "pressure": "1010", "tempC": "25", "tempF": "78", "time": "1100", "visibility": "9", "weatherCode": "293",  "weatherDesc": [ {"value": "Patchy light rain" } ],  "weatherIconUrl": [ {"value": "http:\/\/cdn.worldweatheronline.net\/images\/wsymbols01_png_64\/wsymbol_0017_cloudy_with_light_rain.png" } ], "WindChillC": "27", "WindChillF": "81", "winddir16Point": "SSE", "winddirDegree": "166", "WindGustKmph": "21", "WindGustMiles": "13", "windspeedKmph": "18", "windspeedMiles": "11" }, {"cloudcover": "47", "DewPointC": "22", "DewPointF": "72", "FeelsLikeC": "30", "FeelsLikeF": "87", "HeatIndexC": "30", "HeatIndexF": "87", "humidity": "73", "precipMM": "1.6", "pressure": "1009", "tempC": "26", "tempF": "80", "time": "1400", "visibility": "9", "weatherCode": "293",  "weatherDesc": [ {"value": "Patchy light rain" } ],  "weatherIconUrl": [ {"value": "http:\/\/cdn.worldweatheronline.net\/images\/wsymbols01_png_64\/wsymbol_0017_cloudy_with_light_rain.png" } ], "WindChillC": "28", "WindChillF": "82", "winddir16Point": "S", "winddirDegree": "170", "WindGustKmph": "23", "WindGustMiles": "14", "windspeedKmph": "20", "windspeedMiles": "13" }, {"cloudcover": "48", "DewPointC": "22", "DewPointF": "72", "FeelsLikeC": "31", "FeelsLikeF": "87", "HeatIndexC": "31", "HeatIndexF": "87", "humidity": "73", "precipMM": "1.1", "pressure": "1008", "tempC": "26", "tempF": "79", "time": "1700", "visibility": "9", "weatherCode": "293",  "weatherDesc": [ {"value": "Patchy light rain" } ],  "weatherIconUrl": [ {"value": "http:\/\/cdn.worldweatheronline.net\/images\/wsymbols01_png_64\/wsymbol_0017_cloudy_with_light_rain.png" } ], "WindChillC": "28", "WindChillF": "82", "winddir16Point": "SSE", "winddirDegree": "161", "WindGustKmph": "21", "WindGustMiles": "13", "windspeedKmph": "18", "windspeedMiles": "11" }, {"cloudcover": "51", "DewPointC": "20", "DewPointF": "67", "FeelsLikeC": "27", "FeelsLikeF": "80", "HeatIndexC": "27", "HeatIndexF": "80", "humidity": "72", "precipMM": "0.5", "pressure": "1008", "tempC": "25", "tempF": "77", "time": "2000", "visibility": "5", "weatherCode": "263",  "weatherDesc": [ {"value": "Patchy light drizzle" } ],  "weatherIconUrl": [ {"value": "http:\/\/cdn.worldweatheronline.net\/images\/wsymbols01_png_64\/wsymbol_0025_light_rain_showers_night.png" } ], "WindChillC": "25", "WindChillF": "77", "winddir16Point": "SE", "winddirDegree": "139", "WindGustKmph": "25", "WindGustMiles": "15", "windspeedKmph": "15", "windspeedMiles": "9" }, {"cloudcover": "44", "DewPointC": "18", "DewPointF": "64", "FeelsLikeC": "26", "FeelsLikeF": "78", "HeatIndexC": "26", "HeatIndexF": "78", "humidity": "66", "precipMM": "0.1", "pressure": "1009", "tempC": "24", "tempF": "76", "time": "2300", "visibility": "10", "weatherCode": "116",  "weatherDesc": [ {"value": "Partly Cloudy" } ],  "weatherIconUrl": [ {"value": "http:\/\/cdn.worldweatheronline.net\/images\/wsymbols01_png_64\/wsymbol_0004_black_low_cloud.png" } ], "WindChillC": "24", "WindChillF": "76", "winddir16Point": "SSE", "winddirDegree": "147", "WindGustKmph": "32", "WindGustMiles": "20", "windspeedKmph": "15", "windspeedMiles": "10" } ], "maxtempC": "26", "maxtempF": "80", "mintempC": "23", "mintempF": "74" } ] }}