{ "data": { "request": [ {"query": "Lat 25.13 and Lon 121.73", "type": "LatLon" } ],  "weather": [ { "astronomy": [ {"moonrise": "11:32 PM", "moonset": "10:45 AM", "sunrise": "06:39 AM", "sunset": "05:17 PM" } ], "date": "2013-01-04",  "hourly": [ {"cloudcover": "100", "DewPointC": "13", "DewPointF": "55", "FeelsLikeC": "15", "FeelsLikeF": "59", "HeatIndexC": "15", "HeatIndexF": "59", "humidity": "86", "precipMM": "1.0", "pressure": "1024", "tempC": "15", "tempF": "59", "time": "200", "visibility": "9", "weatherCode": "296",  "weatherDesc": [ {"value": "Light rain" } ],  "weatherIconUrl": [ {"value": "http:\/\/cdn.worldweatheronline.net\/images\/wsymbols01_png_64\/wsymbol_0033_cloudy_with_light_rain_night.png" } ], "WindChillC": "15", "WindChillF": "59", "winddir16Point": "NE", "winddirDegree": "36", "WindGustKmph": "39", "WindGustMiles": "24", "windspeedKmph": "34", "windspeedMiles": "21" }, {"cloudcover": "100", "DewPointC": "13", "DewPointF": "55", "FeelsLikeC": "13", "FeelsLikeF": "55", "HeatIndexC": "15", "HeatIndexF": "59", "humidity": "87", "precipMM": "1.0", "pressure": "1023", "tempC": "15", "tempF": "59", "time": "500", "visibility": "9", "weatherCode": "296",  "weatherDesc": [ {"value": "Light rain" } ],  "weatherIconUrl": [ {"value": "http:\/\/cdn.worldweatheronline.net\/images\/wsymbols01_png_64\/wsymbol_0033_cloudy_with_light_rain_night.png" } ], "WindChillC": "13", "WindChillF": "55", "winddir16Point": "NE", "winddirDegree": "43", "WindGustKmph": "46", "WindGustMiles": "29", "windspeedKmph": "37", "windspeedMiles": "23" }, {"cloudcover": "100", "DewPointC": "14", "DewPointF": "57", "FeelsLikeC": "16", "FeelsLikeF": "61", "HeatIndexC": "16", "HeatIndexF": "61", "humidity": "87", "precipMM": "1.4", "pressure": "1023", "tempC": "16", "tempF": "60", "time": "800", "visibility": "9", "weatherCode": "296",  "weatherDesc": [ {"value": "Light rain" } ],  "weatherIconUrl": [ {"value": "http:\/\/cdn.worldweatheronline.net\/images\/wsymbols01_png_64\/wsymbol_0017_cloudy_with_light_rain.png" } ], "WindChillC": "16", "WindChillF": "61", "winddir16Point": "NE", "winddirDegree": "51", "WindGustKmph": "42", "WindGustMiles": "26", "windspeedKmph": "36", "windspeedMiles": "23" }, {"cloudcover": "100", "DewPointC": "16", "DewPointF": "60", "FeelsLikeC": "18", "FeelsLikeF": "65", "HeatIndexC": "18", "HeatIndexF": "65", "humidity": "86", "precipMM": "1.4", "pressure": "1022", "tempC": "17", "tempF": "63", "time": "1100", "visibility": "9", "weatherCode": "296",  "weatherDesc": [ {"value": "Light rain" } ],  "weatherIconUrl": [ {"value": "http:\/\/cdn.worldweatheronline.net\/images\/wsymbols01_png_64\/wsymbol_0017_cloudy_with_light_rain.png" } ], "WindChillC": "18", "WindChillF": "65", "winddir16Point": "ENE", "winddirDegree": "57", "WindGustKmph": "41", "WindGustMiles": "26", "windspeedKmph": "36", "windspeedMiles": "22" }, {"cloudcover": "100", "DewPointC": "16", "DewPointF": "61", "FeelsLikeC": "19", "FeelsLikeF": "65", "HeatIndexC": "19", "HeatIndexF": "65", "humidity": "87", "precipMM": "1.2", "pressure": "1020", "tempC": "18", "tempF": "65", "time": "1400", "visibility": "9", "weatherCode": "296",  "weatherDesc": [ {"value": "Light rain" } ],  "weatherIconUrl": [ {"value": "http:\/\/cdn.worldweatheronline.net\/images\/wsymbols01_png_64\/wsymbol_0017_cloudy_with_light_rain.png" } ], "WindChillC": "19", "WindChillF": "65", "winddir16Point": "ENE", "winddirDegree": "57", "WindGustKmph": "39", "WindGustMiles": "24", "windspeedKmph": "34", "windspeedMiles": "21" }, {"cloudcover": "100", "DewPointC": "16", "DewPointF": "61", "FeelsLikeC": "18", "FeelsLikeF": "65", "HeatIndexC": "18", "HeatIndexF": "65", "humidity": "88", "precipMM": "1.1", "pressure": "1019", "tempC": "18", "tempF": "64", "time": "1700", "visibility": "9", "weatherCode": "296",  "weatherDesc": [ {"value": "Light rain" } ],  "weatherIconUrl": [ {"value": "http:\/\/cdn.worldweatheronline.net\/images\/wsymbols01_png_64\/wsymbol_0017_cloudy_with_light_rain.png" } ], "WindChillC": "18", "WindChillF": "65", "winddir16Point": "NE", "winddirDegree": "53", "WindGustKmph": "36", "WindGustMiles": "23", "windspeedKmph": "32", "windspeedMiles": "20" }, {"cloudcover": "100", "DewPointC": "15", "DewPointF": "59", "FeelsLikeC": "17", "FeelsLikeF": "63", "HeatIndexC": "17", "HeatIndexF": "63", "humidity": "89", "precipMM": "1.6", "pressure": "1019", "tempC": "17", "tempF": "63", "time": "2000", "visibility": "9", "weatherCode": "296",  "weatherDesc": [ {"value": "Light rain" } ],  "weatherIconUrl": [ {"value": "http:\/\/cdn.worldweatheronline.net\/images\/wsymbols01_png_64\/wsymbol_0033_cloudy_with_light_rain_night.png" } ], "WindChillC": "17", "WindChillF": "63", "winddir16Point": "NE", "winddirDegree": "50", "WindGustKmph": "36", "WindGustMiles": "22", "windspeedKmph": "31", "windspeedMiles": "19" }, {"cloudcover": "100", "DewPointC": "14", "DewPointF": "58", "FeelsLikeC": "16", "FeelsLikeF": "61", "HeatIndexC": "16", "HeatIndexF": "61", "humidity": "89", "precipMM": "2.0", "pressure": "1019", "tempC": "16", "tempF": "61", "time": "2300", "visibility": "9", "weatherCode": "296",  "weatherDesc": [ {"value": "Light rain" } ],  "weatherIconUrl": [ {"value": "http:\/\/cdn.worldweatheronline.net\/images\/wsymbols01_png_64\/wsymbol_0033_cloudy_with_light_rain_night.png" } ], "WindChillC": "16", "WindChillF": "61", "winddir16Point": "NE", "winddirDegree": "43", "WindGustKmph": "40", "WindGustMiles": "25", "windspeedKmph": "28", "windspeedMiles": "18" } ], "maxtempC": "18", "maxtempF": "65", "mintempC": "15", "mintempF": "59" } ] }}