{ "data": { "request": [ {"query": "Lat 25.13 and Lon 121.73", "type": "LatLon" } ],  "weather": [ { "astronomy": [ {"moonrise": "No moonrise", "moonset": "10:22 AM", "sunrise": "05:44 AM", "sunset": "06:10 PM" } ], "date": "2013-04-02",  "hourly": [ {"cloudcover": "56", "DewPointC": "17", "DewPointF": "63", "FeelsLikeC": "19", "FeelsLikeF": "65", "HeatIndexC": "19", "HeatIndexF": "65", "humidity": "93", "precipMM": "0.2", "pressure": "1014", "tempC": "19", "tempF": "65", "time": "200", "visibility": "10", "weatherCode": "353",  "weatherDesc": [ {"value": "Light rain shower" } ],  "weatherIconUrl": [ {"value": "http:\/\/cdn.worldweatheronline.net\/images\/wsymbols01_png_64\/wsymbol_0025_light_rain_showers_night.png" } ], "WindChillC": "19", "WindChillF": "65", "winddir16Point": "NW", "winddirDegree": "317", "WindGustKmph": "26", "WindGustMiles": "16", "windspeedKmph": "13", "windspeedMiles": "8" }, {"cloudcover": "44", "DewPointC": "16", "DewPointF": "61", "FeelsLikeC": "18", "FeelsLikeF": "64", "HeatIndexC": "18", "HeatIndexF": "64", "humidity": "91", "precipMM": "0.1", "pressure": "1014", "tempC": "18", "tempF": "64", "time": "500", "visibility": "10", "weatherCode": "116",  "weatherDesc": [ {"value": "Partly Cloudy" } ],  "weatherIconUrl": [ {"value": "http:\/\/cdn.worldweatheronline.net\/images\/wsymbols01_png_64\/wsymbol_0004_black_low_cloud.png" } ], "WindChillC": "18", "WindChillF": "64", "winddir16Point": "NNW", "winddirDegree": "327", "WindGustKmph": "34", "WindGustMiles": "21", "windspeedKmph": "17", "windspeedMiles": "11" }, {"cloudcover": "62", "DewPointC": "17", "DewPointF": "63", "FeelsLikeC": "20", "FeelsLikeF": "67", "HeatIndexC": "20", "HeatIndexF": "67", "humidity": "85", "precipMM": "0.0", "pressure": "1015", "tempC": "19", "tempF": "66", "time": "800", "visibility": "10", "weatherCode": "116",  "weatherDesc": [ {"value": "Partly Cloudy" } ],  "weatherIconUrl": [ {"value": "http:\/\/cdn.worldweatheronline.net\/images\/wsymbols01_png_64\/wsymbol_0002_sunny_intervals.png" } ], "WindChillC": "20", "WindChillF": "67", "winddir16Point": "NNW", "winddirDegree": "344", "WindGustKmph": "30", "WindGustMiles": "18", "windspeedKmph": "20", "windspeedMiles": "13" }, {"cloudcover": "67", "DewPointC": "18", "DewPointF": "65", "FeelsLikeC": "22", "FeelsLikeF": "72", "HeatIndexC": "25", "HeatIndexF": "76", "humidity": "80", "precipMM": "0.1", "pressure": "1017", "tempC": "21", "tempF": "70", "time": "1100", "visibility": "10", "weatherCode": "119",  "weatherDesc": [ {"value": "Cloudy" } ],  "weatherIconUrl": [ {"value": "http:\/\/cdn.worldweatheronline.net\/images\/wsymbols01_png_64\/wsymbol_0003_white_cloud.png" } ], "WindChillC": "22", "WindChillF": "72", "winddir16Point": "N", "winddirDegree": "7", "WindGustKmph": "30", "WindGustMiles": "19", "windspeedKmph": "26", "windspeedMiles": "16" }, {"cloudcover": "90", "DewPointC": "19", "DewPointF": "66", "FeelsLikeC": "25", "FeelsLikeF": "77", "HeatIndexC": "25", "HeatIndexF": "77", "humidity": "78", "precipMM": "0.1", "pressure": "1016", "tempC": "22", "tempF": "72", "time": "1400", "visibility": "10", "weatherCode": "122",  "weatherDesc": [ {"value": "Overcast" } ],  "weatherIconUrl": [ {"value": "http:\/\/cdn.worldweatheronline.net\/images\/wsymbols01_png_64\/wsymbol_0004_black_low_cloud.png" } ], "WindChillC": "23", "WindChillF": "73", "winddir16Point": "NNE", "winddirDegree": "23", "WindGustKmph": "36", "WindGustMiles": "22", "windspeedKmph": "31", "windspeedMiles": "19" }, {"cloudcover": "64", "DewPointC": "20", "DewPointF": "68", "FeelsLikeC": "26", "FeelsLikeF": "78", "HeatIndexC": "26", "HeatIndexF": "78", "humidity": "81", "precipMM": "0.0", "pressure": "1016", "tempC": "22", "tempF": "72", "time": "1700", "visibility": "10", "weatherCode": "119",  "weatherDesc": [ {"value": "Cloudy" } ],  "weatherIconUrl": [ {"value": "http:\/\/cdn.worldweatheronline.net\/images\/wsymbols01_png_64\/wsymbol_0003_white_cloud.png" } ], "WindChillC": "24", "WindChillF": "74", "winddir16Point": "NE", "winddirDegree": "37", "WindGustKmph": "33", "WindGustMiles": "21", "windspeedKmph": "29", "windspeedMiles": "18" }, {"cloudcover": "66", "DewPointC": "17", "DewPointF": "63", "FeelsLikeC": "21", "FeelsLikeF": "69", "HeatIndexC": "21", "HeatIndexF": "69", "humidity": "82", "precipMM": "0.1", "pressure": "1017", "tempC": "21", "tempF": "69", "time": "2000", "visibility": "10", "weatherCode": "119",  "weatherDesc": [ {"value": "Cloudy" } ],  "weatherIconUrl": [ {"value": "http:\/\/cdn.worldweatheronline.net\/images\/wsymbols01_png_64\/wsymbol_0004_black_low_cloud.png" } ], "WindChillC": "21", "WindChillF": "69", "winddir16Point": "NE", "winddirDegree": "48", "WindGustKmph": "30", "WindGustMiles": "19", "windspeedKmph": "26", "windspeedMiles": "16" }, {"cloudcover": "37", "DewPointC": "16", "DewPointF": "60", "FeelsLikeC": "20", "FeelsLikeF": "67", "HeatIndexC": "20", "HeatIndexF": "67", "humidity": "79", "precipMM": "0.0", "pressure": "1018", "tempC": "20", "tempF": "67", "time": "2300", "visibility": "10", "weatherCode": "116",  "weatherDesc": [ {"value": "Partly Cloudy" } ],  "weatherIconUrl": [ {"value": "http:\/\/cdn.worldweatheronline.net\/images\/wsymbols01_png_64\/wsymbol_0004_black_low_cloud.png" } ], "WindChillC": "20", "WindChillF": "67", "winddir16Point": "ENE", "winddirDegree": "60", "WindGustKmph": "27", "WindGustMiles": "17", "windspeedKmph": "23", "windspeedMiles": "14" } ], "maxtempC": "22", "maxtempF": "72", "mintempC": "18", "mintempF": "64" } ] }}