{ "data": { "request": [ {"query": "Lat 25.13 and Lon 121.73", "type": "LatLon" } ],  "weather": [ { "astronomy": [ {"moonrise": "12:08 PM", "moonset": "12:41 AM", "sunrise": "05:28 AM", "sunset": "06:17 PM" } ], "date": "2013-04-19",  "hourly": [ {"cloudcover": "87", "DewPointC": "20", "DewPointF": "67", "FeelsLikeC": "21", "FeelsLikeF": "69", "HeatIndexC": "21", "HeatIndexF": "69", "humidity": "93", "precipMM": "0.6", "pressure": "1010", "tempC": "21", "tempF": "69", "time": "200", "visibility": "2", "weatherCode": "266",  "weatherDesc": [ {"value": "Light drizzle" } ],  "weatherIconUrl": [ {"value": "http:\/\/cdn.worldweatheronline.net\/images\/wsymbols01_png_64\/wsymbol_0033_cloudy_with_light_rain_night.png" } ], "WindChillC": "21", "WindChillF": "69", "winddir16Point": "N", "winddirDegree": "1", "WindGustKmph": "18", "WindGustMiles": "11", "windspeedKmph": "10", "windspeedMiles": "6" }, {"cloudcover": "87", "DewPointC": "19", "DewPointF": "65", "FeelsLikeC": "20", "FeelsLikeF": "68", "HeatIndexC": "20", "HeatIndexF": "68", "humidity": "91", "precipMM": "0.4", "pressure": "1010", "tempC": "20", "tempF": "68", "time": "500", "visibility": "10", "weatherCode": "353",  "weatherDesc": [ {"value": "Light rain shower" } ],  "weatherIconUrl": [ {"value": "http:\/\/cdn.worldweatheronline.net\/images\/wsymbols01_png_64\/wsymbol_0025_light_rain_showers_night.png" } ], "WindChillC": "20", "WindChillF": "68", "winddir16Point": "NNE", "winddirDegree": "18", "WindGustKmph": "34", "WindGustMiles": "21", "windspeedKmph": "19", "windspeedMiles": "12" }, {"cloudcover": "99", "DewPointC": "20", "DewPointF": "67", "FeelsLikeC": "22", "FeelsLikeF": "71", "HeatIndexC": "24", "HeatIndexF": "76", "humidity": "88", "precipMM": "0.5", "pressure": "1012", "tempC": "21", "tempF": "70", "time": "800", "visibility": "2", "weatherCode": "266",  "weatherDesc": [ {"value": "Light drizzle" } ],  "weatherIconUrl": [ {"value": "http:\/\/cdn.worldweatheronline.net\/images\/wsymbols01_png_64\/wsymbol_0017_cloudy_with_light_rain.png" } ], "WindChillC": "22", "WindChillF": "71", "winddir16Point": "NNE", "winddirDegree": "30", "WindGustKmph": "33", "WindGustMiles": "20", "windspeedKmph": "28", "windspeedMiles": "18" }, {"cloudcover": "91", "DewPointC": "21", "DewPointF": "70", "FeelsLikeC": "26", "FeelsLikeF": "78", "HeatIndexC": "26", "HeatIndexF": "78", "humidity": "85", "precipMM": "0.4", "pressure": "1013", "tempC": "23", "tempF": "74", "time": "1100", "visibility": "2", "weatherCode": "266",  "weatherDesc": [ {"value": "Light drizzle" } ],  "weatherIconUrl": [ {"value": "http:\/\/cdn.worldweatheronline.net\/images\/wsymbols01_png_64\/wsymbol_0017_cloudy_with_light_rain.png" } ], "WindChillC": "24", "WindChillF": "74", "winddir16Point": "NE", "winddirDegree": "36", "WindGustKmph": "33", "WindGustMiles": "20", "windspeedKmph": "28", "windspeedMiles": "18" }, {"cloudcover": "83", "DewPointC": "23", "DewPointF": "73", "FeelsLikeC": "29", "FeelsLikeF": "83", "HeatIndexC": "29", "HeatIndexF": "83", "humidity": "84", "precipMM": "0.2", "pressure": "1012", "tempC": "25", "tempF": "76", "time": "1400", "visibility": "2", "weatherCode": "266",  "weatherDesc": [ {"value": "Light drizzle" } ],  "weatherIconUrl": [ {"value": "http:\/\/cdn.worldweatheronline.net\/images\/wsymbols01_png_64\/wsymbol_0017_cloudy_with_light_rain.png" } ], "WindChillC": "26", "WindChillF": "78", "winddir16Point": "NE", "winddirDegree": "41", "WindGustKmph": "30", "WindGustMiles": "19", "windspeedKmph": "26", "windspeedMiles": "16" }, {"cloudcover": "79", "DewPointC": "23", "DewPointF": "73", "FeelsLikeC": "28", "FeelsLikeF": "82", "HeatIndexC": "28", "HeatIndexF": "82", "humidity": "85", "precipMM": "0.1", "pressure": "1012", "tempC": "24", "tempF": "76", "time": "1700", "visibility": "10", "weatherCode": "119",  "weatherDesc": [ {"value": "Cloudy" } ],  "weatherIconUrl": [ {"value": "http:\/\/cdn.worldweatheronline.net\/images\/wsymbols01_png_64\/wsymbol_0003_white_cloud.png" } ], "WindChillC": "25", "WindChillF": "78", "winddir16Point": "NE", "winddirDegree": "53", "WindGustKmph": "27", "WindGustMiles": "17", "windspeedKmph": "23", "windspeedMiles": "15" }, {"cloudcover": "82", "DewPointC": "21", "DewPointF": "69", "FeelsLikeC": "25", "FeelsLikeF": "77", "HeatIndexC": "25", "HeatIndexF": "77", "humidity": "87", "precipMM": "0.1", "pressure": "1013", "tempC": "23", "tempF": "73", "time": "2000", "visibility": "10", "weatherCode": "119",  "weatherDesc": [ {"value": "Cloudy" } ],  "weatherIconUrl": [ {"value": "http:\/\/cdn.worldweatheronline.net\/images\/wsymbols01_png_64\/wsymbol_0004_black_low_cloud.png" } ], "WindChillC": "23", "WindChillF": "73", "winddir16Point": "ENE", "winddirDegree": "57", "WindGustKmph": "25", "WindGustMiles": "15", "windspeedKmph": "22", "windspeedMiles": "13" }, {"cloudcover": "87", "DewPointC": "20", "DewPointF": "67", "FeelsLikeC": "22", "FeelsLikeF": "71", "HeatIndexC": "24", "HeatIndexF": "76", "humidity": "88", "precipMM": "0.3", "pressure": "1013", "tempC": "22", "tempF": "71", "time": "2300", "visibility": "2", "weatherCode": "266",  "weatherDesc": [ {"value": "Light drizzle" } ],  "weatherIconUrl": [ {"value": "http:\/\/cdn.worldweatheronline.net\/images\/wsymbols01_png_64\/wsymbol_0033_cloudy_with_light_rain_night.png" } ], "WindChillC": "22", "WindChillF": "71", "winddir16Point": "ENE", "winddirDegree": "64", "WindGustKmph": "22", "WindGustMiles": "13", "windspeedKmph": "19", "windspeedMiles": "12" } ], "maxtempC": "25", "maxtempF": "76", "mintempC": "20", "mintempF": "68" } ] }}