{ "data": { "request": [ {"query": "Lat 25.13 and Lon 121.73", "type": "LatLon" } ],  "weather": [ { "astronomy": [ {"moonrise": "04:49 PM", "moonset": "03:54 AM", "sunrise": "05:23 AM", "sunset": "06:20 PM" } ], "date": "2013-04-24",  "hourly": [ {"cloudcover": "10", "DewPointC": "21", "DewPointF": "70", "FeelsLikeC": "26", "FeelsLikeF": "79", "HeatIndexC": "26", "HeatIndexF": "79", "humidity": "85", "precipMM": "0.0", "pressure": "1013", "tempC": "24", "tempF": "75", "time": "200", "visibility": "10", "weatherCode": "113",  "weatherDesc": [ {"value": "Clear" } ],  "weatherIconUrl": [ {"value": "http:\/\/cdn.worldweatheronline.net\/images\/wsymbols01_png_64\/wsymbol_0008_clear_sky_night.png" } ], "WindChillC": "24", "WindChillF": "75", "winddir16Point": "SSW", "winddirDegree": "202", "WindGustKmph": "15", "WindGustMiles": "9", "windspeedKmph": "10", "windspeedMiles": "6" }, {"cloudcover": "9", "DewPointC": "21", "DewPointF": "69", "FeelsLikeC": "25", "FeelsLikeF": "78", "HeatIndexC": "25", "HeatIndexF": "78", "humidity": "85", "precipMM": "0.0", "pressure": "1012", "tempC": "23", "tempF": "74", "time": "500", "visibility": "10", "weatherCode": "113",  "weatherDesc": [ {"value": "Clear" } ],  "weatherIconUrl": [ {"value": "http:\/\/cdn.worldweatheronline.net\/images\/wsymbols01_png_64\/wsymbol_0008_clear_sky_night.png" } ], "WindChillC": "23", "WindChillF": "74", "winddir16Point": "SW", "winddirDegree": "218", "WindGustKmph": "15", "WindGustMiles": "9", "windspeedKmph": "9", "windspeedMiles": "5" }, {"cloudcover": "9", "DewPointC": "22", "DewPointF": "71", "FeelsLikeC": "28", "FeelsLikeF": "83", "HeatIndexC": "28", "HeatIndexF": "83", "humidity": "76", "precipMM": "0.0", "pressure": "1013", "tempC": "24", "tempF": "76", "time": "800", "visibility": "10", "weatherCode": "113",  "weatherDesc": [ {"value": "Sunny" } ],  "weatherIconUrl": [ {"value": "http:\/\/cdn.worldweatheronline.net\/images\/wsymbols01_png_64\/wsymbol_0001_sunny.png" } ], "WindChillC": "26", "WindChillF": "79", "winddir16Point": "SSW", "winddirDegree": "198", "WindGustKmph": "8", "WindGustMiles": "5", "windspeedKmph": "7", "windspeedMiles": "4" }, {"cloudcover": "10", "DewPointC": "24", "DewPointF": "76", "FeelsLikeC": "35", "FeelsLikeF": "94", "HeatIndexC": "35", "HeatIndexF": "94", "humidity": "73", "precipMM": "0.0", "pressure": "1013", "tempC": "27", "tempF": "80", "time": "1100", "visibility": "10", "weatherCode": "113",  "weatherDesc": [ {"value": "Sunny" } ],  "weatherIconUrl": [ {"value": "http:\/\/cdn.worldweatheronline.net\/images\/wsymbols01_png_64\/wsymbol_0001_sunny.png" } ], "WindChillC": "30", "WindChillF": "85", "winddir16Point": "SE", "winddirDegree": "144", "WindGustKmph": "3", "WindGustMiles": "2", "windspeedKmph": "2", "windspeedMiles": "1" }, {"cloudcover": "17", "DewPointC": "26", "DewPointF": "78", "FeelsLikeC": "37", "FeelsLikeF": "98", "HeatIndexC": "37", "HeatIndexF": "98", "humidity": "76", "precipMM": "0.0", "pressure": "1012", "tempC": "28", "tempF": "83", "time": "1400", "visibility": "10", "weatherCode": "113",  "weatherDesc": [ {"value": "Sunny" } ],  "weatherIconUrl": [ {"value": "http:\/\/cdn.worldweatheronline.net\/images\/wsymbols01_png_64\/wsymbol_0001_sunny.png" } ], "WindChillC": "30", "WindChillF": "86", "winddir16Point": "NNE", "winddirDegree": "14", "WindGustKmph": "5", "WindGustMiles": "3", "windspeedKmph": "5", "windspeedMiles": "3" }, {"cloudcover": "56", "DewPointC": "27", "DewPointF": "81", "FeelsLikeC": "40", "FeelsLikeF": "103", "HeatIndexC": "40", "HeatIndexF": "103", "humidity": "83", "precipMM": "0.3", "pressure": "1011", "tempC": "28", "tempF": "82", "time": "1700", "visibility": "10", "weatherCode": "353",  "weatherDesc": [ {"value": "Light rain shower" } ],  "weatherIconUrl": [ {"value": "http:\/\/cdn.worldweatheronline.net\/images\/wsymbols01_png_64\/wsymbol_0009_light_rain_showers.png" } ], "WindChillC": "31", "WindChillF": "87", "winddir16Point": "NNE", "winddirDegree": "34", "WindGustKmph": "12", "WindGustMiles": "8", "windspeedKmph": "10", "windspeedMiles": "6" }, {"cloudcover": "80", "DewPointC": "24", "DewPointF": "76", "FeelsLikeC": "30", "FeelsLikeF": "85", "HeatIndexC": "30", "HeatIndexF": "85", "humidity": "89", "precipMM": "0.3", "pressure": "1012", "tempC": "26", "tempF": "79", "time": "2000", "visibility": "10", "weatherCode": "353",  "weatherDesc": [ {"value": "Light rain shower" } ],  "weatherIconUrl": [ {"value": "http:\/\/cdn.worldweatheronline.net\/images\/wsymbols01_png_64\/wsymbol_0025_light_rain_showers_night.png" } ], "WindChillC": "26", "WindChillF": "79", "winddir16Point": "ENE", "winddirDegree": "56", "WindGustKmph": "18", "WindGustMiles": "11", "windspeedKmph": "15", "windspeedMiles": "9" }, {"cloudcover": "96", "DewPointC": "24", "DewPointF": "75", "FeelsLikeC": "28", "FeelsLikeF": "82", "HeatIndexC": "28", "HeatIndexF": "82", "humidity": "92", "precipMM": "0.7", "pressure": "1012", "tempC": "25", "tempF": "77", "time": "2300", "visibility": "10", "weatherCode": "353",  "weatherDesc": [ {"value": "Light rain shower" } ],  "weatherIconUrl": [ {"value": "http:\/\/cdn.worldweatheronline.net\/images\/wsymbols01_png_64\/wsymbol_0025_light_rain_showers_night.png" } ], "WindChillC": "25", "WindChillF": "77", "winddir16Point": "NE", "winddirDegree": "41", "WindGustKmph": "21", "WindGustMiles": "13", "windspeedKmph": "17", "windspeedMiles": "11" } ], "maxtempC": "28", "maxtempF": "83", "mintempC": "23", "mintempF": "74" } ] }}