{ "data": { "request": [ {"query": "Lat 25.13 and Lon 121.73", "type": "LatLon" } ],  "weather": [ { "astronomy": [ {"moonrise": "07:16 AM", "moonset": "08:21 PM", "sunrise": "06:04 AM", "sunset": "06:01 PM" } ], "date": "2013-03-14",  "hourly": [ {"cloudcover": "87", "DewPointC": "12", "DewPointF": "54", "FeelsLikeC": "12", "FeelsLikeF": "54", "HeatIndexC": "15", "HeatIndexF": "58", "humidity": "84", "precipMM": "0.4", "pressure": "1021", "tempC": "15", "tempF": "58", "time": "200", "visibility": "2", "weatherCode": "266",  "weatherDesc": [ {"value": "Light drizzle" } ],  "weatherIconUrl": [ {"value": "http:\/\/cdn.worldweatheronline.net\/images\/wsymbols01_png_64\/wsymbol_0033_cloudy_with_light_rain_night.png" } ], "WindChillC": "12", "WindChillF": "54", "winddir16Point": "NNE", "winddirDegree": "26", "WindGustKmph": "42", "WindGustMiles": "26", "windspeedKmph": "37", "windspeedMiles": "23" }, {"cloudcover": "96", "DewPointC": "11", "DewPointF": "53", "FeelsLikeC": "12", "FeelsLikeF": "53", "HeatIndexC": "14", "HeatIndexF": "57", "humidity": "84", "precipMM": "0.4", "pressure": "1021", "tempC": "14", "tempF": "57", "time": "500", "visibility": "2", "weatherCode": "266",  "weatherDesc": [ {"value": "Light drizzle" } ],  "weatherIconUrl": [ {"value": "http:\/\/cdn.worldweatheronline.net\/images\/wsymbols01_png_64\/wsymbol_0033_cloudy_with_light_rain_night.png" } ], "WindChillC": "12", "WindChillF": "53", "winddir16Point": "NNE", "winddirDegree": "23", "WindGustKmph": "41", "WindGustMiles": "26", "windspeedKmph": "36", "windspeedMiles": "22" }, {"cloudcover": "90", "DewPointC": "12", "DewPointF": "53", "FeelsLikeC": "13", "FeelsLikeF": "55", "HeatIndexC": "15", "HeatIndexF": "59", "humidity": "83", "precipMM": "0.3", "pressure": "1023", "tempC": "14", "tempF": "57", "time": "800", "visibility": "2", "weatherCode": "266",  "weatherDesc": [ {"value": "Light drizzle" } ],  "weatherIconUrl": [ {"value": "http:\/\/cdn.worldweatheronline.net\/images\/wsymbols01_png_64\/wsymbol_0017_cloudy_with_light_rain.png" } ], "WindChillC": "13", "WindChillF": "55", "winddir16Point": "NNE", "winddirDegree": "28", "WindGustKmph": "39", "WindGustMiles": "24", "windspeedKmph": "34", "windspeedMiles": "21" }, {"cloudcover": "86", "DewPointC": "12", "DewPointF": "53", "FeelsLikeC": "16", "FeelsLikeF": "60", "HeatIndexC": "16", "HeatIndexF": "60", "humidity": "79", "precipMM": "0.1", "pressure": "1024", "tempC": "14", "tempF": "58", "time": "1100", "visibility": "10", "weatherCode": "119",  "weatherDesc": [ {"value": "Cloudy" } ],  "weatherIconUrl": [ {"value": "http:\/\/cdn.worldweatheronline.net\/images\/wsymbols01_png_64\/wsymbol_0003_white_cloud.png" } ], "WindChillC": "16", "WindChillF": "60", "winddir16Point": "NNE", "winddirDegree": "32", "WindGustKmph": "39", "WindGustMiles": "24", "windspeedKmph": "34", "windspeedMiles": "21" }, {"cloudcover": "79", "DewPointC": "11", "DewPointF": "52", "FeelsLikeC": "13", "FeelsLikeF": "55", "HeatIndexC": "15", "HeatIndexF": "59", "humidity": "78", "precipMM": "0.1", "pressure": "1023", "tempC": "15", "tempF": "58", "time": "1400", "visibility": "10", "weatherCode": "119",  "weatherDesc": [ {"value": "Cloudy" } ],  "weatherIconUrl": [ {"value": "http:\/\/cdn.worldweatheronline.net\/images\/wsymbols01_png_64\/wsymbol_0003_white_cloud.png" } ], "WindChillC": "13", "WindChillF": "55", "winddir16Point": "NE", "winddirDegree": "36", "WindGustKmph": "34", "WindGustMiles": "21", "windspeedKmph": "30", "windspeedMiles": "18" }, {"cloudcover": "77", "DewPointC": "11", "DewPointF": "51", "FeelsLikeC": "13", "FeelsLikeF": "55", "HeatIndexC": "15", "HeatIndexF": "59", "humidity": "77", "precipMM": "0.0", "pressure": "1023", "tempC": "15", "tempF": "58", "time": "1700", "visibility": "10", "weatherCode": "119",  "weatherDesc": [ {"value": "Cloudy" } ],  "weatherIconUrl": [ {"value": "http:\/\/cdn.worldweatheronline.net\/images\/wsymbols01_png_64\/wsymbol_0003_white_cloud.png" } ], "WindChillC": "13", "WindChillF": "55", "winddir16Point": "NE", "winddirDegree": "41", "WindGustKmph": "31", "WindGustMiles": "19", "windspeedKmph": "27", "windspeedMiles": "17" }, {"cloudcover": "78", "DewPointC": "11", "DewPointF": "51", "FeelsLikeC": "13", "FeelsLikeF": "55", "HeatIndexC": "14", "HeatIndexF": "58", "humidity": "79", "precipMM": "0.1", "pressure": "1024", "tempC": "14", "tempF": "58", "time": "2000", "visibility": "10", "weatherCode": "119",  "weatherDesc": [ {"value": "Cloudy" } ],  "weatherIconUrl": [ {"value": "http:\/\/cdn.worldweatheronline.net\/images\/wsymbols01_png_64\/wsymbol_0004_black_low_cloud.png" } ], "WindChillC": "13", "WindChillF": "55", "winddir16Point": "NE", "winddirDegree": "49", "WindGustKmph": "31", "WindGustMiles": "19", "windspeedKmph": "25", "windspeedMiles": "15" }, {"cloudcover": "74", "DewPointC": "11", "DewPointF": "51", "FeelsLikeC": "13", "FeelsLikeF": "55", "HeatIndexC": "14", "HeatIndexF": "58", "humidity": "79", "precipMM": "0.1", "pressure": "1024", "tempC": "14", "tempF": "58", "time": "2300", "visibility": "10", "weatherCode": "119",  "weatherDesc": [ {"value": "Cloudy" } ],  "weatherIconUrl": [ {"value": "http:\/\/cdn.worldweatheronline.net\/images\/wsymbols01_png_64\/wsymbol_0004_black_low_cloud.png" } ], "WindChillC": "13", "WindChillF": "55", "winddir16Point": "NE", "winddirDegree": "55", "WindGustKmph": "33", "WindGustMiles": "20", "windspeedKmph": "23", "windspeedMiles": "14" } ], "maxtempC": "15", "maxtempF": "58", "mintempC": "14", "mintempF": "57" } ] }}