{ "data": { "request": [ {"query": "Lat 25.13 and Lon 121.73", "type": "LatLon" } ],  "weather": [ { "astronomy": [ {"moonrise": "01:53 AM", "moonset": "01:26 PM", "sunrise": "05:41 AM", "sunset": "06:11 PM" } ], "date": "2013-04-05",  "hourly": [ {"cloudcover": "43", "DewPointC": "22", "DewPointF": "71", "FeelsLikeC": "26", "FeelsLikeF": "78", "HeatIndexC": "26", "HeatIndexF": "78", "humidity": "91", "precipMM": "0.0", "pressure": "1007", "tempC": "23", "tempF": "74", "time": "200", "visibility": "10", "weatherCode": "116",  "weatherDesc": [ {"value": "Partly Cloudy" } ],  "weatherIconUrl": [ {"value": "http:\/\/cdn.worldweatheronline.net\/images\/wsymbols01_png_64\/wsymbol_0004_black_low_cloud.png" } ], "WindChillC": "23", "WindChillF": "74", "winddir16Point": "SE", "winddirDegree": "135", "WindGustKmph": "16", "WindGustMiles": "10", "windspeedKmph": "13", "windspeedMiles": "8" }, {"cloudcover": "100", "DewPointC": "21", "DewPointF": "70", "FeelsLikeC": "25", "FeelsLikeF": "77", "HeatIndexC": "25", "HeatIndexF": "77", "humidity": "91", "precipMM": "0.0", "pressure": "1007", "tempC": "23", "tempF": "73", "time": "500", "visibility": "10", "weatherCode": "122",  "weatherDesc": [ {"value": "Overcast" } ],  "weatherIconUrl": [ {"value": "http:\/\/cdn.worldweatheronline.net\/images\/wsymbols01_png_64\/wsymbol_0004_black_low_cloud.png" } ], "WindChillC": "23", "WindChillF": "73", "winddir16Point": "SSE", "winddirDegree": "153", "WindGustKmph": "17", "WindGustMiles": "11", "windspeedKmph": "11", "windspeedMiles": "7" }, {"cloudcover": "75", "DewPointC": "23", "DewPointF": "73", "FeelsLikeC": "28", "FeelsLikeF": "83", "HeatIndexC": "28", "HeatIndexF": "83", "humidity": "84", "precipMM": "0.1", "pressure": "1008", "tempC": "24", "tempF": "74", "time": "800", "visibility": "10", "weatherCode": "119",  "weatherDesc": [ {"value": "Cloudy" } ],  "weatherIconUrl": [ {"value": "http:\/\/cdn.worldweatheronline.net\/images\/wsymbols01_png_64\/wsymbol_0003_white_cloud.png" } ], "WindChillC": "26", "WindChillF": "78", "winddir16Point": "SW", "winddirDegree": "236", "WindGustKmph": "8", "WindGustMiles": "5", "windspeedKmph": "7", "windspeedMiles": "4" }, {"cloudcover": "59", "DewPointC": "24", "DewPointF": "74", "FeelsLikeC": "33", "FeelsLikeF": "91", "HeatIndexC": "33", "HeatIndexF": "91", "humidity": "75", "precipMM": "0.0", "pressure": "1007", "tempC": "26", "tempF": "78", "time": "1100", "visibility": "10", "weatherCode": "116",  "weatherDesc": [ {"value": "Partly Cloudy" } ],  "weatherIconUrl": [ {"value": "http:\/\/cdn.worldweatheronline.net\/images\/wsymbols01_png_64\/wsymbol_0002_sunny_intervals.png" } ], "WindChillC": "29", "WindChillF": "83", "winddir16Point": "WNW", "winddirDegree": "301", "WindGustKmph": "8", "WindGustMiles": "5", "windspeedKmph": "6", "windspeedMiles": "4" }, {"cloudcover": "44", "DewPointC": "23", "DewPointF": "74", "FeelsLikeC": "34", "FeelsLikeF": "93", "HeatIndexC": "34", "HeatIndexF": "93", "humidity": "69", "precipMM": "0.0", "pressure": "1005", "tempC": "27", "tempF": "81", "time": "1400", "visibility": "10", "weatherCode": "116",  "weatherDesc": [ {"value": "Partly Cloudy" } ],  "weatherIconUrl": [ {"value": "http:\/\/cdn.worldweatheronline.net\/images\/wsymbols01_png_64\/wsymbol_0002_sunny_intervals.png" } ], "WindChillC": "30", "WindChillF": "85", "winddir16Point": "WNW", "winddirDegree": "295", "WindGustKmph": "8", "WindGustMiles": "5", "windspeedKmph": "7", "windspeedMiles": "4" }, {"cloudcover": "46", "DewPointC": "23", "DewPointF": "73", "FeelsLikeC": "33", "FeelsLikeF": "91", "HeatIndexC": "33", "HeatIndexF": "91", "humidity": "71", "precipMM": "0.0", "pressure": "1004", "tempC": "27", "tempF": "80", "time": "1700", "visibility": "10", "weatherCode": "116",  "weatherDesc": [ {"value": "Partly Cloudy" } ],  "weatherIconUrl": [ {"value": "http:\/\/cdn.worldweatheronline.net\/images\/wsymbols01_png_64\/wsymbol_0002_sunny_intervals.png" } ], "WindChillC": "29", "WindChillF": "84", "winddir16Point": "SE", "winddirDegree": "125", "WindGustKmph": "5", "WindGustMiles": "3", "windspeedKmph": "4", "windspeedMiles": "3" }, {"cloudcover": "72", "DewPointC": "23", "DewPointF": "73", "FeelsLikeC": "28", "FeelsLikeF": "82", "HeatIndexC": "28", "HeatIndexF": "82", "humidity": "86", "precipMM": "3.8", "pressure": "1004", "tempC": "25", "tempF": "78", "time": "2000", "visibility": "8", "weatherCode": "299",  "weatherDesc": [ {"value": "Moderate rain at times" } ],  "weatherIconUrl": [ {"value": "http:\/\/cdn.worldweatheronline.net\/images\/wsymbols01_png_64\/wsymbol_0026_heavy_rain_showers_night.png" } ], "WindChillC": "25", "WindChillF": "78", "winddir16Point": "W", "winddirDegree": "281", "WindGustKmph": "14", "WindGustMiles": "9", "windspeedKmph": "12", "windspeedMiles": "7" }, {"cloudcover": "57", "DewPointC": "21", "DewPointF": "70", "FeelsLikeC": "26", "FeelsLikeF": "79", "HeatIndexC": "26", "HeatIndexF": "79", "humidity": "84", "precipMM": "7.8", "pressure": "1005", "tempC": "24", "tempF": "76", "time": "2300", "visibility": "6", "weatherCode": "305",  "weatherDesc": [ {"value": "Heavy rain at times" } ],  "weatherIconUrl": [ {"value": "http:\/\/cdn.worldweatheronline.net\/images\/wsymbols01_png_64\/wsymbol_0026_heavy_rain_showers_night.png" } ], "WindChillC": "24", "WindChillF": "76", "winddir16Point": "SSW", "winddirDegree": "200", "WindGustKmph": "15", "WindGustMiles": "9", "windspeedKmph": "13", "windspeedMiles": "8" } ], "maxtempC": "27", "maxtempF": "81", "mintempC": "23", "mintempF": "73" } ] }}