{ "data": { "request": [ {"query": "Lat 25.13 and Lon 121.73", "type": "LatLon" } ],  "weather": [ { "astronomy": [ {"moonrise": "10:47 AM", "moonset": "11:52 PM", "sunrise": "06:40 AM", "sunset": "05:27 PM" } ], "date": "2013-01-18",  "hourly": [ {"cloudcover": "84", "DewPointC": "7", "DewPointF": "45", "FeelsLikeC": "7", "FeelsLikeF": "44", "HeatIndexC": "10", "HeatIndexF": "51", "humidity": "80", "precipMM": "0.3", "pressure": "1029", "tempC": "10", "tempF": "51", "time": "200", "visibility": "2", "weatherCode": "266",  "weatherDesc": [ {"value": "Light drizzle" } ],  "weatherIconUrl": [ {"value": "http:\/\/cdn.worldweatheronline.net\/images\/wsymbols01_png_64\/wsymbol_0033_cloudy_with_light_rain_night.png" } ], "WindChillC": "7", "WindChillF": "44", "winddir16Point": "NNE", "winddirDegree": "27", "WindGustKmph": "41", "WindGustMiles": "25", "windspeedKmph": "35", "windspeedMiles": "22" }, {"cloudcover": "83", "DewPointC": "7", "DewPointF": "44", "FeelsLikeC": "6", "FeelsLikeF": "43", "HeatIndexC": "10", "HeatIndexF": "49", "humidity": "81", "precipMM": "0.4", "pressure": "1029", "tempC": "10", "tempF": "49", "time": "500", "visibility": "2", "weatherCode": "266",  "weatherDesc": [ {"value": "Light drizzle" } ],  "weatherIconUrl": [ {"value": "http:\/\/cdn.worldweatheronline.net\/images\/wsymbols01_png_64\/wsymbol_0033_cloudy_with_light_rain_night.png" } ], "WindChillC": "6", "WindChillF": "43", "winddir16Point": "NNE", "winddirDegree": "27", "WindGustKmph": "39", "WindGustMiles": "24", "windspeedKmph": "33", "windspeedMiles": "21" }, {"cloudcover": "75", "DewPointC": "8", "DewPointF": "47", "FeelsLikeC": "9", "FeelsLikeF": "47", "HeatIndexC": "12", "HeatIndexF": "53", "humidity": "79", "precipMM": "0.3", "pressure": "1031", "tempC": "10", "tempF": "51", "time": "800", "visibility": "5", "weatherCode": "263",  "weatherDesc": [ {"value": "Patchy light drizzle" } ],  "weatherIconUrl": [ {"value": "http:\/\/cdn.worldweatheronline.net\/images\/wsymbols01_png_64\/wsymbol_0009_light_rain_showers.png" } ], "WindChillC": "9", "WindChillF": "47", "winddir16Point": "NNE", "winddirDegree": "33", "WindGustKmph": "36", "WindGustMiles": "22", "windspeedKmph": "31", "windspeedMiles": "19" }, {"cloudcover": "69", "DewPointC": "8", "DewPointF": "46", "FeelsLikeC": "10", "FeelsLikeF": "49", "HeatIndexC": "12", "HeatIndexF": "54", "humidity": "74", "precipMM": "0.2", "pressure": "1030", "tempC": "12", "tempF": "53", "time": "1100", "visibility": "10", "weatherCode": "353",  "weatherDesc": [ {"value": "Light rain shower" } ],  "weatherIconUrl": [ {"value": "http:\/\/cdn.worldweatheronline.net\/images\/wsymbols01_png_64\/wsymbol_0009_light_rain_showers.png" } ], "WindChillC": "10", "WindChillF": "49", "winddir16Point": "NE", "winddirDegree": "39", "WindGustKmph": "32", "WindGustMiles": "20", "windspeedKmph": "28", "windspeedMiles": "17" }, {"cloudcover": "66", "DewPointC": "8", "DewPointF": "47", "FeelsLikeC": "11", "FeelsLikeF": "52", "HeatIndexC": "13", "HeatIndexF": "56", "humidity": "71", "precipMM": "0.1", "pressure": "1028", "tempC": "13", "tempF": "55", "time": "1400", "visibility": "10", "weatherCode": "119",  "weatherDesc": [ {"value": "Cloudy" } ],  "weatherIconUrl": [ {"value": "http:\/\/cdn.worldweatheronline.net\/images\/wsymbols01_png_64\/wsymbol_0003_white_cloud.png" } ], "WindChillC": "11", "WindChillF": "52", "winddir16Point": "NE", "winddirDegree": "42", "WindGustKmph": "31", "WindGustMiles": "19", "windspeedKmph": "27", "windspeedMiles": "17" }, {"cloudcover": "59", "DewPointC": "9", "DewPointF": "48", "FeelsLikeC": "12", "FeelsLikeF": "53", "HeatIndexC": "14", "HeatIndexF": "56", "humidity": "73", "precipMM": "0.1", "pressure": "1028", "tempC": "13", "tempF": "55", "time": "1700", "visibility": "10", "weatherCode": "116",  "weatherDesc": [ {"value": "Partly Cloudy" } ],  "weatherIconUrl": [ {"value": "http:\/\/cdn.worldweatheronline.net\/images\/wsymbols01_png_64\/wsymbol_0002_sunny_intervals.png" } ], "WindChillC": "12", "WindChillF": "53", "winddir16Point": "NE", "winddirDegree": "51", "WindGustKmph": "28", "WindGustMiles": "17", "windspeedKmph": "24", "windspeedMiles": "15" }, {"cloudcover": "57", "DewPointC": "7", "DewPointF": "45", "FeelsLikeC": "9", "FeelsLikeF": "49", "HeatIndexC": "12", "HeatIndexF": "53", "humidity": "74", "precipMM": "0.1", "pressure": "1028", "tempC": "12", "tempF": "53", "time": "2000", "visibility": "10", "weatherCode": "116",  "weatherDesc": [ {"value": "Partly Cloudy" } ],  "weatherIconUrl": [ {"value": "http:\/\/cdn.worldweatheronline.net\/images\/wsymbols01_png_64\/wsymbol_0004_black_low_cloud.png" } ], "WindChillC": "9", "WindChillF": "49", "winddir16Point": "ENE", "winddirDegree": "63", "WindGustKmph": "30", "WindGustMiles": "18", "windspeedKmph": "23", "windspeedMiles": "14" }, {"cloudcover": "49", "DewPointC": "6", "DewPointF": "44", "FeelsLikeC": "8", "FeelsLikeF": "47", "HeatIndexC": "11", "HeatIndexF": "52", "humidity": "74", "precipMM": "0.1", "pressure": "1027", "tempC": "11", "tempF": "52", "time": "2300", "visibility": "10", "weatherCode": "116",  "weatherDesc": [ {"value": "Partly Cloudy" } ],  "weatherIconUrl": [ {"value": "http:\/\/cdn.worldweatheronline.net\/images\/wsymbols01_png_64\/wsymbol_0004_black_low_cloud.png" } ], "WindChillC": "8", "WindChillF": "47", "winddir16Point": "ENE", "winddirDegree": "76", "WindGustKmph": "36", "WindGustMiles": "22", "windspeedKmph": "21", "windspeedMiles": "13" } ], "maxtempC": "13", "maxtempF": "55", "mintempC": "10", "mintempF": "49" } ] }}