{ "data": { "request": [ {"query": "Lat 25.13 and Lon 121.73", "type": "LatLon" } ],  "weather": [ { "astronomy": [ {"moonrise": "01:22 AM", "moonset": "12:27 PM", "sunrise": "06:11 AM", "sunset": "05:58 PM" } ], "date": "2013-03-06",  "hourly": [ {"cloudcover": "2", "DewPointC": "14", "DewPointF": "56", "FeelsLikeC": "19", "FeelsLikeF": "66", "HeatIndexC": "19", "HeatIndexF": "66", "humidity": "71", "precipMM": "0.0", "pressure": "1022", "tempC": "19", "tempF": "66", "time": "200", "visibility": "10", "weatherCode": "113",  "weatherDesc": [ {"value": "Clear" } ],  "weatherIconUrl": [ {"value": "http:\/\/cdn.worldweatheronline.net\/images\/wsymbols01_png_64\/wsymbol_0008_clear_sky_night.png" } ], "WindChillC": "19", "WindChillF": "66", "winddir16Point": "SE", "winddirDegree": "130", "WindGustKmph": "32", "WindGustMiles": "20", "windspeedKmph": "25", "windspeedMiles": "16" }, {"cloudcover": "3", "DewPointC": "13", "DewPointF": "56", "FeelsLikeC": "18", "FeelsLikeF": "65", "HeatIndexC": "18", "HeatIndexF": "65", "humidity": "73", "precipMM": "0.0", "pressure": "1022", "tempC": "18", "tempF": "65", "time": "500", "visibility": "10", "weatherCode": "113",  "weatherDesc": [ {"value": "Clear" } ],  "weatherIconUrl": [ {"value": "http:\/\/cdn.worldweatheronline.net\/images\/wsymbols01_png_64\/wsymbol_0008_clear_sky_night.png" } ], "WindChillC": "18", "WindChillF": "65", "winddir16Point": "SE", "winddirDegree": "129", "WindGustKmph": "35", "WindGustMiles": "22", "windspeedKmph": "24", "windspeedMiles": "15" }, {"cloudcover": "6", "DewPointC": "15", "DewPointF": "58", "FeelsLikeC": "20", "FeelsLikeF": "68", "HeatIndexC": "20", "HeatIndexF": "68", "humidity": "70", "precipMM": "0.0", "pressure": "1022", "tempC": "19", "tempF": "66", "time": "800", "visibility": "10", "weatherCode": "113",  "weatherDesc": [ {"value": "Sunny" } ],  "weatherIconUrl": [ {"value": "http:\/\/cdn.worldweatheronline.net\/images\/wsymbols01_png_64\/wsymbol_0001_sunny.png" } ], "WindChillC": "20", "WindChillF": "68", "winddir16Point": "SE", "winddirDegree": "128", "WindGustKmph": "27", "WindGustMiles": "17", "windspeedKmph": "23", "windspeedMiles": "15" }, {"cloudcover": "7", "DewPointC": "15", "DewPointF": "60", "FeelsLikeC": "22", "FeelsLikeF": "72", "HeatIndexC": "25", "HeatIndexF": "76", "humidity": "65", "precipMM": "0.1", "pressure": "1022", "tempC": "21", "tempF": "69", "time": "1100", "visibility": "10", "weatherCode": "113",  "weatherDesc": [ {"value": "Sunny" } ],  "weatherIconUrl": [ {"value": "http:\/\/cdn.worldweatheronline.net\/images\/wsymbols01_png_64\/wsymbol_0001_sunny.png" } ], "WindChillC": "22", "WindChillF": "72", "winddir16Point": "ESE", "winddirDegree": "123", "WindGustKmph": "26", "WindGustMiles": "16", "windspeedKmph": "22", "windspeedMiles": "14" }, {"cloudcover": "6", "DewPointC": "16", "DewPointF": "60", "FeelsLikeC": "23", "FeelsLikeF": "73", "HeatIndexC": "25", "HeatIndexF": "77", "humidity": "65", "precipMM": "0.1", "pressure": "1021", "tempC": "22", "tempF": "71", "time": "1400", "visibility": "10", "weatherCode": "113",  "weatherDesc": [ {"value": "Sunny" } ],  "weatherIconUrl": [ {"value": "http:\/\/cdn.worldweatheronline.net\/images\/wsymbols01_png_64\/wsymbol_0001_sunny.png" } ], "WindChillC": "23", "WindChillF": "73", "winddir16Point": "ESE", "winddirDegree": "113", "WindGustKmph": "25", "WindGustMiles": "16", "windspeedKmph": "22", "windspeedMiles": "14" }, {"cloudcover": "16", "DewPointC": "17", "DewPointF": "62", "FeelsLikeC": "23", "FeelsLikeF": "73", "HeatIndexC": "25", "HeatIndexF": "77", "humidity": "70", "precipMM": "0.1", "pressure": "1020", "tempC": "21", "tempF": "71", "time": "1700", "visibility": "10", "weatherCode": "113",  "weatherDesc": [ {"value": "Sunny" } ],  "weatherIconUrl": [ {"value": "http:\/\/cdn.worldweatheronline.net\/images\/wsymbols01_png_64\/wsymbol_0001_sunny.png" } ], "WindChillC": "23", "WindChillF": "73", "winddir16Point": "ESE", "winddirDegree": "114", "WindGustKmph": "28", "WindGustMiles": "18", "windspeedKmph": "25", "windspeedMiles": "15" }, {"cloudcover": "16", "DewPointC": "16", "DewPointF": "60", "FeelsLikeC": "20", "FeelsLikeF": "69", "HeatIndexC": "20", "HeatIndexF": "69", "humidity": "75", "precipMM": "0.0", "pressure": "1021", "tempC": "20", "tempF": "69", "time": "2000", "visibility": "10", "weatherCode": "113",  "weatherDesc": [ {"value": "Clear" } ],  "weatherIconUrl": [ {"value": "http:\/\/cdn.worldweatheronline.net\/images\/wsymbols01_png_64\/wsymbol_0008_clear_sky_night.png" } ], "WindChillC": "20", "WindChillF": "69", "winddir16Point": "SE", "winddirDegree": "127", "WindGustKmph": "27", "WindGustMiles": "17", "windspeedKmph": "23", "windspeedMiles": "14" }, {"cloudcover": "4", "DewPointC": "15", "DewPointF": "60", "FeelsLikeC": "20", "FeelsLikeF": "67", "HeatIndexC": "20", "HeatIndexF": "67", "humidity": "77", "precipMM": "0.0", "pressure": "1021", "tempC": "20", "tempF": "67", "time": "2300", "visibility": "10", "weatherCode": "113",  "weatherDesc": [ {"value": "Clear" } ],  "weatherIconUrl": [ {"value": "http:\/\/cdn.worldweatheronline.net\/images\/wsymbols01_png_64\/wsymbol_0008_clear_sky_night.png" } ], "WindChillC": "20", "WindChillF": "67", "winddir16Point": "SE", "winddirDegree": "142", "WindGustKmph": "28", "WindGustMiles": "18", "windspeedKmph": "21", "windspeedMiles": "13" } ], "maxtempC": "22", "maxtempF": "71", "mintempC": "18", "mintempF": "65" } ] }}