{ "data": { "request": [ {"query": "Lat 25.13 and Lon 121.73", "type": "LatLon" } ],  "weather": [ { "astronomy": [ {"moonrise": "09:09 AM", "moonset": "10:38 PM", "sunrise": "05:09 AM", "sunset": "06:30 PM" } ], "date": "2013-05-15",  "hourly": [ {"cloudcover": "13", "DewPointC": "23", "DewPointF": "74", "FeelsLikeC": "29", "FeelsLikeF": "85", "HeatIndexC": "29", "HeatIndexF": "85", "humidity": "85", "precipMM": "0.0", "pressure": "1007", "tempC": "26", "tempF": "79", "time": "200", "visibility": "10", "weatherCode": "113",  "weatherDesc": [ {"value": "Clear" } ],  "weatherIconUrl": [ {"value": "http:\/\/cdn.worldweatheronline.net\/images\/wsymbols01_png_64\/wsymbol_0008_clear_sky_night.png" } ], "WindChillC": "26", "WindChillF": "79", "winddir16Point": "SE", "winddirDegree": "131", "WindGustKmph": "6", "WindGustMiles": "4", "windspeedKmph": "5", "windspeedMiles": "3" }, {"cloudcover": "22", "DewPointC": "23", "DewPointF": "73", "FeelsLikeC": "28", "FeelsLikeF": "83", "HeatIndexC": "28", "HeatIndexF": "83", "humidity": "84", "precipMM": "0.0", "pressure": "1007", "tempC": "26", "tempF": "78", "time": "500", "visibility": "10", "weatherCode": "113",  "weatherDesc": [ {"value": "Clear" } ],  "weatherIconUrl": [ {"value": "http:\/\/cdn.worldweatheronline.net\/images\/wsymbols01_png_64\/wsymbol_0008_clear_sky_night.png" } ], "WindChillC": "26", "WindChillF": "78", "winddir16Point": "W", "winddirDegree": "259", "WindGustKmph": "4", "WindGustMiles": "2", "windspeedKmph": "3", "windspeedMiles": "2" }, {"cloudcover": "47", "DewPointC": "25", "DewPointF": "77", "FeelsLikeC": "34", "FeelsLikeF": "94", "HeatIndexC": "34", "HeatIndexF": "94", "humidity": "80", "precipMM": "0.0", "pressure": "1007", "tempC": "26", "tempF": "79", "time": "800", "visibility": "10", "weatherCode": "116",  "weatherDesc": [ {"value": "Partly Cloudy" } ],  "weatherIconUrl": [ {"value": "http:\/\/cdn.worldweatheronline.net\/images\/wsymbols01_png_64\/wsymbol_0002_sunny_intervals.png" } ], "WindChillC": "29", "WindChillF": "84", "winddir16Point": "WSW", "winddirDegree": "251", "WindGustKmph": "3", "WindGustMiles": "2", "windspeedKmph": "2", "windspeedMiles": "1" }, {"cloudcover": "76", "DewPointC": "26", "DewPointF": "78", "FeelsLikeC": "37", "FeelsLikeF": "99", "HeatIndexC": "37", "HeatIndexF": "99", "humidity": "77", "precipMM": "0.0", "pressure": "1009", "tempC": "28", "tempF": "83", "time": "1100", "visibility": "10", "weatherCode": "119",  "weatherDesc": [ {"value": "Cloudy" } ],  "weatherIconUrl": [ {"value": "http:\/\/cdn.worldweatheronline.net\/images\/wsymbols01_png_64\/wsymbol_0003_white_cloud.png" } ], "WindChillC": "30", "WindChillF": "86", "winddir16Point": "E", "winddirDegree": "100", "WindGustKmph": "5", "WindGustMiles": "3", "windspeedKmph": "4", "windspeedMiles": "3" }, {"cloudcover": "76", "DewPointC": "26", "DewPointF": "78", "FeelsLikeC": "39", "FeelsLikeF": "101", "HeatIndexC": "39", "HeatIndexF": "101", "humidity": "73", "precipMM": "0.0", "pressure": "1007", "tempC": "29", "tempF": "85", "time": "1400", "visibility": "10", "weatherCode": "119",  "weatherDesc": [ {"value": "Cloudy" } ],  "weatherIconUrl": [ {"value": "http:\/\/cdn.worldweatheronline.net\/images\/wsymbols01_png_64\/wsymbol_0003_white_cloud.png" } ], "WindChillC": "31", "WindChillF": "88", "winddir16Point": "ENE", "winddirDegree": "78", "WindGustKmph": "9", "WindGustMiles": "6", "windspeedKmph": "8", "windspeedMiles": "5" }, {"cloudcover": "49", "DewPointC": "26", "DewPointF": "79", "FeelsLikeC": "39", "FeelsLikeF": "101", "HeatIndexC": "39", "HeatIndexF": "101", "humidity": "77", "precipMM": "0.0", "pressure": "1007", "tempC": "29", "tempF": "84", "time": "1700", "visibility": "10", "weatherCode": "116",  "weatherDesc": [ {"value": "Partly Cloudy" } ],  "weatherIconUrl": [ {"value": "http:\/\/cdn.worldweatheronline.net\/images\/wsymbols01_png_64\/wsymbol_0002_sunny_intervals.png" } ], "WindChillC": "31", "WindChillF": "87", "winddir16Point": "ESE", "winddirDegree": "112", "WindGustKmph": "17", "WindGustMiles": "10", "windspeedKmph": "14", "windspeedMiles": "9" }, {"cloudcover": "51", "DewPointC": "25", "DewPointF": "76", "FeelsLikeC": "32", "FeelsLikeF": "90", "HeatIndexC": "32", "HeatIndexF": "90", "humidity": "83", "precipMM": "0.0", "pressure": "1007", "tempC": "28", "tempF": "82", "time": "2000", "visibility": "10", "weatherCode": "116",  "weatherDesc": [ {"value": "Partly Cloudy" } ],  "weatherIconUrl": [ {"value": "http:\/\/cdn.worldweatheronline.net\/images\/wsymbols01_png_64\/wsymbol_0004_black_low_cloud.png" } ], "WindChillC": "28", "WindChillF": "82", "winddir16Point": "SE", "winddirDegree": "136", "WindGustKmph": "19", "WindGustMiles": "12", "windspeedKmph": "17", "windspeedMiles": "10" }, {"cloudcover": "48", "DewPointC": "24", "DewPointF": "75", "FeelsLikeC": "30", "FeelsLikeF": "87", "HeatIndexC": "30", "HeatIndexF": "87", "humidity": "83", "precipMM": "0.0", "pressure": "1007", "tempC": "27", "tempF": "80", "time": "2300", "visibility": "10", "weatherCode": "116",  "weatherDesc": [ {"value": "Partly Cloudy" } ],  "weatherIconUrl": [ {"value": "http:\/\/cdn.worldweatheronline.net\/images\/wsymbols01_png_64\/wsymbol_0004_black_low_cloud.png" } ], "WindChillC": "27", "WindChillF": "80", "winddir16Point": "SSE", "winddirDegree": "154", "WindGustKmph": "15", "WindGustMiles": "9", "windspeedKmph": "12", "windspeedMiles": "7" } ], "maxtempC": "29", "maxtempF": "85", "mintempC": "26", "mintempF": "78" } ] }}