{ "data": { "request": [ {"query": "Lat 25.13 and Lon 121.73", "type": "LatLon" } ],  "weather": [ { "astronomy": [ {"moonrise": "05:27 PM", "moonset": "05:31 AM", "sunrise": "06:20 AM", "sunset": "05:53 PM" } ], "date": "2013-02-25",  "hourly": [ {"cloudcover": "15", "DewPointC": "16", "DewPointF": "61", "FeelsLikeC": "20", "FeelsLikeF": "69", "HeatIndexC": "20", "HeatIndexF": "69", "humidity": "77", "precipMM": "0.0", "pressure": "1020", "tempC": "20", "tempF": "69", "time": "200", "visibility": "10", "weatherCode": "113",  "weatherDesc": [ {"value": "Clear" } ],  "weatherIconUrl": [ {"value": "http:\/\/cdn.worldweatheronline.net\/images\/wsymbols01_png_64\/wsymbol_0008_clear_sky_night.png" } ], "WindChillC": "20", "WindChillF": "69", "winddir16Point": "SE", "winddirDegree": "138", "WindGustKmph": "32", "WindGustMiles": "20", "windspeedKmph": "24", "windspeedMiles": "15" }, {"cloudcover": "16", "DewPointC": "16", "DewPointF": "61", "FeelsLikeC": "20", "FeelsLikeF": "67", "HeatIndexC": "20", "HeatIndexF": "67", "humidity": "79", "precipMM": "0.0", "pressure": "1020", "tempC": "20", "tempF": "67", "time": "500", "visibility": "10", "weatherCode": "113",  "weatherDesc": [ {"value": "Clear" } ],  "weatherIconUrl": [ {"value": "http:\/\/cdn.worldweatheronline.net\/images\/wsymbols01_png_64\/wsymbol_0008_clear_sky_night.png" } ], "WindChillC": "20", "WindChillF": "67", "winddir16Point": "SE", "winddirDegree": "141", "WindGustKmph": "35", "WindGustMiles": "22", "windspeedKmph": "23", "windspeedMiles": "14" }, {"cloudcover": "34", "DewPointC": "18", "DewPointF": "64", "FeelsLikeC": "22", "FeelsLikeF": "71", "HeatIndexC": "25", "HeatIndexF": "76", "humidity": "77", "precipMM": "0.0", "pressure": "1020", "tempC": "21", "tempF": "69", "time": "800", "visibility": "10", "weatherCode": "116",  "weatherDesc": [ {"value": "Partly Cloudy" } ],  "weatherIconUrl": [ {"value": "http:\/\/cdn.worldweatheronline.net\/images\/wsymbols01_png_64\/wsymbol_0002_sunny_intervals.png" } ], "WindChillC": "22", "WindChillF": "71", "winddir16Point": "SE", "winddirDegree": "143", "WindGustKmph": "27", "WindGustMiles": "17", "windspeedKmph": "23", "windspeedMiles": "15" }, {"cloudcover": "46", "DewPointC": "18", "DewPointF": "65", "FeelsLikeC": "26", "FeelsLikeF": "78", "HeatIndexC": "26", "HeatIndexF": "78", "humidity": "72", "precipMM": "0.0", "pressure": "1021", "tempC": "23", "tempF": "73", "time": "1100", "visibility": "10", "weatherCode": "116",  "weatherDesc": [ {"value": "Partly Cloudy" } ],  "weatherIconUrl": [ {"value": "http:\/\/cdn.worldweatheronline.net\/images\/wsymbols01_png_64\/wsymbol_0002_sunny_intervals.png" } ], "WindChillC": "24", "WindChillF": "75", "winddir16Point": "SE", "winddirDegree": "141", "WindGustKmph": "31", "WindGustMiles": "19", "windspeedKmph": "27", "windspeedMiles": "17" }, {"cloudcover": "21", "DewPointC": "20", "DewPointF": "69", "FeelsLikeC": "28", "FeelsLikeF": "82", "HeatIndexC": "28", "HeatIndexF": "82", "humidity": "73", "precipMM": "0.0", "pressure": "1019", "tempC": "24", "tempF": "75", "time": "1400", "visibility": "10", "weatherCode": "113",  "weatherDesc": [ {"value": "Sunny" } ],  "weatherIconUrl": [ {"value": "http:\/\/cdn.worldweatheronline.net\/images\/wsymbols01_png_64\/wsymbol_0001_sunny.png" } ], "WindChillC": "26", "WindChillF": "78", "winddir16Point": "SE", "winddirDegree": "140", "WindGustKmph": "31", "WindGustMiles": "19", "windspeedKmph": "27", "windspeedMiles": "17" }, {"cloudcover": "28", "DewPointC": "20", "DewPointF": "68", "FeelsLikeC": "26", "FeelsLikeF": "80", "HeatIndexC": "26", "HeatIndexF": "80", "humidity": "77", "precipMM": "0.0", "pressure": "1018", "tempC": "24", "tempF": "74", "time": "1700", "visibility": "10", "weatherCode": "116",  "weatherDesc": [ {"value": "Partly Cloudy" } ],  "weatherIconUrl": [ {"value": "http:\/\/cdn.worldweatheronline.net\/images\/wsymbols01_png_64\/wsymbol_0002_sunny_intervals.png" } ], "WindChillC": "25", "WindChillF": "76", "winddir16Point": "SE", "winddirDegree": "138", "WindGustKmph": "32", "WindGustMiles": "20", "windspeedKmph": "28", "windspeedMiles": "17" }, {"cloudcover": "22", "DewPointC": "19", "DewPointF": "66", "FeelsLikeC": "25", "FeelsLikeF": "76", "HeatIndexC": "25", "HeatIndexF": "76", "humidity": "82", "precipMM": "0.0", "pressure": "1019", "tempC": "22", "tempF": "72", "time": "2000", "visibility": "10", "weatherCode": "113",  "weatherDesc": [ {"value": "Clear" } ],  "weatherIconUrl": [ {"value": "http:\/\/cdn.worldweatheronline.net\/images\/wsymbols01_png_64\/wsymbol_0008_clear_sky_night.png" } ], "WindChillC": "22", "WindChillF": "72", "winddir16Point": "SE", "winddirDegree": "139", "WindGustKmph": "32", "WindGustMiles": "20", "windspeedKmph": "26", "windspeedMiles": "16" }, {"cloudcover": "16", "DewPointC": "18", "DewPointF": "65", "FeelsLikeC": "21", "FeelsLikeF": "70", "HeatIndexC": "24", "HeatIndexF": "76", "humidity": "83", "precipMM": "0.0", "pressure": "1019", "tempC": "21", "tempF": "70", "time": "2300", "visibility": "10", "weatherCode": "113",  "weatherDesc": [ {"value": "Clear" } ],  "weatherIconUrl": [ {"value": "http:\/\/cdn.worldweatheronline.net\/images\/wsymbols01_png_64\/wsymbol_0008_clear_sky_night.png" } ], "WindChillC": "21", "WindChillF": "70", "winddir16Point": "SE", "winddirDegree": "144", "WindGustKmph": "41", "WindGustMiles": "26", "windspeedKmph": "28", "windspeedMiles": "17" } ], "maxtempC": "24", "maxtempF": "75", "mintempC": "20", "mintempF": "67" } ] }}