{ "data": { "request": [ {"query": "Lat 25.13 and Lon 121.73", "type": "LatLon" } ],  "weather": [ { "astronomy": [ {"moonrise": "02:37 AM", "moonset": "02:25 PM", "sunrise": "05:40 AM", "sunset": "06:11 PM" } ], "date": "2013-04-06",  "hourly": [ {"cloudcover": "46", "DewPointC": "21", "DewPointF": "70", "FeelsLikeC": "25", "FeelsLikeF": "77", "HeatIndexC": "25", "HeatIndexF": "77", "humidity": "88", "precipMM": "1.6", "pressure": "1003", "tempC": "23", "tempF": "73", "time": "200", "visibility": "10", "weatherCode": "353",  "weatherDesc": [ {"value": "Light rain shower" } ],  "weatherIconUrl": [ {"value": "http:\/\/cdn.worldweatheronline.net\/images\/wsymbols01_png_64\/wsymbol_0025_light_rain_showers_night.png" } ], "WindChillC": "23", "WindChillF": "73", "winddir16Point": "S", "winddirDegree": "189", "WindGustKmph": "2", "WindGustMiles": "1", "windspeedKmph": "1", "windspeedMiles": "1" }, {"cloudcover": "19", "DewPointC": "20", "DewPointF": "69", "FeelsLikeC": "25", "FeelsLikeF": "76", "HeatIndexC": "25", "HeatIndexF": "76", "humidity": "90", "precipMM": "1.2", "pressure": "1002", "tempC": "22", "tempF": "72", "time": "500", "visibility": "9", "weatherCode": "176",  "weatherDesc": [ {"value": "Patchy rain nearby" } ],  "weatherIconUrl": [ {"value": "http:\/\/cdn.worldweatheronline.net\/images\/wsymbols01_png_64\/wsymbol_0025_light_rain_showers_night.png" } ], "WindChillC": "22", "WindChillF": "72", "winddir16Point": "NW", "winddirDegree": "318", "WindGustKmph": "28", "WindGustMiles": "18", "windspeedKmph": "20", "windspeedMiles": "12" }, {"cloudcover": "75", "DewPointC": "20", "DewPointF": "69", "FeelsLikeC": "23", "FeelsLikeF": "73", "HeatIndexC": "25", "HeatIndexF": "77", "humidity": "85", "precipMM": "1.1", "pressure": "1006", "tempC": "22", "tempF": "71", "time": "800", "visibility": "10", "weatherCode": "353",  "weatherDesc": [ {"value": "Light rain shower" } ],  "weatherIconUrl": [ {"value": "http:\/\/cdn.worldweatheronline.net\/images\/wsymbols01_png_64\/wsymbol_0009_light_rain_showers.png" } ], "WindChillC": "23", "WindChillF": "73", "winddir16Point": "N", "winddirDegree": "352", "WindGustKmph": "48", "WindGustMiles": "30", "windspeedKmph": "38", "windspeedMiles": "23" }, {"cloudcover": "75", "DewPointC": "17", "DewPointF": "63", "FeelsLikeC": "21", "FeelsLikeF": "70", "HeatIndexC": "21", "HeatIndexF": "70", "humidity": "80", "precipMM": "0.7", "pressure": "1008", "tempC": "20", "tempF": "67", "time": "1100", "visibility": "2", "weatherCode": "266",  "weatherDesc": [ {"value": "Light drizzle" } ],  "weatherIconUrl": [ {"value": "http:\/\/cdn.worldweatheronline.net\/images\/wsymbols01_png_64\/wsymbol_0017_cloudy_with_light_rain.png" } ], "WindChillC": "21", "WindChillF": "70", "winddir16Point": "N", "winddirDegree": "10", "WindGustKmph": "47", "WindGustMiles": "29", "windspeedKmph": "41", "windspeedMiles": "26" }, {"cloudcover": "86", "DewPointC": "15", "DewPointF": "58", "FeelsLikeC": "18", "FeelsLikeF": "65", "HeatIndexC": "18", "HeatIndexF": "65", "humidity": "79", "precipMM": "0.5", "pressure": "1009", "tempC": "17", "tempF": "63", "time": "1400", "visibility": "2", "weatherCode": "266",  "weatherDesc": [ {"value": "Light drizzle" } ],  "weatherIconUrl": [ {"value": "http:\/\/cdn.worldweatheronline.net\/images\/wsymbols01_png_64\/wsymbol_0017_cloudy_with_light_rain.png" } ], "WindChillC": "18", "WindChillF": "65", "winddir16Point": "NNE", "winddirDegree": "12", "WindGustKmph": "48", "WindGustMiles": "30", "windspeedKmph": "42", "windspeedMiles": "26" }, {"cloudcover": "100", "DewPointC": "13", "DewPointF": "55", "FeelsLikeC": "16", "FeelsLikeF": "61", "HeatIndexC": "16", "HeatIndexF": "61", "humidity": "82", "precipMM": "2.4", "pressure": "1011", "tempC": "15", "tempF": "60", "time": "1700", "visibility": "9", "weatherCode": "296",  "weatherDesc": [ {"value": "Light rain" } ],  "weatherIconUrl": [ {"value": "http:\/\/cdn.worldweatheronline.net\/images\/wsymbols01_png_64\/wsymbol_0017_cloudy_with_light_rain.png" } ], "WindChillC": "16", "WindChillF": "61", "winddir16Point": "NNE", "winddirDegree": "15", "WindGustKmph": "51", "WindGustMiles": "32", "windspeedKmph": "44", "windspeedMiles": "28" }, {"cloudcover": "68", "DewPointC": "11", "DewPointF": "51", "FeelsLikeC": "12", "FeelsLikeF": "54", "HeatIndexC": "15", "HeatIndexF": "58", "humidity": "76", "precipMM": "1.2", "pressure": "1013", "tempC": "15", "tempF": "58", "time": "2000", "visibility": "9", "weatherCode": "293",  "weatherDesc": [ {"value": "Patchy light rain" } ],  "weatherIconUrl": [ {"value": "http:\/\/cdn.worldweatheronline.net\/images\/wsymbols01_png_64\/wsymbol_0033_cloudy_with_light_rain_night.png" } ], "WindChillC": "12", "WindChillF": "54", "winddir16Point": "NNE", "winddirDegree": "13", "WindGustKmph": "49", "WindGustMiles": "30", "windspeedKmph": "41", "windspeedMiles": "26" }, {"cloudcover": "59", "DewPointC": "9", "DewPointF": "48", "FeelsLikeC": "13", "FeelsLikeF": "55", "HeatIndexC": "15", "HeatIndexF": "59", "humidity": "68", "precipMM": "0.4", "pressure": "1014", "tempC": "15", "tempF": "59", "time": "2300", "visibility": "5", "weatherCode": "263",  "weatherDesc": [ {"value": "Patchy light drizzle" } ],  "weatherIconUrl": [ {"value": "http:\/\/cdn.worldweatheronline.net\/images\/wsymbols01_png_64\/wsymbol_0025_light_rain_showers_night.png" } ], "WindChillC": "13", "WindChillF": "55", "winddir16Point": "NNE", "winddirDegree": "13", "WindGustKmph": "41", "WindGustMiles": "26", "windspeedKmph": "34", "windspeedMiles": "21" } ], "maxtempC": "23", "maxtempF": "73", "mintempC": "15", "mintempF": "58" } ] }}