{ "data": { "request": [ {"query": "Lat 25.13 and Lon 121.73", "type": "LatLon" } ],  "weather": [ { "astronomy": [ {"moonrise": "05:59 AM", "moonset": "06:30 PM", "sunrise": "06:05 AM", "sunset": "06:01 PM" } ], "date": "2013-03-12",  "hourly": [ {"cloudcover": "68", "DewPointC": "18", "DewPointF": "64", "FeelsLikeC": "20", "FeelsLikeF": "68", "HeatIndexC": "20", "HeatIndexF": "68", "humidity": "89", "precipMM": "0.1", "pressure": "1017", "tempC": "20", "tempF": "68", "time": "200", "visibility": "10", "weatherCode": "119",  "weatherDesc": [ {"value": "Cloudy" } ],  "weatherIconUrl": [ {"value": "http:\/\/cdn.worldweatheronline.net\/images\/wsymbols01_png_64\/wsymbol_0004_black_low_cloud.png" } ], "WindChillC": "20", "WindChillF": "68", "winddir16Point": "ENE", "winddirDegree": "71", "WindGustKmph": "19", "WindGustMiles": "12", "windspeedKmph": "15", "windspeedMiles": "10" }, {"cloudcover": "63", "DewPointC": "17", "DewPointF": "63", "FeelsLikeC": "19", "FeelsLikeF": "66", "HeatIndexC": "19", "HeatIndexF": "66", "humidity": "90", "precipMM": "0.1", "pressure": "1016", "tempC": "19", "tempF": "66", "time": "500", "visibility": "10", "weatherCode": "119",  "weatherDesc": [ {"value": "Cloudy" } ],  "weatherIconUrl": [ {"value": "http:\/\/cdn.worldweatheronline.net\/images\/wsymbols01_png_64\/wsymbol_0004_black_low_cloud.png" } ], "WindChillC": "19", "WindChillF": "66", "winddir16Point": "ENE", "winddirDegree": "66", "WindGustKmph": "21", "WindGustMiles": "13", "windspeedKmph": "13", "windspeedMiles": "8" }, {"cloudcover": "54", "DewPointC": "20", "DewPointF": "68", "FeelsLikeC": "22", "FeelsLikeF": "72", "HeatIndexC": "25", "HeatIndexF": "76", "humidity": "86", "precipMM": "0.0", "pressure": "1017", "tempC": "20", "tempF": "68", "time": "800", "visibility": "10", "weatherCode": "116",  "weatherDesc": [ {"value": "Partly Cloudy" } ],  "weatherIconUrl": [ {"value": "http:\/\/cdn.worldweatheronline.net\/images\/wsymbols01_png_64\/wsymbol_0002_sunny_intervals.png" } ], "WindChillC": "22", "WindChillF": "72", "winddir16Point": "E", "winddirDegree": "89", "WindGustKmph": "14", "WindGustMiles": "9", "windspeedKmph": "12", "windspeedMiles": "8" }, {"cloudcover": "15", "DewPointC": "21", "DewPointF": "69", "FeelsLikeC": "27", "FeelsLikeF": "80", "HeatIndexC": "27", "HeatIndexF": "80", "humidity": "77", "precipMM": "0.0", "pressure": "1017", "tempC": "23", "tempF": "73", "time": "1100", "visibility": "10", "weatherCode": "113",  "weatherDesc": [ {"value": "Sunny" } ],  "weatherIconUrl": [ {"value": "http:\/\/cdn.worldweatheronline.net\/images\/wsymbols01_png_64\/wsymbol_0001_sunny.png" } ], "WindChillC": "25", "WindChillF": "77", "winddir16Point": "ESE", "winddirDegree": "107", "WindGustKmph": "13", "WindGustMiles": "8", "windspeedKmph": "12", "windspeedMiles": "7" }, {"cloudcover": "0", "DewPointC": "21", "DewPointF": "70", "FeelsLikeC": "28", "FeelsLikeF": "83", "HeatIndexC": "28", "HeatIndexF": "83", "humidity": "74", "precipMM": "0.0", "pressure": "1015", "tempC": "25", "tempF": "76", "time": "1400", "visibility": "10", "weatherCode": "113",  "weatherDesc": [ {"value": "Sunny" } ],  "weatherIconUrl": [ {"value": "http:\/\/cdn.worldweatheronline.net\/images\/wsymbols01_png_64\/wsymbol_0001_sunny.png" } ], "WindChillC": "26", "WindChillF": "79", "winddir16Point": "ESE", "winddirDegree": "116", "WindGustKmph": "13", "WindGustMiles": "8", "windspeedKmph": "12", "windspeedMiles": "7" }, {"cloudcover": "0", "DewPointC": "22", "DewPointF": "71", "FeelsLikeC": "28", "FeelsLikeF": "82", "HeatIndexC": "28", "HeatIndexF": "82", "humidity": "77", "precipMM": "0.0", "pressure": "1013", "tempC": "24", "tempF": "76", "time": "1700", "visibility": "10", "weatherCode": "113",  "weatherDesc": [ {"value": "Sunny" } ],  "weatherIconUrl": [ {"value": "http:\/\/cdn.worldweatheronline.net\/images\/wsymbols01_png_64\/wsymbol_0001_sunny.png" } ], "WindChillC": "26", "WindChillF": "78", "winddir16Point": "SE", "winddirDegree": "140", "WindGustKmph": "17", "WindGustMiles": "10", "windspeedKmph": "14", "windspeedMiles": "9" }, {"cloudcover": "3", "DewPointC": "20", "DewPointF": "67", "FeelsLikeC": "25", "FeelsLikeF": "76", "HeatIndexC": "25", "HeatIndexF": "76", "humidity": "84", "precipMM": "0.0", "pressure": "1014", "tempC": "22", "tempF": "72", "time": "2000", "visibility": "10", "weatherCode": "113",  "weatherDesc": [ {"value": "Clear" } ],  "weatherIconUrl": [ {"value": "http:\/\/cdn.worldweatheronline.net\/images\/wsymbols01_png_64\/wsymbol_0008_clear_sky_night.png" } ], "WindChillC": "22", "WindChillF": "72", "winddir16Point": "SSE", "winddirDegree": "159", "WindGustKmph": "24", "WindGustMiles": "15", "windspeedKmph": "16", "windspeedMiles": "10" }, {"cloudcover": "6", "DewPointC": "19", "DewPointF": "66", "FeelsLikeC": "21", "FeelsLikeF": "70", "HeatIndexC": "24", "HeatIndexF": "76", "humidity": "87", "precipMM": "0.0", "pressure": "1014", "tempC": "21", "tempF": "70", "time": "2300", "visibility": "10", "weatherCode": "113",  "weatherDesc": [ {"value": "Clear" } ],  "weatherIconUrl": [ {"value": "http:\/\/cdn.worldweatheronline.net\/images\/wsymbols01_png_64\/wsymbol_0008_clear_sky_night.png" } ], "WindChillC": "21", "WindChillF": "70", "winddir16Point": "S", "winddirDegree": "172", "WindGustKmph": "25", "WindGustMiles": "16", "windspeedKmph": "14", "windspeedMiles": "9" } ], "maxtempC": "25", "maxtempF": "76", "mintempC": "19", "mintempF": "66" } ] }}