{ "data": { "request": [ {"query": "Lat 25.13 and Lon 121.73", "type": "LatLon" } ],  "weather": [ { "astronomy": [ {"moonrise": "05:16 AM", "moonset": "04:45 PM", "sunrise": "06:32 AM", "sunset": "05:43 PM" } ], "date": "2013-02-09",  "hourly": [ {"cloudcover": "100", "DewPointC": "12", "DewPointF": "53", "FeelsLikeC": "11", "FeelsLikeF": "52", "HeatIndexC": "14", "HeatIndexF": "57", "humidity": "87", "precipMM": "0.7", "pressure": "1023", "tempC": "14", "tempF": "57", "time": "200", "visibility": "2", "weatherCode": "266",  "weatherDesc": [ {"value": "Light drizzle" } ],  "weatherIconUrl": [ {"value": "http:\/\/cdn.worldweatheronline.net\/images\/wsymbols01_png_64\/wsymbol_0033_cloudy_with_light_rain_night.png" } ], "WindChillC": "11", "WindChillF": "52", "winddir16Point": "NE", "winddirDegree": "35", "WindGustKmph": "39", "WindGustMiles": "24", "windspeedKmph": "33", "windspeedMiles": "21" }, {"cloudcover": "99", "DewPointC": "11", "DewPointF": "52", "FeelsLikeC": "11", "FeelsLikeF": "52", "HeatIndexC": "13", "HeatIndexF": "56", "humidity": "87", "precipMM": "0.7", "pressure": "1023", "tempC": "13", "tempF": "56", "time": "500", "visibility": "2", "weatherCode": "266",  "weatherDesc": [ {"value": "Light drizzle" } ],  "weatherIconUrl": [ {"value": "http:\/\/cdn.worldweatheronline.net\/images\/wsymbols01_png_64\/wsymbol_0033_cloudy_with_light_rain_night.png" } ], "WindChillC": "11", "WindChillF": "52", "winddir16Point": "NNE", "winddirDegree": "31", "WindGustKmph": "40", "WindGustMiles": "25", "windspeedKmph": "32", "windspeedMiles": "20" }, {"cloudcover": "91", "DewPointC": "12", "DewPointF": "53", "FeelsLikeC": "12", "FeelsLikeF": "53", "HeatIndexC": "14", "HeatIndexF": "57", "humidity": "87", "precipMM": "0.7", "pressure": "1024", "tempC": "14", "tempF": "57", "time": "800", "visibility": "2", "weatherCode": "266",  "weatherDesc": [ {"value": "Light drizzle" } ],  "weatherIconUrl": [ {"value": "http:\/\/cdn.worldweatheronline.net\/images\/wsymbols01_png_64\/wsymbol_0017_cloudy_with_light_rain.png" } ], "WindChillC": "12", "WindChillF": "53", "winddir16Point": "NNE", "winddirDegree": "31", "WindGustKmph": "35", "WindGustMiles": "21", "windspeedKmph": "30", "windspeedMiles": "19" }, {"cloudcover": "81", "DewPointC": "14", "DewPointF": "56", "FeelsLikeC": "16", "FeelsLikeF": "61", "HeatIndexC": "16", "HeatIndexF": "61", "humidity": "86", "precipMM": "0.6", "pressure": "1024", "tempC": "15", "tempF": "59", "time": "1100", "visibility": "2", "weatherCode": "266",  "weatherDesc": [ {"value": "Light drizzle" } ],  "weatherIconUrl": [ {"value": "http:\/\/cdn.worldweatheronline.net\/images\/wsymbols01_png_64\/wsymbol_0017_cloudy_with_light_rain.png" } ], "WindChillC": "16", "WindChillF": "61", "winddir16Point": "NNE", "winddirDegree": "32", "WindGustKmph": "37", "WindGustMiles": "23", "windspeedKmph": "32", "windspeedMiles": "20" }, {"cloudcover": "77", "DewPointC": "14", "DewPointF": "57", "FeelsLikeC": "16", "FeelsLikeF": "61", "HeatIndexC": "16", "HeatIndexF": "61", "humidity": "85", "precipMM": "0.2", "pressure": "1022", "tempC": "15", "tempF": "60", "time": "1400", "visibility": "2", "weatherCode": "266",  "weatherDesc": [ {"value": "Light drizzle" } ],  "weatherIconUrl": [ {"value": "http:\/\/cdn.worldweatheronline.net\/images\/wsymbols01_png_64\/wsymbol_0017_cloudy_with_light_rain.png" } ], "WindChillC": "16", "WindChillF": "61", "winddir16Point": "NE", "winddirDegree": "37", "WindGustKmph": "35", "WindGustMiles": "22", "windspeedKmph": "30", "windspeedMiles": "19" }, {"cloudcover": "78", "DewPointC": "13", "DewPointF": "56", "FeelsLikeC": "16", "FeelsLikeF": "60", "HeatIndexC": "16", "HeatIndexF": "60", "humidity": "86", "precipMM": "0.2", "pressure": "1022", "tempC": "15", "tempF": "59", "time": "1700", "visibility": "2", "weatherCode": "266",  "weatherDesc": [ {"value": "Light drizzle" } ],  "weatherIconUrl": [ {"value": "http:\/\/cdn.worldweatheronline.net\/images\/wsymbols01_png_64\/wsymbol_0017_cloudy_with_light_rain.png" } ], "WindChillC": "16", "WindChillF": "60", "winddir16Point": "NE", "winddirDegree": "37", "WindGustKmph": "32", "WindGustMiles": "20", "windspeedKmph": "28", "windspeedMiles": "17" }, {"cloudcover": "78", "DewPointC": "12", "DewPointF": "54", "FeelsLikeC": "13", "FeelsLikeF": "55", "HeatIndexC": "15", "HeatIndexF": "58", "humidity": "87", "precipMM": "0.2", "pressure": "1023", "tempC": "15", "tempF": "58", "time": "2000", "visibility": "2", "weatherCode": "266",  "weatherDesc": [ {"value": "Light drizzle" } ],  "weatherIconUrl": [ {"value": "http:\/\/cdn.worldweatheronline.net\/images\/wsymbols01_png_64\/wsymbol_0033_cloudy_with_light_rain_night.png" } ], "WindChillC": "13", "WindChillF": "55", "winddir16Point": "NE", "winddirDegree": "41", "WindGustKmph": "36", "WindGustMiles": "22", "windspeedKmph": "29", "windspeedMiles": "18" }, {"cloudcover": "77", "DewPointC": "12", "DewPointF": "53", "FeelsLikeC": "12", "FeelsLikeF": "54", "HeatIndexC": "14", "HeatIndexF": "57", "humidity": "87", "precipMM": "0.3", "pressure": "1023", "tempC": "14", "tempF": "57", "time": "2300", "visibility": "2", "weatherCode": "266",  "weatherDesc": [ {"value": "Light drizzle" } ],  "weatherIconUrl": [ {"value": "http:\/\/cdn.worldweatheronline.net\/images\/wsymbols01_png_64\/wsymbol_0033_cloudy_with_light_rain_night.png" } ], "WindChillC": "12", "WindChillF": "54", "winddir16Point": "NE", "winddirDegree": "42", "WindGustKmph": "40", "WindGustMiles": "25", "windspeedKmph": "27", "windspeedMiles": "17" } ], "maxtempC": "15", "maxtempF": "60", "mintempC": "13", "mintempF": "56" } ] }}