{ "data": { "request": [ {"query": "Lat 25.13 and Lon 121.73", "type": "LatLon" } ],  "weather": [ { "astronomy": [ {"moonrise": "12:26 AM", "moonset": "11:41 AM", "sunrise": "06:34 AM", "sunset": "05:40 PM" } ], "date": "2013-02-04",  "hourly": [ {"cloudcover": "21", "DewPointC": "19", "DewPointF": "67", "FeelsLikeC": "21", "FeelsLikeF": "70", "HeatIndexC": "21", "HeatIndexF": "70", "humidity": "91", "precipMM": "0.0", "pressure": "1018", "tempC": "21", "tempF": "70", "time": "200", "visibility": "10", "weatherCode": "113",  "weatherDesc": [ {"value": "Clear" } ],  "weatherIconUrl": [ {"value": "http:\/\/cdn.worldweatheronline.net\/images\/wsymbols01_png_64\/wsymbol_0008_clear_sky_night.png" } ], "WindChillC": "21", "WindChillF": "70", "winddir16Point": "S", "winddirDegree": "184", "WindGustKmph": "18", "WindGustMiles": "11", "windspeedKmph": "11", "windspeedMiles": "7" }, {"cloudcover": "19", "DewPointC": "18", "DewPointF": "65", "FeelsLikeC": "20", "FeelsLikeF": "68", "HeatIndexC": "20", "HeatIndexF": "68", "humidity": "90", "precipMM": "0.0", "pressure": "1018", "tempC": "20", "tempF": "68", "time": "500", "visibility": "10", "weatherCode": "113",  "weatherDesc": [ {"value": "Clear" } ],  "weatherIconUrl": [ {"value": "http:\/\/cdn.worldweatheronline.net\/images\/wsymbols01_png_64\/wsymbol_0008_clear_sky_night.png" } ], "WindChillC": "20", "WindChillF": "68", "winddir16Point": "SSW", "winddirDegree": "203", "WindGustKmph": "16", "WindGustMiles": "10", "windspeedKmph": "8", "windspeedMiles": "5" }, {"cloudcover": "15", "DewPointC": "20", "DewPointF": "68", "FeelsLikeC": "23", "FeelsLikeF": "73", "HeatIndexC": "25", "HeatIndexF": "77", "humidity": "82", "precipMM": "0.0", "pressure": "1019", "tempC": "21", "tempF": "70", "time": "800", "visibility": "10", "weatherCode": "113",  "weatherDesc": [ {"value": "Sunny" } ],  "weatherIconUrl": [ {"value": "http:\/\/cdn.worldweatheronline.net\/images\/wsymbols01_png_64\/wsymbol_0001_sunny.png" } ], "WindChillC": "23", "WindChillF": "73", "winddir16Point": "SW", "winddirDegree": "233", "WindGustKmph": "8", "WindGustMiles": "5", "windspeedKmph": "7", "windspeedMiles": "4" }, {"cloudcover": "20", "DewPointC": "21", "DewPointF": "70", "FeelsLikeC": "27", "FeelsLikeF": "81", "HeatIndexC": "27", "HeatIndexF": "81", "humidity": "77", "precipMM": "0.0", "pressure": "1020", "tempC": "23", "tempF": "74", "time": "1100", "visibility": "10", "weatherCode": "113",  "weatherDesc": [ {"value": "Sunny" } ],  "weatherIconUrl": [ {"value": "http:\/\/cdn.worldweatheronline.net\/images\/wsymbols01_png_64\/wsymbol_0001_sunny.png" } ], "WindChillC": "25", "WindChillF": "78", "winddir16Point": "S", "winddirDegree": "190", "WindGustKmph": "3", "WindGustMiles": "2", "windspeedKmph": "3", "windspeedMiles": "2" }, {"cloudcover": "21", "DewPointC": "22", "DewPointF": "71", "FeelsLikeC": "29", "FeelsLikeF": "84", "HeatIndexC": "29", "HeatIndexF": "84", "humidity": "76", "precipMM": "0.0", "pressure": "1018", "tempC": "25", "tempF": "76", "time": "1400", "visibility": "10", "weatherCode": "113",  "weatherDesc": [ {"value": "Sunny" } ],  "weatherIconUrl": [ {"value": "http:\/\/cdn.worldweatheronline.net\/images\/wsymbols01_png_64\/wsymbol_0001_sunny.png" } ], "WindChillC": "26", "WindChillF": "80", "winddir16Point": "ESE", "winddirDegree": "115", "WindGustKmph": "3", "WindGustMiles": "2", "windspeedKmph": "2", "windspeedMiles": "1" }, {"cloudcover": "27", "DewPointC": "22", "DewPointF": "72", "FeelsLikeC": "28", "FeelsLikeF": "83", "HeatIndexC": "28", "HeatIndexF": "83", "humidity": "81", "precipMM": "0.0", "pressure": "1018", "tempC": "24", "tempF": "76", "time": "1700", "visibility": "10", "weatherCode": "116",  "weatherDesc": [ {"value": "Partly Cloudy" } ],  "weatherIconUrl": [ {"value": "http:\/\/cdn.worldweatheronline.net\/images\/wsymbols01_png_64\/wsymbol_0002_sunny_intervals.png" } ], "WindChillC": "26", "WindChillF": "78", "winddir16Point": "E", "winddirDegree": "90", "WindGustKmph": "5", "WindGustMiles": "3", "windspeedKmph": "5", "windspeedMiles": "3" }, {"cloudcover": "71", "DewPointC": "21", "DewPointF": "70", "FeelsLikeC": "25", "FeelsLikeF": "77", "HeatIndexC": "25", "HeatIndexF": "77", "humidity": "91", "precipMM": "0.0", "pressure": "1020", "tempC": "23", "tempF": "73", "time": "2000", "visibility": "10", "weatherCode": "119",  "weatherDesc": [ {"value": "Cloudy" } ],  "weatherIconUrl": [ {"value": "http:\/\/cdn.worldweatheronline.net\/images\/wsymbols01_png_64\/wsymbol_0004_black_low_cloud.png" } ], "WindChillC": "23", "WindChillF": "73", "winddir16Point": "E", "winddirDegree": "80", "WindGustKmph": "14", "WindGustMiles": "9", "windspeedKmph": "13", "windspeedMiles": "8" }, {"cloudcover": "73", "DewPointC": "21", "DewPointF": "69", "FeelsLikeC": "22", "FeelsLikeF": "71", "HeatIndexC": "24", "HeatIndexF": "76", "humidity": "94", "precipMM": "0.0", "pressure": "1020", "tempC": "22", "tempF": "71", "time": "2300", "visibility": "10", "weatherCode": "119",  "weatherDesc": [ {"value": "Cloudy" } ],  "weatherIconUrl": [ {"value": "http:\/\/cdn.worldweatheronline.net\/images\/wsymbols01_png_64\/wsymbol_0004_black_low_cloud.png" } ], "WindChillC": "22", "WindChillF": "71", "winddir16Point": "E", "winddirDegree": "95", "WindGustKmph": "19", "WindGustMiles": "12", "windspeedKmph": "16", "windspeedMiles": "10" } ], "maxtempC": "25", "maxtempF": "76", "mintempC": "20", "mintempF": "68" } ] }}