{ "data": { "request": [ {"query": "Lat 25.13 and Lon 121.73", "type": "LatLon" } ],  "weather": [ { "astronomy": [ {"moonrise": "09:19 PM", "moonset": "08:07 AM", "sunrise": "06:16 AM", "sunset": "05:55 PM" } ], "date": "2013-03-01",  "hourly": [ {"cloudcover": "8", "DewPointC": "19", "DewPointF": "67", "FeelsLikeC": "22", "FeelsLikeF": "71", "HeatIndexC": "24", "HeatIndexF": "76", "humidity": "86", "precipMM": "0.0", "pressure": "1014", "tempC": "22", "tempF": "71", "time": "200", "visibility": "10", "weatherCode": "113",  "weatherDesc": [ {"value": "Clear" } ],  "weatherIconUrl": [ {"value": "http:\/\/cdn.worldweatheronline.net\/images\/wsymbols01_png_64\/wsymbol_0008_clear_sky_night.png" } ], "WindChillC": "22", "WindChillF": "71", "winddir16Point": "S", "winddirDegree": "177", "WindGustKmph": "17", "WindGustMiles": "11", "windspeedKmph": "12", "windspeedMiles": "8" }, {"cloudcover": "13", "DewPointC": "18", "DewPointF": "65", "FeelsLikeC": "21", "FeelsLikeF": "70", "HeatIndexC": "21", "HeatIndexF": "70", "humidity": "86", "precipMM": "0.0", "pressure": "1014", "tempC": "21", "tempF": "70", "time": "500", "visibility": "10", "weatherCode": "113",  "weatherDesc": [ {"value": "Clear" } ],  "weatherIconUrl": [ {"value": "http:\/\/cdn.worldweatheronline.net\/images\/wsymbols01_png_64\/wsymbol_0008_clear_sky_night.png" } ], "WindChillC": "21", "WindChillF": "70", "winddir16Point": "SSW", "winddirDegree": "196", "WindGustKmph": "16", "WindGustMiles": "10", "windspeedKmph": "11", "windspeedMiles": "7" }, {"cloudcover": "27", "DewPointC": "19", "DewPointF": "66", "FeelsLikeC": "24", "FeelsLikeF": "74", "HeatIndexC": "25", "HeatIndexF": "78", "humidity": "77", "precipMM": "0.0", "pressure": "1014", "tempC": "22", "tempF": "71", "time": "800", "visibility": "10", "weatherCode": "116",  "weatherDesc": [ {"value": "Partly Cloudy" } ],  "weatherIconUrl": [ {"value": "http:\/\/cdn.worldweatheronline.net\/images\/wsymbols01_png_64\/wsymbol_0002_sunny_intervals.png" } ], "WindChillC": "24", "WindChillF": "74", "winddir16Point": "SSW", "winddirDegree": "196", "WindGustKmph": "14", "WindGustMiles": "9", "windspeedKmph": "13", "windspeedMiles": "8" }, {"cloudcover": "27", "DewPointC": "20", "DewPointF": "68", "FeelsLikeC": "29", "FeelsLikeF": "84", "HeatIndexC": "29", "HeatIndexF": "84", "humidity": "67", "precipMM": "0.0", "pressure": "1015", "tempC": "24", "tempF": "76", "time": "1100", "visibility": "10", "weatherCode": "116",  "weatherDesc": [ {"value": "Partly Cloudy" } ],  "weatherIconUrl": [ {"value": "http:\/\/cdn.worldweatheronline.net\/images\/wsymbols01_png_64\/wsymbol_0002_sunny_intervals.png" } ], "WindChillC": "27", "WindChillF": "80", "winddir16Point": "SW", "winddirDegree": "232", "WindGustKmph": "8", "WindGustMiles": "5", "windspeedKmph": "7", "windspeedMiles": "4" }, {"cloudcover": "45", "DewPointC": "20", "DewPointF": "68", "FeelsLikeC": "28", "FeelsLikeF": "83", "HeatIndexC": "28", "HeatIndexF": "83", "humidity": "67", "precipMM": "0.0", "pressure": "1014", "tempC": "25", "tempF": "76", "time": "1400", "visibility": "10", "weatherCode": "116",  "weatherDesc": [ {"value": "Partly Cloudy" } ],  "weatherIconUrl": [ {"value": "http:\/\/cdn.worldweatheronline.net\/images\/wsymbols01_png_64\/wsymbol_0002_sunny_intervals.png" } ], "WindChillC": "27", "WindChillF": "80", "winddir16Point": "NW", "winddirDegree": "315", "WindGustKmph": "8", "WindGustMiles": "5", "windspeedKmph": "7", "windspeedMiles": "4" }, {"cloudcover": "47", "DewPointC": "19", "DewPointF": "67", "FeelsLikeC": "26", "FeelsLikeF": "78", "HeatIndexC": "26", "HeatIndexF": "78", "humidity": "76", "precipMM": "0.2", "pressure": "1015", "tempC": "23", "tempF": "73", "time": "1700", "visibility": "9", "weatherCode": "176",  "weatherDesc": [ {"value": "Patchy rain nearby" } ],  "weatherIconUrl": [ {"value": "http:\/\/cdn.worldweatheronline.net\/images\/wsymbols01_png_64\/wsymbol_0009_light_rain_showers.png" } ], "WindChillC": "24", "WindChillF": "74", "winddir16Point": "N", "winddirDegree": "6", "WindGustKmph": "33", "WindGustMiles": "21", "windspeedKmph": "29", "windspeedMiles": "18" }, {"cloudcover": "98", "DewPointC": "15", "DewPointF": "58", "FeelsLikeC": "17", "FeelsLikeF": "62", "HeatIndexC": "17", "HeatIndexF": "62", "humidity": "87", "precipMM": "0.7", "pressure": "1019", "tempC": "17", "tempF": "62", "time": "2000", "visibility": "2", "weatherCode": "266",  "weatherDesc": [ {"value": "Light drizzle" } ],  "weatherIconUrl": [ {"value": "http:\/\/cdn.worldweatheronline.net\/images\/wsymbols01_png_64\/wsymbol_0033_cloudy_with_light_rain_night.png" } ], "WindChillC": "17", "WindChillF": "62", "winddir16Point": "NNE", "winddirDegree": "24", "WindGustKmph": "48", "WindGustMiles": "30", "windspeedKmph": "40", "windspeedMiles": "25" }, {"cloudcover": "89", "DewPointC": "13", "DewPointF": "56", "FeelsLikeC": "15", "FeelsLikeF": "60", "HeatIndexC": "15", "HeatIndexF": "60", "humidity": "87", "precipMM": "0.7", "pressure": "1021", "tempC": "15", "tempF": "60", "time": "2300", "visibility": "2", "weatherCode": "266",  "weatherDesc": [ {"value": "Light drizzle" } ],  "weatherIconUrl": [ {"value": "http:\/\/cdn.worldweatheronline.net\/images\/wsymbols01_png_64\/wsymbol_0033_cloudy_with_light_rain_night.png" } ], "WindChillC": "15", "WindChillF": "60", "winddir16Point": "NNE", "winddirDegree": "29", "WindGustKmph": "50", "WindGustMiles": "31", "windspeedKmph": "42", "windspeedMiles": "26" } ], "maxtempC": "25", "maxtempF": "76", "mintempC": "15", "mintempF": "60" } ] }}