{ "data": { "request": [ {"query": "Lat 25.13 and Lon 121.73", "type": "LatLon" } ],  "weather": [ { "astronomy": [ {"moonrise": "09:20 AM", "moonset": "11:00 PM", "sunrise": "06:01 AM", "sunset": "06:03 PM" } ], "date": "2013-03-17",  "hourly": [ {"cloudcover": "5", "DewPointC": "19", "DewPointF": "65", "FeelsLikeC": "22", "FeelsLikeF": "71", "HeatIndexC": "24", "HeatIndexF": "76", "humidity": "83", "precipMM": "0.0", "pressure": "1017", "tempC": "22", "tempF": "71", "time": "200", "visibility": "10", "weatherCode": "113",  "weatherDesc": [ {"value": "Clear" } ],  "weatherIconUrl": [ {"value": "http:\/\/cdn.worldweatheronline.net\/images\/wsymbols01_png_64\/wsymbol_0008_clear_sky_night.png" } ], "WindChillC": "22", "WindChillF": "71", "winddir16Point": "SE", "winddirDegree": "145", "WindGustKmph": "24", "WindGustMiles": "15", "windspeedKmph": "18", "windspeedMiles": "11" }, {"cloudcover": "0", "DewPointC": "18", "DewPointF": "64", "FeelsLikeC": "21", "FeelsLikeF": "69", "HeatIndexC": "21", "HeatIndexF": "69", "humidity": "84", "precipMM": "0.0", "pressure": "1016", "tempC": "21", "tempF": "69", "time": "500", "visibility": "10", "weatherCode": "113",  "weatherDesc": [ {"value": "Clear" } ],  "weatherIconUrl": [ {"value": "http:\/\/cdn.worldweatheronline.net\/images\/wsymbols01_png_64\/wsymbol_0008_clear_sky_night.png" } ], "WindChillC": "21", "WindChillF": "69", "winddir16Point": "SSE", "winddirDegree": "159", "WindGustKmph": "23", "WindGustMiles": "15", "windspeedKmph": "15", "windspeedMiles": "9" }, {"cloudcover": "0", "DewPointC": "19", "DewPointF": "65", "FeelsLikeC": "23", "FeelsLikeF": "73", "HeatIndexC": "25", "HeatIndexF": "77", "humidity": "77", "precipMM": "0.0", "pressure": "1016", "tempC": "22", "tempF": "71", "time": "800", "visibility": "10", "weatherCode": "113",  "weatherDesc": [ {"value": "Sunny" } ],  "weatherIconUrl": [ {"value": "http:\/\/cdn.worldweatheronline.net\/images\/wsymbols01_png_64\/wsymbol_0001_sunny.png" } ], "WindChillC": "23", "WindChillF": "73", "winddir16Point": "S", "winddirDegree": "182", "WindGustKmph": "14", "WindGustMiles": "9", "windspeedKmph": "12", "windspeedMiles": "7" }, {"cloudcover": "4", "DewPointC": "20", "DewPointF": "67", "FeelsLikeC": "28", "FeelsLikeF": "82", "HeatIndexC": "28", "HeatIndexF": "82", "humidity": "67", "precipMM": "0.0", "pressure": "1016", "tempC": "25", "tempF": "76", "time": "1100", "visibility": "10", "weatherCode": "113",  "weatherDesc": [ {"value": "Sunny" } ],  "weatherIconUrl": [ {"value": "http:\/\/cdn.worldweatheronline.net\/images\/wsymbols01_png_64\/wsymbol_0001_sunny.png" } ], "WindChillC": "26", "WindChillF": "79", "winddir16Point": "S", "winddirDegree": "189", "WindGustKmph": "6", "WindGustMiles": "4", "windspeedKmph": "6", "windspeedMiles": "4" }, {"cloudcover": "3", "DewPointC": "22", "DewPointF": "71", "FeelsLikeC": "32", "FeelsLikeF": "89", "HeatIndexC": "32", "HeatIndexF": "89", "humidity": "65", "precipMM": "0.0", "pressure": "1013", "tempC": "27", "tempF": "81", "time": "1400", "visibility": "10", "weatherCode": "113",  "weatherDesc": [ {"value": "Sunny" } ],  "weatherIconUrl": [ {"value": "http:\/\/cdn.worldweatheronline.net\/images\/wsymbols01_png_64\/wsymbol_0001_sunny.png" } ], "WindChillC": "29", "WindChillF": "84", "winddir16Point": "S", "winddirDegree": "173", "WindGustKmph": "3", "WindGustMiles": "2", "windspeedKmph": "3", "windspeedMiles": "2" }, {"cloudcover": "1", "DewPointC": "21", "DewPointF": "70", "FeelsLikeC": "30", "FeelsLikeF": "86", "HeatIndexC": "30", "HeatIndexF": "86", "humidity": "69", "precipMM": "0.0", "pressure": "1011", "tempC": "26", "tempF": "79", "time": "1700", "visibility": "10", "weatherCode": "113",  "weatherDesc": [ {"value": "Sunny" } ],  "weatherIconUrl": [ {"value": "http:\/\/cdn.worldweatheronline.net\/images\/wsymbols01_png_64\/wsymbol_0001_sunny.png" } ], "WindChillC": "27", "WindChillF": "81", "winddir16Point": "SSE", "winddirDegree": "158", "WindGustKmph": "10", "WindGustMiles": "6", "windspeedKmph": "9", "windspeedMiles": "5" }, {"cloudcover": "2", "DewPointC": "20", "DewPointF": "67", "FeelsLikeC": "26", "FeelsLikeF": "79", "HeatIndexC": "26", "HeatIndexF": "79", "humidity": "75", "precipMM": "0.0", "pressure": "1011", "tempC": "24", "tempF": "75", "time": "2000", "visibility": "10", "weatherCode": "113",  "weatherDesc": [ {"value": "Clear" } ],  "weatherIconUrl": [ {"value": "http:\/\/cdn.worldweatheronline.net\/images\/wsymbols01_png_64\/wsymbol_0008_clear_sky_night.png" } ], "WindChillC": "24", "WindChillF": "75", "winddir16Point": "S", "winddirDegree": "183", "WindGustKmph": "14", "WindGustMiles": "9", "windspeedKmph": "12", "windspeedMiles": "7" }, {"cloudcover": "5", "DewPointC": "19", "DewPointF": "65", "FeelsLikeC": "25", "FeelsLikeF": "77", "HeatIndexC": "25", "HeatIndexF": "77", "humidity": "77", "precipMM": "0.0", "pressure": "1010", "tempC": "23", "tempF": "73", "time": "2300", "visibility": "10", "weatherCode": "113",  "weatherDesc": [ {"value": "Clear" } ],  "weatherIconUrl": [ {"value": "http:\/\/cdn.worldweatheronline.net\/images\/wsymbols01_png_64\/wsymbol_0008_clear_sky_night.png" } ], "WindChillC": "23", "WindChillF": "73", "winddir16Point": "SSW", "winddirDegree": "209", "WindGustKmph": "17", "WindGustMiles": "11", "windspeedKmph": "12", "windspeedMiles": "8" } ], "maxtempC": "27", "maxtempF": "81", "mintempC": "21", "mintempF": "69" } ] }}