{ "data": { "request": [ {"query": "Lat 25.13 and Lon 121.73", "type": "LatLon" } ],  "weather": [ { "astronomy": [ {"moonrise": "02:19 PM", "moonset": "02:46 AM", "sunrise": "05:54 AM", "sunset": "06:05 PM" } ], "date": "2013-03-23",  "hourly": [ {"cloudcover": "14", "DewPointC": "21", "DewPointF": "70", "FeelsLikeC": "25", "FeelsLikeF": "77", "HeatIndexC": "25", "HeatIndexF": "77", "humidity": "90", "precipMM": "0.0", "pressure": "1013", "tempC": "23", "tempF": "73", "time": "200", "visibility": "10", "weatherCode": "113",  "weatherDesc": [ {"value": "Clear" } ],  "weatherIconUrl": [ {"value": "http:\/\/cdn.worldweatheronline.net\/images\/wsymbols01_png_64\/wsymbol_0008_clear_sky_night.png" } ], "WindChillC": "23", "WindChillF": "73", "winddir16Point": "SE", "winddirDegree": "142", "WindGustKmph": "9", "WindGustMiles": "6", "windspeedKmph": "6", "windspeedMiles": "4" }, {"cloudcover": "19", "DewPointC": "21", "DewPointF": "70", "FeelsLikeC": "25", "FeelsLikeF": "77", "HeatIndexC": "25", "HeatIndexF": "77", "humidity": "91", "precipMM": "0.0", "pressure": "1012", "tempC": "23", "tempF": "73", "time": "500", "visibility": "10", "weatherCode": "113",  "weatherDesc": [ {"value": "Clear" } ],  "weatherIconUrl": [ {"value": "http:\/\/cdn.worldweatheronline.net\/images\/wsymbols01_png_64\/wsymbol_0008_clear_sky_night.png" } ], "WindChillC": "23", "WindChillF": "73", "winddir16Point": "WSW", "winddirDegree": "256", "WindGustKmph": "4", "WindGustMiles": "2", "windspeedKmph": "3", "windspeedMiles": "2" }, {"cloudcover": "7", "DewPointC": "22", "DewPointF": "71", "FeelsLikeC": "27", "FeelsLikeF": "81", "HeatIndexC": "27", "HeatIndexF": "81", "humidity": "84", "precipMM": "0.0", "pressure": "1013", "tempC": "23", "tempF": "74", "time": "800", "visibility": "10", "weatherCode": "113",  "weatherDesc": [ {"value": "Sunny" } ],  "weatherIconUrl": [ {"value": "http:\/\/cdn.worldweatheronline.net\/images\/wsymbols01_png_64\/wsymbol_0001_sunny.png" } ], "WindChillC": "25", "WindChillF": "77", "winddir16Point": "WNW", "winddirDegree": "288", "WindGustKmph": "7", "WindGustMiles": "4", "windspeedKmph": "6", "windspeedMiles": "4" }, {"cloudcover": "0", "DewPointC": "22", "DewPointF": "71", "FeelsLikeC": "30", "FeelsLikeF": "86", "HeatIndexC": "30", "HeatIndexF": "86", "humidity": "70", "precipMM": "0.0", "pressure": "1013", "tempC": "25", "tempF": "78", "time": "1100", "visibility": "10", "weatherCode": "113",  "weatherDesc": [ {"value": "Sunny" } ],  "weatherIconUrl": [ {"value": "http:\/\/cdn.worldweatheronline.net\/images\/wsymbols01_png_64\/wsymbol_0001_sunny.png" } ], "WindChillC": "28", "WindChillF": "82", "winddir16Point": "NW", "winddirDegree": "306", "WindGustKmph": "8", "WindGustMiles": "5", "windspeedKmph": "6", "windspeedMiles": "4" }, {"cloudcover": "2", "DewPointC": "23", "DewPointF": "73", "FeelsLikeC": "33", "FeelsLikeF": "92", "HeatIndexC": "33", "HeatIndexF": "92", "humidity": "69", "precipMM": "0.0", "pressure": "1011", "tempC": "27", "tempF": "81", "time": "1400", "visibility": "10", "weatherCode": "113",  "weatherDesc": [ {"value": "Sunny" } ],  "weatherIconUrl": [ {"value": "http:\/\/cdn.worldweatheronline.net\/images\/wsymbols01_png_64\/wsymbol_0001_sunny.png" } ], "WindChillC": "29", "WindChillF": "85", "winddir16Point": "N", "winddirDegree": "353", "WindGustKmph": "5", "WindGustMiles": "3", "windspeedKmph": "5", "windspeedMiles": "3" }, {"cloudcover": "2", "DewPointC": "24", "DewPointF": "75", "FeelsLikeC": "32", "FeelsLikeF": "89", "HeatIndexC": "32", "HeatIndexF": "89", "humidity": "78", "precipMM": "0.0", "pressure": "1010", "tempC": "26", "tempF": "79", "time": "1700", "visibility": "10", "weatherCode": "113",  "weatherDesc": [ {"value": "Sunny" } ],  "weatherIconUrl": [ {"value": "http:\/\/cdn.worldweatheronline.net\/images\/wsymbols01_png_64\/wsymbol_0001_sunny.png" } ], "WindChillC": "28", "WindChillF": "82", "winddir16Point": "ENE", "winddirDegree": "70", "WindGustKmph": "7", "WindGustMiles": "4", "windspeedKmph": "6", "windspeedMiles": "4" }, {"cloudcover": "36", "DewPointC": "23", "DewPointF": "73", "FeelsLikeC": "27", "FeelsLikeF": "81", "HeatIndexC": "27", "HeatIndexF": "81", "humidity": "88", "precipMM": "0.1", "pressure": "1011", "tempC": "25", "tempF": "77", "time": "2000", "visibility": "10", "weatherCode": "116",  "weatherDesc": [ {"value": "Partly Cloudy" } ],  "weatherIconUrl": [ {"value": "http:\/\/cdn.worldweatheronline.net\/images\/wsymbols01_png_64\/wsymbol_0004_black_low_cloud.png" } ], "WindChillC": "25", "WindChillF": "77", "winddir16Point": "ESE", "winddirDegree": "103", "WindGustKmph": "8", "WindGustMiles": "5", "windspeedKmph": "7", "windspeedMiles": "4" }, {"cloudcover": "25", "DewPointC": "22", "DewPointF": "72", "FeelsLikeC": "26", "FeelsLikeF": "79", "HeatIndexC": "26", "HeatIndexF": "79", "humidity": "90", "precipMM": "0.0", "pressure": "1011", "tempC": "24", "tempF": "75", "time": "2300", "visibility": "10", "weatherCode": "113",  "weatherDesc": [ {"value": "Clear" } ],  "weatherIconUrl": [ {"value": "http:\/\/cdn.worldweatheronline.net\/images\/wsymbols01_png_64\/wsymbol_0008_clear_sky_night.png" } ], "WindChillC": "24", "WindChillF": "75", "winddir16Point": "SSE", "winddirDegree": "148", "WindGustKmph": "5", "WindGustMiles": "3", "windspeedKmph": "4", "windspeedMiles": "3" } ], "maxtempC": "27", "maxtempF": "81", "mintempC": "23", "mintempF": "73" } ] }}