{ "data": { "request": [ {"query": "Lat 25.13 and Lon 121.73", "type": "LatLon" } ],  "weather": [ { "astronomy": [ {"moonrise": "11:17 PM", "moonset": "09:23 AM", "sunrise": "05:45 AM", "sunset": "06:09 PM" } ], "date": "2013-04-01",  "hourly": [ {"cloudcover": "100", "DewPointC": "18", "DewPointF": "64", "FeelsLikeC": "20", "FeelsLikeF": "68", "HeatIndexC": "20", "HeatIndexF": "68", "humidity": "86", "precipMM": "0.6", "pressure": "1017", "tempC": "20", "tempF": "68", "time": "200", "visibility": "2", "weatherCode": "266",  "weatherDesc": [ {"value": "Light drizzle" } ],  "weatherIconUrl": [ {"value": "http:\/\/cdn.worldweatheronline.net\/images\/wsymbols01_png_64\/wsymbol_0033_cloudy_with_light_rain_night.png" } ], "WindChillC": "20", "WindChillF": "68", "winddir16Point": "ENE", "winddirDegree": "68", "WindGustKmph": "30", "WindGustMiles": "18", "windspeedKmph": "26", "windspeedMiles": "16" }, {"cloudcover": "99", "DewPointC": "17", "DewPointF": "63", "FeelsLikeC": "19", "FeelsLikeF": "67", "HeatIndexC": "19", "HeatIndexF": "67", "humidity": "87", "precipMM": "0.9", "pressure": "1016", "tempC": "19", "tempF": "67", "time": "500", "visibility": "9", "weatherCode": "296",  "weatherDesc": [ {"value": "Light rain" } ],  "weatherIconUrl": [ {"value": "http:\/\/cdn.worldweatheronline.net\/images\/wsymbols01_png_64\/wsymbol_0033_cloudy_with_light_rain_night.png" } ], "WindChillC": "19", "WindChillF": "67", "winddir16Point": "E", "winddirDegree": "80", "WindGustKmph": "29", "WindGustMiles": "18", "windspeedKmph": "21", "windspeedMiles": "13" }, {"cloudcover": "100", "DewPointC": "19", "DewPointF": "66", "FeelsLikeC": "21", "FeelsLikeF": "70", "HeatIndexC": "24", "HeatIndexF": "76", "humidity": "88", "precipMM": "2.6", "pressure": "1017", "tempC": "20", "tempF": "69", "time": "800", "visibility": "7", "weatherCode": "302",  "weatherDesc": [ {"value": "Moderate rain" } ],  "weatherIconUrl": [ {"value": "http:\/\/cdn.worldweatheronline.net\/images\/wsymbols01_png_64\/wsymbol_0018_cloudy_with_heavy_rain.png" } ], "WindChillC": "21", "WindChillF": "70", "winddir16Point": "E", "winddirDegree": "93", "WindGustKmph": "18", "WindGustMiles": "11", "windspeedKmph": "15", "windspeedMiles": "10" }, {"cloudcover": "91", "DewPointC": "22", "DewPointF": "71", "FeelsLikeC": "26", "FeelsLikeF": "79", "HeatIndexC": "26", "HeatIndexF": "79", "humidity": "88", "precipMM": "3.2", "pressure": "1017", "tempC": "23", "tempF": "73", "time": "1100", "visibility": "7", "weatherCode": "302",  "weatherDesc": [ {"value": "Moderate rain" } ],  "weatherIconUrl": [ {"value": "http:\/\/cdn.worldweatheronline.net\/images\/wsymbols01_png_64\/wsymbol_0018_cloudy_with_heavy_rain.png" } ], "WindChillC": "24", "WindChillF": "75", "winddir16Point": "ESE", "winddirDegree": "106", "WindGustKmph": "14", "WindGustMiles": "9", "windspeedKmph": "12", "windspeedMiles": "8" }, {"cloudcover": "61", "DewPointC": "23", "DewPointF": "74", "FeelsLikeC": "30", "FeelsLikeF": "85", "HeatIndexC": "30", "HeatIndexF": "85", "humidity": "83", "precipMM": "0.1", "pressure": "1015", "tempC": "24", "tempF": "75", "time": "1400", "visibility": "10", "weatherCode": "116",  "weatherDesc": [ {"value": "Partly Cloudy" } ],  "weatherIconUrl": [ {"value": "http:\/\/cdn.worldweatheronline.net\/images\/wsymbols01_png_64\/wsymbol_0002_sunny_intervals.png" } ], "WindChillC": "27", "WindChillF": "80", "winddir16Point": "E", "winddirDegree": "79", "WindGustKmph": "14", "WindGustMiles": "9", "windspeedKmph": "12", "windspeedMiles": "7" }, {"cloudcover": "61", "DewPointC": "23", "DewPointF": "73", "FeelsLikeC": "28", "FeelsLikeF": "82", "HeatIndexC": "28", "HeatIndexF": "82", "humidity": "85", "precipMM": "0.0", "pressure": "1014", "tempC": "24", "tempF": "74", "time": "1700", "visibility": "10", "weatherCode": "116",  "weatherDesc": [ {"value": "Partly Cloudy" } ],  "weatherIconUrl": [ {"value": "http:\/\/cdn.worldweatheronline.net\/images\/wsymbols01_png_64\/wsymbol_0002_sunny_intervals.png" } ], "WindChillC": "25", "WindChillF": "78", "winddir16Point": "E", "winddirDegree": "89", "WindGustKmph": "15", "WindGustMiles": "10", "windspeedKmph": "13", "windspeedMiles": "8" }, {"cloudcover": "43", "DewPointC": "21", "DewPointF": "69", "FeelsLikeC": "25", "FeelsLikeF": "76", "HeatIndexC": "25", "HeatIndexF": "76", "humidity": "90", "precipMM": "0.0", "pressure": "1014", "tempC": "22", "tempF": "72", "time": "2000", "visibility": "10", "weatherCode": "116",  "weatherDesc": [ {"value": "Partly Cloudy" } ],  "weatherIconUrl": [ {"value": "http:\/\/cdn.worldweatheronline.net\/images\/wsymbols01_png_64\/wsymbol_0004_black_low_cloud.png" } ], "WindChillC": "22", "WindChillF": "72", "winddir16Point": "ESE", "winddirDegree": "106", "WindGustKmph": "12", "WindGustMiles": "7", "windspeedKmph": "9", "windspeedMiles": "5" }, {"cloudcover": "29", "DewPointC": "20", "DewPointF": "68", "FeelsLikeC": "21", "FeelsLikeF": "70", "HeatIndexC": "24", "HeatIndexF": "76", "humidity": "92", "precipMM": "0.4", "pressure": "1015", "tempC": "21", "tempF": "70", "time": "2300", "visibility": "9", "weatherCode": "176",  "weatherDesc": [ {"value": "Patchy rain nearby" } ],  "weatherIconUrl": [ {"value": "http:\/\/cdn.worldweatheronline.net\/images\/wsymbols01_png_64\/wsymbol_0025_light_rain_showers_night.png" } ], "WindChillC": "21", "WindChillF": "70", "winddir16Point": "SE", "winddirDegree": "130", "WindGustKmph": "4", "WindGustMiles": "3", "windspeedKmph": "3", "windspeedMiles": "2" } ], "maxtempC": "24", "maxtempF": "75", "mintempC": "19", "mintempF": "67" } ] }}