{ "data": { "request": [ {"query": "Lat 25.13 and Lon 121.73", "type": "LatLon" } ],  "weather": [ { "astronomy": [ {"moonrise": "10:42 AM", "moonset": "No moonset", "sunrise": "06:26 AM", "sunset": "05:48 PM" } ], "date": "2013-02-17",  "hourly": [ {"cloudcover": "48", "DewPointC": "17", "DewPointF": "63", "FeelsLikeC": "20", "FeelsLikeF": "67", "HeatIndexC": "20", "HeatIndexF": "67", "humidity": "86", "precipMM": "0.2", "pressure": "1017", "tempC": "20", "tempF": "67", "time": "200", "visibility": "9", "weatherCode": "176",  "weatherDesc": [ {"value": "Patchy rain nearby" } ],  "weatherIconUrl": [ {"value": "http:\/\/cdn.worldweatheronline.net\/images\/wsymbols01_png_64\/wsymbol_0025_light_rain_showers_night.png" } ], "WindChillC": "20", "WindChillF": "67", "winddir16Point": "SE", "winddirDegree": "128", "WindGustKmph": "41", "WindGustMiles": "25", "windspeedKmph": "32", "windspeedMiles": "20" }, {"cloudcover": "24", "DewPointC": "17", "DewPointF": "62", "FeelsLikeC": "19", "FeelsLikeF": "67", "HeatIndexC": "19", "HeatIndexF": "67", "humidity": "86", "precipMM": "0.2", "pressure": "1016", "tempC": "19", "tempF": "67", "time": "500", "visibility": "9", "weatherCode": "176",  "weatherDesc": [ {"value": "Patchy rain nearby" } ],  "weatherIconUrl": [ {"value": "http:\/\/cdn.worldweatheronline.net\/images\/wsymbols01_png_64\/wsymbol_0025_light_rain_showers_night.png" } ], "WindChillC": "19", "WindChillF": "67", "winddir16Point": "SE", "winddirDegree": "142", "WindGustKmph": "44", "WindGustMiles": "27", "windspeedKmph": "28", "windspeedMiles": "17" }, {"cloudcover": "18", "DewPointC": "18", "DewPointF": "65", "FeelsLikeC": "21", "FeelsLikeF": "71", "HeatIndexC": "24", "HeatIndexF": "76", "humidity": "82", "precipMM": "0.1", "pressure": "1017", "tempC": "20", "tempF": "68", "time": "800", "visibility": "10", "weatherCode": "113",  "weatherDesc": [ {"value": "Sunny" } ],  "weatherIconUrl": [ {"value": "http:\/\/cdn.worldweatheronline.net\/images\/wsymbols01_png_64\/wsymbol_0001_sunny.png" } ], "WindChillC": "21", "WindChillF": "71", "winddir16Point": "SSE", "winddirDegree": "150", "WindGustKmph": "33", "WindGustMiles": "21", "windspeedKmph": "29", "windspeedMiles": "18" }, {"cloudcover": "14", "DewPointC": "18", "DewPointF": "65", "FeelsLikeC": "25", "FeelsLikeF": "77", "HeatIndexC": "25", "HeatIndexF": "77", "humidity": "75", "precipMM": "0.0", "pressure": "1016", "tempC": "22", "tempF": "72", "time": "1100", "visibility": "10", "weatherCode": "113",  "weatherDesc": [ {"value": "Sunny" } ],  "weatherIconUrl": [ {"value": "http:\/\/cdn.worldweatheronline.net\/images\/wsymbols01_png_64\/wsymbol_0001_sunny.png" } ], "WindChillC": "23", "WindChillF": "74", "winddir16Point": "SSE", "winddirDegree": "155", "WindGustKmph": "32", "WindGustMiles": "20", "windspeedKmph": "28", "windspeedMiles": "17" }, {"cloudcover": "19", "DewPointC": "21", "DewPointF": "69", "FeelsLikeC": "27", "FeelsLikeF": "80", "HeatIndexC": "27", "HeatIndexF": "80", "humidity": "76", "precipMM": "0.0", "pressure": "1014", "tempC": "24", "tempF": "74", "time": "1400", "visibility": "10", "weatherCode": "113",  "weatherDesc": [ {"value": "Sunny" } ],  "weatherIconUrl": [ {"value": "http:\/\/cdn.worldweatheronline.net\/images\/wsymbols01_png_64\/wsymbol_0001_sunny.png" } ], "WindChillC": "25", "WindChillF": "77", "winddir16Point": "SSE", "winddirDegree": "162", "WindGustKmph": "24", "WindGustMiles": "15", "windspeedKmph": "21", "windspeedMiles": "13" }, {"cloudcover": "23", "DewPointC": "21", "DewPointF": "69", "FeelsLikeC": "26", "FeelsLikeF": "79", "HeatIndexC": "26", "HeatIndexF": "79", "humidity": "81", "precipMM": "0.0", "pressure": "1014", "tempC": "23", "tempF": "74", "time": "1700", "visibility": "10", "weatherCode": "113",  "weatherDesc": [ {"value": "Sunny" } ],  "weatherIconUrl": [ {"value": "http:\/\/cdn.worldweatheronline.net\/images\/wsymbols01_png_64\/wsymbol_0001_sunny.png" } ], "WindChillC": "24", "WindChillF": "76", "winddir16Point": "SSE", "winddirDegree": "160", "WindGustKmph": "20", "WindGustMiles": "13", "windspeedKmph": "18", "windspeedMiles": "11" }, {"cloudcover": "15", "DewPointC": "19", "DewPointF": "67", "FeelsLikeC": "22", "FeelsLikeF": "71", "HeatIndexC": "24", "HeatIndexF": "76", "humidity": "86", "precipMM": "0.0", "pressure": "1015", "tempC": "22", "tempF": "71", "time": "2000", "visibility": "10", "weatherCode": "113",  "weatherDesc": [ {"value": "Clear" } ],  "weatherIconUrl": [ {"value": "http:\/\/cdn.worldweatheronline.net\/images\/wsymbols01_png_64\/wsymbol_0008_clear_sky_night.png" } ], "WindChillC": "22", "WindChillF": "71", "winddir16Point": "SSE", "winddirDegree": "154", "WindGustKmph": "24", "WindGustMiles": "15", "windspeedKmph": "19", "windspeedMiles": "12" }, {"cloudcover": "9", "DewPointC": "19", "DewPointF": "65", "FeelsLikeC": "21", "FeelsLikeF": "69", "HeatIndexC": "21", "HeatIndexF": "69", "humidity": "87", "precipMM": "0.0", "pressure": "1015", "tempC": "21", "tempF": "69", "time": "2300", "visibility": "10", "weatherCode": "113",  "weatherDesc": [ {"value": "Clear" } ],  "weatherIconUrl": [ {"value": "http:\/\/cdn.worldweatheronline.net\/images\/wsymbols01_png_64\/wsymbol_0008_clear_sky_night.png" } ], "WindChillC": "21", "WindChillF": "69", "winddir16Point": "SSE", "winddirDegree": "160", "WindGustKmph": "33", "WindGustMiles": "20", "windspeedKmph": "21", "windspeedMiles": "13" } ], "maxtempC": "24", "maxtempF": "74", "mintempC": "19", "mintempF": "67" } ] }}