{ "data": { "request": [ {"query": "Lat 25.13 and Lon 121.73", "type": "LatLon" } ],  "weather": [ { "astronomy": [ {"moonrise": "04:44 AM", "moonset": "03:49 PM", "sunrise": "06:40 AM", "sunset": "05:21 PM" } ], "date": "2013-01-10",  "hourly": [ {"cloudcover": "100", "DewPointC": "12", "DewPointF": "53", "FeelsLikeC": "12", "FeelsLikeF": "53", "HeatIndexC": "14", "HeatIndexF": "58", "humidity": "85", "precipMM": "2.2", "pressure": "1021", "tempC": "14", "tempF": "58", "time": "200", "visibility": "9", "weatherCode": "296",  "weatherDesc": [ {"value": "Light rain" } ],  "weatherIconUrl": [ {"value": "http:\/\/cdn.worldweatheronline.net\/images\/wsymbols01_png_64\/wsymbol_0033_cloudy_with_light_rain_night.png" } ], "WindChillC": "12", "WindChillF": "53", "winddir16Point": "NNE", "winddirDegree": "33", "WindGustKmph": "45", "WindGustMiles": "28", "windspeedKmph": "35", "windspeedMiles": "22" }, {"cloudcover": "100", "DewPointC": "12", "DewPointF": "53", "FeelsLikeC": "12", "FeelsLikeF": "53", "HeatIndexC": "14", "HeatIndexF": "58", "humidity": "85", "precipMM": "2.0", "pressure": "1021", "tempC": "14", "tempF": "58", "time": "500", "visibility": "9", "weatherCode": "296",  "weatherDesc": [ {"value": "Light rain" } ],  "weatherIconUrl": [ {"value": "http:\/\/cdn.worldweatheronline.net\/images\/wsymbols01_png_64\/wsymbol_0033_cloudy_with_light_rain_night.png" } ], "WindChillC": "12", "WindChillF": "53", "winddir16Point": "NNE", "winddirDegree": "30", "WindGustKmph": "46", "WindGustMiles": "29", "windspeedKmph": "37", "windspeedMiles": "23" }, {"cloudcover": "100", "DewPointC": "12", "DewPointF": "54", "FeelsLikeC": "13", "FeelsLikeF": "55", "HeatIndexC": "15", "HeatIndexF": "59", "humidity": "85", "precipMM": "1.4", "pressure": "1022", "tempC": "14", "tempF": "58", "time": "800", "visibility": "9", "weatherCode": "296",  "weatherDesc": [ {"value": "Light rain" } ],  "weatherIconUrl": [ {"value": "http:\/\/cdn.worldweatheronline.net\/images\/wsymbols01_png_64\/wsymbol_0017_cloudy_with_light_rain.png" } ], "WindChillC": "13", "WindChillF": "55", "winddir16Point": "NE", "winddirDegree": "39", "WindGustKmph": "42", "WindGustMiles": "26", "windspeedKmph": "36", "windspeedMiles": "23" }, {"cloudcover": "100", "DewPointC": "13", "DewPointF": "55", "FeelsLikeC": "15", "FeelsLikeF": "60", "HeatIndexC": "15", "HeatIndexF": "60", "humidity": "84", "precipMM": "1.0", "pressure": "1023", "tempC": "15", "tempF": "58", "time": "1100", "visibility": "9", "weatherCode": "296",  "weatherDesc": [ {"value": "Light rain" } ],  "weatherIconUrl": [ {"value": "http:\/\/cdn.worldweatheronline.net\/images\/wsymbols01_png_64\/wsymbol_0017_cloudy_with_light_rain.png" } ], "WindChillC": "15", "WindChillF": "60", "winddir16Point": "NE", "winddirDegree": "46", "WindGustKmph": "42", "WindGustMiles": "26", "windspeedKmph": "37", "windspeedMiles": "23" }, {"cloudcover": "100", "DewPointC": "13", "DewPointF": "55", "FeelsLikeC": "15", "FeelsLikeF": "60", "HeatIndexC": "15", "HeatIndexF": "60", "humidity": "84", "precipMM": "1.0", "pressure": "1022", "tempC": "15", "tempF": "58", "time": "1400", "visibility": "9", "weatherCode": "296",  "weatherDesc": [ {"value": "Light rain" } ],  "weatherIconUrl": [ {"value": "http:\/\/cdn.worldweatheronline.net\/images\/wsymbols01_png_64\/wsymbol_0017_cloudy_with_light_rain.png" } ], "WindChillC": "15", "WindChillF": "60", "winddir16Point": "NE", "winddirDegree": "42", "WindGustKmph": "41", "WindGustMiles": "26", "windspeedKmph": "36", "windspeedMiles": "22" }, {"cloudcover": "100", "DewPointC": "13", "DewPointF": "55", "FeelsLikeC": "15", "FeelsLikeF": "60", "HeatIndexC": "15", "HeatIndexF": "60", "humidity": "84", "precipMM": "1.0", "pressure": "1023", "tempC": "15", "tempF": "58", "time": "1700", "visibility": "9", "weatherCode": "296",  "weatherDesc": [ {"value": "Light rain" } ],  "weatherIconUrl": [ {"value": "http:\/\/cdn.worldweatheronline.net\/images\/wsymbols01_png_64\/wsymbol_0017_cloudy_with_light_rain.png" } ], "WindChillC": "15", "WindChillF": "60", "winddir16Point": "NE", "winddirDegree": "46", "WindGustKmph": "44", "WindGustMiles": "27", "windspeedKmph": "38", "windspeedMiles": "24" }, {"cloudcover": "100", "DewPointC": "12", "DewPointF": "53", "FeelsLikeC": "12", "FeelsLikeF": "54", "HeatIndexC": "15", "HeatIndexF": "58", "humidity": "84", "precipMM": "0.9", "pressure": "1023", "tempC": "15", "tempF": "58", "time": "2000", "visibility": "9", "weatherCode": "296",  "weatherDesc": [ {"value": "Light rain" } ],  "weatherIconUrl": [ {"value": "http:\/\/cdn.worldweatheronline.net\/images\/wsymbols01_png_64\/wsymbol_0033_cloudy_with_light_rain_night.png" } ], "WindChillC": "12", "WindChillF": "54", "winddir16Point": "NE", "winddirDegree": "50", "WindGustKmph": "45", "WindGustMiles": "28", "windspeedKmph": "36", "windspeedMiles": "23" }, {"cloudcover": "100", "DewPointC": "12", "DewPointF": "53", "FeelsLikeC": "12", "FeelsLikeF": "54", "HeatIndexC": "14", "HeatIndexF": "58", "humidity": "83", "precipMM": "1.1", "pressure": "1023", "tempC": "14", "tempF": "58", "time": "2300", "visibility": "9", "weatherCode": "296",  "weatherDesc": [ {"value": "Light rain" } ],  "weatherIconUrl": [ {"value": "http:\/\/cdn.worldweatheronline.net\/images\/wsymbols01_png_64\/wsymbol_0033_cloudy_with_light_rain_night.png" } ], "WindChillC": "12", "WindChillF": "54", "winddir16Point": "NE", "winddirDegree": "54", "WindGustKmph": "46", "WindGustMiles": "29", "windspeedKmph": "35", "windspeedMiles": "22" } ], "maxtempC": "15", "maxtempF": "58", "mintempC": "14", "mintempF": "58" } ] }}