{ "data": { "request": [ {"query": "Lat 25.13 and Lon 121.73", "type": "LatLon" } ],  "weather": [ { "astronomy": [ {"moonrise": "05:52 AM", "moonset": "07:05 PM", "sunrise": "05:35 AM", "sunset": "06:14 PM" } ], "date": "2013-04-11",  "hourly": [ {"cloudcover": "31", "DewPointC": "13", "DewPointF": "56", "FeelsLikeC": "18", "FeelsLikeF": "65", "HeatIndexC": "18", "HeatIndexF": "65", "humidity": "71", "precipMM": "0.0", "pressure": "1019", "tempC": "18", "tempF": "65", "time": "200", "visibility": "10", "weatherCode": "116",  "weatherDesc": [ {"value": "Partly Cloudy" } ],  "weatherIconUrl": [ {"value": "http:\/\/cdn.worldweatheronline.net\/images\/wsymbols01_png_64\/wsymbol_0004_black_low_cloud.png" } ], "WindChillC": "18", "WindChillF": "65", "winddir16Point": "E", "winddirDegree": "96", "WindGustKmph": "25", "WindGustMiles": "15", "windspeedKmph": "21", "windspeedMiles": "13" }, {"cloudcover": "30", "DewPointC": "12", "DewPointF": "54", "FeelsLikeC": "18", "FeelsLikeF": "64", "HeatIndexC": "18", "HeatIndexF": "64", "humidity": "71", "precipMM": "0.0", "pressure": "1019", "tempC": "18", "tempF": "64", "time": "500", "visibility": "10", "weatherCode": "116",  "weatherDesc": [ {"value": "Partly Cloudy" } ],  "weatherIconUrl": [ {"value": "http:\/\/cdn.worldweatheronline.net\/images\/wsymbols01_png_64\/wsymbol_0004_black_low_cloud.png" } ], "WindChillC": "18", "WindChillF": "64", "winddir16Point": "E", "winddirDegree": "89", "WindGustKmph": "31", "WindGustMiles": "19", "windspeedKmph": "21", "windspeedMiles": "13" }, {"cloudcover": "42", "DewPointC": "13", "DewPointF": "56", "FeelsLikeC": "20", "FeelsLikeF": "67", "HeatIndexC": "20", "HeatIndexF": "67", "humidity": "66", "precipMM": "0.0", "pressure": "1020", "tempC": "18", "tempF": "65", "time": "800", "visibility": "10", "weatherCode": "116",  "weatherDesc": [ {"value": "Partly Cloudy" } ],  "weatherIconUrl": [ {"value": "http:\/\/cdn.worldweatheronline.net\/images\/wsymbols01_png_64\/wsymbol_0002_sunny_intervals.png" } ], "WindChillC": "20", "WindChillF": "67", "winddir16Point": "E", "winddirDegree": "86", "WindGustKmph": "27", "WindGustMiles": "17", "windspeedKmph": "23", "windspeedMiles": "14" }, {"cloudcover": "44", "DewPointC": "14", "DewPointF": "58", "FeelsLikeC": "22", "FeelsLikeF": "71", "HeatIndexC": "25", "HeatIndexF": "76", "humidity": "64", "precipMM": "0.0", "pressure": "1020", "tempC": "20", "tempF": "68", "time": "1100", "visibility": "10", "weatherCode": "116",  "weatherDesc": [ {"value": "Partly Cloudy" } ],  "weatherIconUrl": [ {"value": "http:\/\/cdn.worldweatheronline.net\/images\/wsymbols01_png_64\/wsymbol_0002_sunny_intervals.png" } ], "WindChillC": "22", "WindChillF": "71", "winddir16Point": "E", "winddirDegree": "84", "WindGustKmph": "31", "WindGustMiles": "19", "windspeedKmph": "27", "windspeedMiles": "17" }, {"cloudcover": "50", "DewPointC": "16", "DewPointF": "60", "FeelsLikeC": "23", "FeelsLikeF": "73", "HeatIndexC": "25", "HeatIndexF": "77", "humidity": "65", "precipMM": "0.0", "pressure": "1018", "tempC": "21", "tempF": "70", "time": "1400", "visibility": "10", "weatherCode": "116",  "weatherDesc": [ {"value": "Partly Cloudy" } ],  "weatherIconUrl": [ {"value": "http:\/\/cdn.worldweatheronline.net\/images\/wsymbols01_png_64\/wsymbol_0002_sunny_intervals.png" } ], "WindChillC": "23", "WindChillF": "73", "winddir16Point": "E", "winddirDegree": "79", "WindGustKmph": "34", "WindGustMiles": "21", "windspeedKmph": "30", "windspeedMiles": "18" }, {"cloudcover": "53", "DewPointC": "15", "DewPointF": "59", "FeelsLikeC": "22", "FeelsLikeF": "71", "HeatIndexC": "25", "HeatIndexF": "76", "humidity": "65", "precipMM": "0.1", "pressure": "1018", "tempC": "21", "tempF": "70", "time": "1700", "visibility": "10", "weatherCode": "116",  "weatherDesc": [ {"value": "Partly Cloudy" } ],  "weatherIconUrl": [ {"value": "http:\/\/cdn.worldweatheronline.net\/images\/wsymbols01_png_64\/wsymbol_0002_sunny_intervals.png" } ], "WindChillC": "22", "WindChillF": "71", "winddir16Point": "ENE", "winddirDegree": "66", "WindGustKmph": "33", "WindGustMiles": "20", "windspeedKmph": "28", "windspeedMiles": "18" }, {"cloudcover": "72", "DewPointC": "12", "DewPointF": "54", "FeelsLikeC": "20", "FeelsLikeF": "68", "HeatIndexC": "20", "HeatIndexF": "68", "humidity": "62", "precipMM": "0.0", "pressure": "1020", "tempC": "20", "tempF": "68", "time": "2000", "visibility": "10", "weatherCode": "119",  "weatherDesc": [ {"value": "Cloudy" } ],  "weatherIconUrl": [ {"value": "http:\/\/cdn.worldweatheronline.net\/images\/wsymbols01_png_64\/wsymbol_0004_black_low_cloud.png" } ], "WindChillC": "20", "WindChillF": "68", "winddir16Point": "ENE", "winddirDegree": "69", "WindGustKmph": "27", "WindGustMiles": "17", "windspeedKmph": "24", "windspeedMiles": "15" }, {"cloudcover": "47", "DewPointC": "12", "DewPointF": "53", "FeelsLikeC": "19", "FeelsLikeF": "66", "HeatIndexC": "19", "HeatIndexF": "66", "humidity": "63", "precipMM": "0.0", "pressure": "1021", "tempC": "19", "tempF": "66", "time": "2300", "visibility": "10", "weatherCode": "116",  "weatherDesc": [ {"value": "Partly Cloudy" } ],  "weatherIconUrl": [ {"value": "http:\/\/cdn.worldweatheronline.net\/images\/wsymbols01_png_64\/wsymbol_0004_black_low_cloud.png" } ], "WindChillC": "19", "WindChillF": "66", "winddir16Point": "ENE", "winddirDegree": "78", "WindGustKmph": "31", "WindGustMiles": "19", "windspeedKmph": "24", "windspeedMiles": "15" } ], "maxtempC": "21", "maxtempF": "70", "mintempC": "18", "mintempF": "64" } ] }}