{ "data": { "request": [ {"query": "Lat 25.13 and Lon 121.73", "type": "LatLon" } ],  "weather": [ { "astronomy": [ {"moonrise": "10:24 AM", "moonset": "12:00 AM", "sunrise": "05:29 AM", "sunset": "06:16 PM" } ], "date": "2013-04-17",  "hourly": [ {"cloudcover": "42", "DewPointC": "22", "DewPointF": "72", "FeelsLikeC": "26", "FeelsLikeF": "78", "HeatIndexC": "26", "HeatIndexF": "78", "humidity": "92", "precipMM": "0.0", "pressure": "1007", "tempC": "24", "tempF": "74", "time": "200", "visibility": "10", "weatherCode": "116",  "weatherDesc": [ {"value": "Partly Cloudy" } ],  "weatherIconUrl": [ {"value": "http:\/\/cdn.worldweatheronline.net\/images\/wsymbols01_png_64\/wsymbol_0004_black_low_cloud.png" } ], "WindChillC": "24", "WindChillF": "74", "winddir16Point": "SE", "winddirDegree": "144", "WindGustKmph": "6", "WindGustMiles": "4", "windspeedKmph": "4", "windspeedMiles": "3" }, {"cloudcover": "47", "DewPointC": "21", "DewPointF": "70", "FeelsLikeC": "25", "FeelsLikeF": "77", "HeatIndexC": "25", "HeatIndexF": "77", "humidity": "91", "precipMM": "0.0", "pressure": "1007", "tempC": "23", "tempF": "73", "time": "500", "visibility": "10", "weatherCode": "116",  "weatherDesc": [ {"value": "Partly Cloudy" } ],  "weatherIconUrl": [ {"value": "http:\/\/cdn.worldweatheronline.net\/images\/wsymbols01_png_64\/wsymbol_0004_black_low_cloud.png" } ], "WindChillC": "23", "WindChillF": "73", "winddir16Point": "SW", "winddirDegree": "215", "WindGustKmph": "3", "WindGustMiles": "2", "windspeedKmph": "2", "windspeedMiles": "1" }, {"cloudcover": "24", "DewPointC": "23", "DewPointF": "73", "FeelsLikeC": "29", "FeelsLikeF": "84", "HeatIndexC": "29", "HeatIndexF": "84", "humidity": "82", "precipMM": "0.1", "pressure": "1007", "tempC": "24", "tempF": "75", "time": "800", "visibility": "10", "weatherCode": "113",  "weatherDesc": [ {"value": "Sunny" } ],  "weatherIconUrl": [ {"value": "http:\/\/cdn.worldweatheronline.net\/images\/wsymbols01_png_64\/wsymbol_0001_sunny.png" } ], "WindChillC": "26", "WindChillF": "79", "winddir16Point": "SSE", "winddirDegree": "155", "WindGustKmph": "3", "WindGustMiles": "2", "windspeedKmph": "3", "windspeedMiles": "2" }, {"cloudcover": "27", "DewPointC": "23", "DewPointF": "74", "FeelsLikeC": "32", "FeelsLikeF": "89", "HeatIndexC": "32", "HeatIndexF": "89", "humidity": "74", "precipMM": "0.0", "pressure": "1008", "tempC": "26", "tempF": "79", "time": "1100", "visibility": "10", "weatherCode": "116",  "weatherDesc": [ {"value": "Partly Cloudy" } ],  "weatherIconUrl": [ {"value": "http:\/\/cdn.worldweatheronline.net\/images\/wsymbols01_png_64\/wsymbol_0002_sunny_intervals.png" } ], "WindChillC": "28", "WindChillF": "83", "winddir16Point": "WNW", "winddirDegree": "302", "WindGustKmph": "3", "WindGustMiles": "2", "windspeedKmph": "2", "windspeedMiles": "1" }, {"cloudcover": "17", "DewPointC": "24", "DewPointF": "75", "FeelsLikeC": "35", "FeelsLikeF": "94", "HeatIndexC": "35", "HeatIndexF": "94", "humidity": "71", "precipMM": "0.1", "pressure": "1007", "tempC": "28", "tempF": "82", "time": "1400", "visibility": "10", "weatherCode": "113",  "weatherDesc": [ {"value": "Sunny" } ],  "weatherIconUrl": [ {"value": "http:\/\/cdn.worldweatheronline.net\/images\/wsymbols01_png_64\/wsymbol_0001_sunny.png" } ], "WindChillC": "30", "WindChillF": "85", "winddir16Point": "NW", "winddirDegree": "316", "WindGustKmph": "6", "WindGustMiles": "4", "windspeedKmph": "5", "windspeedMiles": "3" }, {"cloudcover": "20", "DewPointC": "25", "DewPointF": "77", "FeelsLikeC": "36", "FeelsLikeF": "96", "HeatIndexC": "36", "HeatIndexF": "96", "humidity": "74", "precipMM": "0.0", "pressure": "1007", "tempC": "27", "tempF": "81", "time": "1700", "visibility": "10", "weatherCode": "113",  "weatherDesc": [ {"value": "Sunny" } ],  "weatherIconUrl": [ {"value": "http:\/\/cdn.worldweatheronline.net\/images\/wsymbols01_png_64\/wsymbol_0001_sunny.png" } ], "WindChillC": "30", "WindChillF": "86", "winddir16Point": "ESE", "winddirDegree": "119", "WindGustKmph": "3", "WindGustMiles": "2", "windspeedKmph": "3", "windspeedMiles": "2" }, {"cloudcover": "26", "DewPointC": "23", "DewPointF": "73", "FeelsLikeC": "28", "FeelsLikeF": "82", "HeatIndexC": "28", "HeatIndexF": "82", "humidity": "84", "precipMM": "0.0", "pressure": "1008", "tempC": "26", "tempF": "78", "time": "2000", "visibility": "10", "weatherCode": "116",  "weatherDesc": [ {"value": "Partly Cloudy" } ],  "weatherIconUrl": [ {"value": "http:\/\/cdn.worldweatheronline.net\/images\/wsymbols01_png_64\/wsymbol_0004_black_low_cloud.png" } ], "WindChillC": "26", "WindChillF": "78", "winddir16Point": "ESE", "winddirDegree": "103", "WindGustKmph": "10", "WindGustMiles": "6", "windspeedKmph": "9", "windspeedMiles": "6" }, {"cloudcover": "65", "DewPointC": "22", "DewPointF": "72", "FeelsLikeC": "27", "FeelsLikeF": "80", "HeatIndexC": "27", "HeatIndexF": "80", "humidity": "87", "precipMM": "0.0", "pressure": "1008", "tempC": "24", "tempF": "76", "time": "2300", "visibility": "10", "weatherCode": "119",  "weatherDesc": [ {"value": "Cloudy" } ],  "weatherIconUrl": [ {"value": "http:\/\/cdn.worldweatheronline.net\/images\/wsymbols01_png_64\/wsymbol_0004_black_low_cloud.png" } ], "WindChillC": "24", "WindChillF": "76", "winddir16Point": "SE", "winddirDegree": "125", "WindGustKmph": "13", "WindGustMiles": "8", "windspeedKmph": "11", "windspeedMiles": "7" } ], "maxtempC": "28", "maxtempF": "82", "mintempC": "23", "mintempF": "73" } ] }}