{ "data": { "request": [ {"query": "Lat 25.13 and Lon 121.73", "type": "LatLon" } ],  "weather": [ { "astronomy": [ {"moonrise": "03:14 PM", "moonset": "03:26 AM", "sunrise": "05:53 AM", "sunset": "06:06 PM" } ], "date": "2013-03-24",  "hourly": [ {"cloudcover": "65", "DewPointC": "20", "DewPointF": "68", "FeelsLikeC": "22", "FeelsLikeF": "71", "HeatIndexC": "24", "HeatIndexF": "76", "humidity": "89", "precipMM": "0.0", "pressure": "1011", "tempC": "22", "tempF": "71", "time": "200", "visibility": "10", "weatherCode": "119",  "weatherDesc": [ {"value": "Cloudy" } ],  "weatherIconUrl": [ {"value": "http:\/\/cdn.worldweatheronline.net\/images\/wsymbols01_png_64\/wsymbol_0004_black_low_cloud.png" } ], "WindChillC": "22", "WindChillF": "71", "winddir16Point": "NW", "winddirDegree": "322", "WindGustKmph": "15", "WindGustMiles": "9", "windspeedKmph": "13", "windspeedMiles": "8" }, {"cloudcover": "72", "DewPointC": "18", "DewPointF": "65", "FeelsLikeC": "25", "FeelsLikeF": "76", "HeatIndexC": "25", "HeatIndexF": "76", "humidity": "78", "precipMM": "0.5", "pressure": "1010", "tempC": "22", "tempF": "72", "time": "500", "visibility": "5", "weatherCode": "263",  "weatherDesc": [ {"value": "Patchy light drizzle" } ],  "weatherIconUrl": [ {"value": "http:\/\/cdn.worldweatheronline.net\/images\/wsymbols01_png_64\/wsymbol_0025_light_rain_showers_night.png" } ], "WindChillC": "22", "WindChillF": "72", "winddir16Point": "WSW", "winddirDegree": "255", "WindGustKmph": "10", "WindGustMiles": "6", "windspeedKmph": "9", "windspeedMiles": "5" }, {"cloudcover": "72", "DewPointC": "19", "DewPointF": "66", "FeelsLikeC": "27", "FeelsLikeF": "80", "HeatIndexC": "27", "HeatIndexF": "80", "humidity": "67", "precipMM": "0.5", "pressure": "1011", "tempC": "23", "tempF": "74", "time": "800", "visibility": "5", "weatherCode": "263",  "weatherDesc": [ {"value": "Patchy light drizzle" } ],  "weatherIconUrl": [ {"value": "http:\/\/cdn.worldweatheronline.net\/images\/wsymbols01_png_64\/wsymbol_0009_light_rain_showers.png" } ], "WindChillC": "25", "WindChillF": "78", "winddir16Point": "WNW", "winddirDegree": "295", "WindGustKmph": "12", "WindGustMiles": "7", "windspeedKmph": "10", "windspeedMiles": "6" }, {"cloudcover": "45", "DewPointC": "19", "DewPointF": "67", "FeelsLikeC": "28", "FeelsLikeF": "82", "HeatIndexC": "28", "HeatIndexF": "82", "humidity": "65", "precipMM": "0.4", "pressure": "1010", "tempC": "24", "tempF": "76", "time": "1100", "visibility": "5", "weatherCode": "263",  "weatherDesc": [ {"value": "Patchy light drizzle" } ],  "weatherIconUrl": [ {"value": "http:\/\/cdn.worldweatheronline.net\/images\/wsymbols01_png_64\/wsymbol_0009_light_rain_showers.png" } ], "WindChillC": "26", "WindChillF": "79", "winddir16Point": "ENE", "winddirDegree": "74", "WindGustKmph": "6", "WindGustMiles": "4", "windspeedKmph": "5", "windspeedMiles": "3" }, {"cloudcover": "9", "DewPointC": "20", "DewPointF": "67", "FeelsLikeC": "28", "FeelsLikeF": "82", "HeatIndexC": "28", "HeatIndexF": "82", "humidity": "68", "precipMM": "0.1", "pressure": "1008", "tempC": "25", "tempF": "76", "time": "1400", "visibility": "10", "weatherCode": "113",  "weatherDesc": [ {"value": "Sunny" } ],  "weatherIconUrl": [ {"value": "http:\/\/cdn.worldweatheronline.net\/images\/wsymbols01_png_64\/wsymbol_0001_sunny.png" } ], "WindChillC": "26", "WindChillF": "79", "winddir16Point": "N", "winddirDegree": "5", "WindGustKmph": "6", "WindGustMiles": "4", "windspeedKmph": "6", "windspeedMiles": "4" }, {"cloudcover": "21", "DewPointC": "21", "DewPointF": "70", "FeelsLikeC": "29", "FeelsLikeF": "84", "HeatIndexC": "29", "HeatIndexF": "84", "humidity": "71", "precipMM": "0.0", "pressure": "1008", "tempC": "25", "tempF": "76", "time": "1700", "visibility": "10", "weatherCode": "113",  "weatherDesc": [ {"value": "Sunny" } ],  "weatherIconUrl": [ {"value": "http:\/\/cdn.worldweatheronline.net\/images\/wsymbols01_png_64\/wsymbol_0001_sunny.png" } ], "WindChillC": "27", "WindChillF": "80", "winddir16Point": "N", "winddirDegree": "2", "WindGustKmph": "11", "WindGustMiles": "7", "windspeedKmph": "9", "windspeedMiles": "6" }, {"cloudcover": "70", "DewPointC": "18", "DewPointF": "64", "FeelsLikeC": "20", "FeelsLikeF": "68", "HeatIndexC": "20", "HeatIndexF": "68", "humidity": "87", "precipMM": "1.1", "pressure": "1012", "tempC": "20", "tempF": "68", "time": "2000", "visibility": "10", "weatherCode": "353",  "weatherDesc": [ {"value": "Light rain shower" } ],  "weatherIconUrl": [ {"value": "http:\/\/cdn.worldweatheronline.net\/images\/wsymbols01_png_64\/wsymbol_0025_light_rain_showers_night.png" } ], "WindChillC": "20", "WindChillF": "68", "winddir16Point": "N", "winddirDegree": "10", "WindGustKmph": "52", "WindGustMiles": "32", "windspeedKmph": "41", "windspeedMiles": "26" }, {"cloudcover": "85", "DewPointC": "15", "DewPointF": "59", "FeelsLikeC": "17", "FeelsLikeF": "63", "HeatIndexC": "17", "HeatIndexF": "63", "humidity": "85", "precipMM": "0.9", "pressure": "1014", "tempC": "17", "tempF": "63", "time": "2300", "visibility": "9", "weatherCode": "296",  "weatherDesc": [ {"value": "Light rain" } ],  "weatherIconUrl": [ {"value": "http:\/\/cdn.worldweatheronline.net\/images\/wsymbols01_png_64\/wsymbol_0033_cloudy_with_light_rain_night.png" } ], "WindChillC": "17", "WindChillF": "63", "winddir16Point": "NNE", "winddirDegree": "17", "WindGustKmph": "40", "WindGustMiles": "25", "windspeedKmph": "33", "windspeedMiles": "20" } ], "maxtempC": "25", "maxtempF": "76", "mintempC": "17", "mintempF": "63" } ] }}