{ "data": { "request": [ {"query": "Lat 25.13 and Lon 121.73", "type": "LatLon" } ],  "weather": [ { "astronomy": [ {"moonrise": "04:34 AM", "moonset": "05:16 PM", "sunrise": "05:37 AM", "sunset": "06:13 PM" } ], "date": "2013-04-09",  "hourly": [ {"cloudcover": "65", "DewPointC": "17", "DewPointF": "63", "FeelsLikeC": "20", "FeelsLikeF": "67", "HeatIndexC": "20", "HeatIndexF": "67", "humidity": "86", "precipMM": "0.6", "pressure": "1015", "tempC": "20", "tempF": "67", "time": "200", "visibility": "10", "weatherCode": "353",  "weatherDesc": [ {"value": "Light rain shower" } ],  "weatherIconUrl": [ {"value": "http:\/\/cdn.worldweatheronline.net\/images\/wsymbols01_png_64\/wsymbol_0025_light_rain_showers_night.png" } ], "WindChillC": "20", "WindChillF": "67", "winddir16Point": "WNW", "winddirDegree": "285", "WindGustKmph": "8", "WindGustMiles": "5", "windspeedKmph": "5", "windspeedMiles": "3" }, {"cloudcover": "64", "DewPointC": "17", "DewPointF": "63", "FeelsLikeC": "19", "FeelsLikeF": "66", "HeatIndexC": "19", "HeatIndexF": "66", "humidity": "90", "precipMM": "0.3", "pressure": "1016", "tempC": "19", "tempF": "66", "time": "500", "visibility": "5", "weatherCode": "263",  "weatherDesc": [ {"value": "Patchy light drizzle" } ],  "weatherIconUrl": [ {"value": "http:\/\/cdn.worldweatheronline.net\/images\/wsymbols01_png_64\/wsymbol_0025_light_rain_showers_night.png" } ], "WindChillC": "19", "WindChillF": "66", "winddir16Point": "NNW", "winddirDegree": "329", "WindGustKmph": "15", "WindGustMiles": "9", "windspeedKmph": "11", "windspeedMiles": "7" }, {"cloudcover": "47", "DewPointC": "19", "DewPointF": "65", "FeelsLikeC": "21", "FeelsLikeF": "70", "HeatIndexC": "24", "HeatIndexF": "76", "humidity": "85", "precipMM": "0.2", "pressure": "1017", "tempC": "20", "tempF": "67", "time": "800", "visibility": "9", "weatherCode": "176",  "weatherDesc": [ {"value": "Patchy rain nearby" } ],  "weatherIconUrl": [ {"value": "http:\/\/cdn.worldweatheronline.net\/images\/wsymbols01_png_64\/wsymbol_0009_light_rain_showers.png" } ], "WindChillC": "21", "WindChillF": "70", "winddir16Point": "NNW", "winddirDegree": "347", "WindGustKmph": "14", "WindGustMiles": "9", "windspeedKmph": "12", "windspeedMiles": "8" }, {"cloudcover": "37", "DewPointC": "19", "DewPointF": "66", "FeelsLikeC": "23", "FeelsLikeF": "73", "HeatIndexC": "25", "HeatIndexF": "77", "humidity": "79", "precipMM": "0.0", "pressure": "1018", "tempC": "21", "tempF": "69", "time": "1100", "visibility": "10", "weatherCode": "116",  "weatherDesc": [ {"value": "Partly Cloudy" } ],  "weatherIconUrl": [ {"value": "http:\/\/cdn.worldweatheronline.net\/images\/wsymbols01_png_64\/wsymbol_0002_sunny_intervals.png" } ], "WindChillC": "23", "WindChillF": "73", "winddir16Point": "NNE", "winddirDegree": "22", "WindGustKmph": "17", "WindGustMiles": "11", "windspeedKmph": "15", "windspeedMiles": "9" }, {"cloudcover": "54", "DewPointC": "19", "DewPointF": "67", "FeelsLikeC": "23", "FeelsLikeF": "74", "HeatIndexC": "25", "HeatIndexF": "78", "humidity": "79", "precipMM": "0.0", "pressure": "1017", "tempC": "22", "tempF": "71", "time": "1400", "visibility": "10", "weatherCode": "116",  "weatherDesc": [ {"value": "Partly Cloudy" } ],  "weatherIconUrl": [ {"value": "http:\/\/cdn.worldweatheronline.net\/images\/wsymbols01_png_64\/wsymbol_0002_sunny_intervals.png" } ], "WindChillC": "23", "WindChillF": "74", "winddir16Point": "NNE", "winddirDegree": "31", "WindGustKmph": "27", "WindGustMiles": "17", "windspeedKmph": "24", "windspeedMiles": "15" }, {"cloudcover": "64", "DewPointC": "19", "DewPointF": "67", "FeelsLikeC": "23", "FeelsLikeF": "73", "HeatIndexC": "25", "HeatIndexF": "77", "humidity": "82", "precipMM": "0.2", "pressure": "1017", "tempC": "21", "tempF": "71", "time": "1700", "visibility": "5", "weatherCode": "263",  "weatherDesc": [ {"value": "Patchy light drizzle" } ],  "weatherIconUrl": [ {"value": "http:\/\/cdn.worldweatheronline.net\/images\/wsymbols01_png_64\/wsymbol_0009_light_rain_showers.png" } ], "WindChillC": "23", "WindChillF": "73", "winddir16Point": "NE", "winddirDegree": "39", "WindGustKmph": "37", "WindGustMiles": "23", "windspeedKmph": "32", "windspeedMiles": "20" }, {"cloudcover": "66", "DewPointC": "17", "DewPointF": "63", "FeelsLikeC": "21", "FeelsLikeF": "69", "HeatIndexC": "21", "HeatIndexF": "69", "humidity": "81", "precipMM": "0.2", "pressure": "1018", "tempC": "21", "tempF": "69", "time": "2000", "visibility": "10", "weatherCode": "353",  "weatherDesc": [ {"value": "Light rain shower" } ],  "weatherIconUrl": [ {"value": "http:\/\/cdn.worldweatheronline.net\/images\/wsymbols01_png_64\/wsymbol_0025_light_rain_showers_night.png" } ], "WindChillC": "21", "WindChillF": "69", "winddir16Point": "NE", "winddirDegree": "53", "WindGustKmph": "35", "WindGustMiles": "22", "windspeedKmph": "30", "windspeedMiles": "19" }, {"cloudcover": "76", "DewPointC": "17", "DewPointF": "62", "FeelsLikeC": "20", "FeelsLikeF": "68", "HeatIndexC": "20", "HeatIndexF": "68", "humidity": "81", "precipMM": "0.2", "pressure": "1019", "tempC": "20", "tempF": "68", "time": "2300", "visibility": "2", "weatherCode": "266",  "weatherDesc": [ {"value": "Light drizzle" } ],  "weatherIconUrl": [ {"value": "http:\/\/cdn.worldweatheronline.net\/images\/wsymbols01_png_64\/wsymbol_0033_cloudy_with_light_rain_night.png" } ], "WindChillC": "20", "WindChillF": "68", "winddir16Point": "ENE", "winddirDegree": "59", "WindGustKmph": "32", "WindGustMiles": "20", "windspeedKmph": "28", "windspeedMiles": "17" } ], "maxtempC": "22", "maxtempF": "71", "mintempC": "19", "mintempF": "66" } ] }}