{ "data": { "request": [ {"query": "Lat 25.13 and Lon 121.73", "type": "LatLon" } ],  "weather": [ { "astronomy": [ {"moonrise": "03:59 PM", "moonset": "04:51 AM", "sunrise": "06:38 AM", "sunset": "05:33 PM" } ], "date": "2013-01-25",  "hourly": [ {"cloudcover": "80", "DewPointC": "11", "DewPointF": "53", "FeelsLikeC": "12", "FeelsLikeF": "53", "HeatIndexC": "14", "HeatIndexF": "58", "humidity": "83", "precipMM": "0.4", "pressure": "1020", "tempC": "14", "tempF": "58", "time": "200", "visibility": "10", "weatherCode": "353",  "weatherDesc": [ {"value": "Light rain shower" } ],  "weatherIconUrl": [ {"value": "http:\/\/cdn.worldweatheronline.net\/images\/wsymbols01_png_64\/wsymbol_0025_light_rain_showers_night.png" } ], "WindChillC": "12", "WindChillF": "53", "winddir16Point": "NNE", "winddirDegree": "25", "WindGustKmph": "53", "WindGustMiles": "33", "windspeedKmph": "35", "windspeedMiles": "22" }, {"cloudcover": "66", "DewPointC": "10", "DewPointF": "51", "FeelsLikeC": "11", "FeelsLikeF": "53", "HeatIndexC": "14", "HeatIndexF": "57", "humidity": "80", "precipMM": "0.3", "pressure": "1020", "tempC": "14", "tempF": "57", "time": "500", "visibility": "5", "weatherCode": "263",  "weatherDesc": [ {"value": "Patchy light drizzle" } ],  "weatherIconUrl": [ {"value": "http:\/\/cdn.worldweatheronline.net\/images\/wsymbols01_png_64\/wsymbol_0025_light_rain_showers_night.png" } ], "WindChillC": "11", "WindChillF": "53", "winddir16Point": "NNE", "winddirDegree": "33", "WindGustKmph": "46", "WindGustMiles": "29", "windspeedKmph": "35", "windspeedMiles": "22" }, {"cloudcover": "81", "DewPointC": "11", "DewPointF": "52", "FeelsLikeC": "13", "FeelsLikeF": "55", "HeatIndexC": "15", "HeatIndexF": "58", "humidity": "80", "precipMM": "0.3", "pressure": "1022", "tempC": "14", "tempF": "58", "time": "800", "visibility": "2", "weatherCode": "266",  "weatherDesc": [ {"value": "Light drizzle" } ],  "weatherIconUrl": [ {"value": "http:\/\/cdn.worldweatheronline.net\/images\/wsymbols01_png_64\/wsymbol_0017_cloudy_with_light_rain.png" } ], "WindChillC": "13", "WindChillF": "55", "winddir16Point": "NE", "winddirDegree": "37", "WindGustKmph": "36", "WindGustMiles": "22", "windspeedKmph": "31", "windspeedMiles": "19" }, {"cloudcover": "78", "DewPointC": "12", "DewPointF": "54", "FeelsLikeC": "16", "FeelsLikeF": "61", "HeatIndexC": "16", "HeatIndexF": "61", "humidity": "77", "precipMM": "0.2", "pressure": "1023", "tempC": "16", "tempF": "60", "time": "1100", "visibility": "10", "weatherCode": "353",  "weatherDesc": [ {"value": "Light rain shower" } ],  "weatherIconUrl": [ {"value": "http:\/\/cdn.worldweatheronline.net\/images\/wsymbols01_png_64\/wsymbol_0009_light_rain_showers.png" } ], "WindChillC": "16", "WindChillF": "61", "winddir16Point": "NE", "winddirDegree": "49", "WindGustKmph": "33", "WindGustMiles": "21", "windspeedKmph": "29", "windspeedMiles": "18" }, {"cloudcover": "56", "DewPointC": "13", "DewPointF": "55", "FeelsLikeC": "17", "FeelsLikeF": "63", "HeatIndexC": "17", "HeatIndexF": "63", "humidity": "76", "precipMM": "0.1", "pressure": "1021", "tempC": "16", "tempF": "62", "time": "1400", "visibility": "10", "weatherCode": "116",  "weatherDesc": [ {"value": "Partly Cloudy" } ],  "weatherIconUrl": [ {"value": "http:\/\/cdn.worldweatheronline.net\/images\/wsymbols01_png_64\/wsymbol_0002_sunny_intervals.png" } ], "WindChillC": "17", "WindChillF": "63", "winddir16Point": "NE", "winddirDegree": "47", "WindGustKmph": "31", "WindGustMiles": "19", "windspeedKmph": "27", "windspeedMiles": "17" }, {"cloudcover": "34", "DewPointC": "13", "DewPointF": "55", "FeelsLikeC": "17", "FeelsLikeF": "63", "HeatIndexC": "17", "HeatIndexF": "63", "humidity": "74", "precipMM": "0.0", "pressure": "1020", "tempC": "16", "tempF": "61", "time": "1700", "visibility": "10", "weatherCode": "116",  "weatherDesc": [ {"value": "Partly Cloudy" } ],  "weatherIconUrl": [ {"value": "http:\/\/cdn.worldweatheronline.net\/images\/wsymbols01_png_64\/wsymbol_0002_sunny_intervals.png" } ], "WindChillC": "17", "WindChillF": "63", "winddir16Point": "ENE", "winddirDegree": "57", "WindGustKmph": "28", "WindGustMiles": "17", "windspeedKmph": "24", "windspeedMiles": "15" }, {"cloudcover": "44", "DewPointC": "11", "DewPointF": "52", "FeelsLikeC": "15", "FeelsLikeF": "60", "HeatIndexC": "15", "HeatIndexF": "60", "humidity": "76", "precipMM": "0.0", "pressure": "1021", "tempC": "15", "tempF": "60", "time": "2000", "visibility": "10", "weatherCode": "116",  "weatherDesc": [ {"value": "Partly Cloudy" } ],  "weatherIconUrl": [ {"value": "http:\/\/cdn.worldweatheronline.net\/images\/wsymbols01_png_64\/wsymbol_0004_black_low_cloud.png" } ], "WindChillC": "15", "WindChillF": "60", "winddir16Point": "ENE", "winddirDegree": "70", "WindGustKmph": "25", "WindGustMiles": "15", "windspeedKmph": "22", "windspeedMiles": "13" }, {"cloudcover": "48", "DewPointC": "11", "DewPointF": "51", "FeelsLikeC": "14", "FeelsLikeF": "56", "HeatIndexC": "15", "HeatIndexF": "59", "humidity": "77", "precipMM": "0.0", "pressure": "1021", "tempC": "15", "tempF": "59", "time": "2300", "visibility": "10", "weatherCode": "116",  "weatherDesc": [ {"value": "Partly Cloudy" } ],  "weatherIconUrl": [ {"value": "http:\/\/cdn.worldweatheronline.net\/images\/wsymbols01_png_64\/wsymbol_0004_black_low_cloud.png" } ], "WindChillC": "14", "WindChillF": "56", "winddir16Point": "ENE", "winddirDegree": "77", "WindGustKmph": "23", "WindGustMiles": "14", "windspeedKmph": "19", "windspeedMiles": "12" } ], "maxtempC": "16", "maxtempF": "62", "mintempC": "14", "mintempF": "57" } ] }}