{ "data": { "request": [ {"query": "Lat 25.13 and Lon 121.73", "type": "LatLon" } ],  "weather": [ { "astronomy": [ {"moonrise": "01:06 AM", "moonset": "12:25 PM", "sunrise": "05:42 AM", "sunset": "06:11 PM" } ], "date": "2013-04-04",  "hourly": [ {"cloudcover": "17", "DewPointC": "18", "DewPointF": "64", "FeelsLikeC": "21", "FeelsLikeF": "70", "HeatIndexC": "24", "HeatIndexF": "76", "humidity": "81", "precipMM": "0.0", "pressure": "1012", "tempC": "21", "tempF": "70", "time": "200", "visibility": "10", "weatherCode": "113",  "weatherDesc": [ {"value": "Clear" } ],  "weatherIconUrl": [ {"value": "http:\/\/cdn.worldweatheronline.net\/images\/wsymbols01_png_64\/wsymbol_0008_clear_sky_night.png" } ], "WindChillC": "21", "WindChillF": "70", "winddir16Point": "SE", "winddirDegree": "140", "WindGustKmph": "28", "WindGustMiles": "17", "windspeedKmph": "21", "windspeedMiles": "13" }, {"cloudcover": "54", "DewPointC": "18", "DewPointF": "64", "FeelsLikeC": "21", "FeelsLikeF": "69", "HeatIndexC": "21", "HeatIndexF": "69", "humidity": "83", "precipMM": "0.0", "pressure": "1011", "tempC": "21", "tempF": "69", "time": "500", "visibility": "10", "weatherCode": "116",  "weatherDesc": [ {"value": "Partly Cloudy" } ],  "weatherIconUrl": [ {"value": "http:\/\/cdn.worldweatheronline.net\/images\/wsymbols01_png_64\/wsymbol_0004_black_low_cloud.png" } ], "WindChillC": "21", "WindChillF": "69", "winddir16Point": "SE", "winddirDegree": "137", "WindGustKmph": "27", "WindGustMiles": "17", "windspeedKmph": "17", "windspeedMiles": "11" }, {"cloudcover": "64", "DewPointC": "20", "DewPointF": "67", "FeelsLikeC": "24", "FeelsLikeF": "74", "HeatIndexC": "25", "HeatIndexF": "78", "humidity": "78", "precipMM": "0.0", "pressure": "1012", "tempC": "21", "tempF": "71", "time": "800", "visibility": "10", "weatherCode": "119",  "weatherDesc": [ {"value": "Cloudy" } ],  "weatherIconUrl": [ {"value": "http:\/\/cdn.worldweatheronline.net\/images\/wsymbols01_png_64\/wsymbol_0003_white_cloud.png" } ], "WindChillC": "24", "WindChillF": "74", "winddir16Point": "SE", "winddirDegree": "137", "WindGustKmph": "16", "WindGustMiles": "10", "windspeedKmph": "14", "windspeedMiles": "9" }, {"cloudcover": "66", "DewPointC": "21", "DewPointF": "70", "FeelsLikeC": "28", "FeelsLikeF": "82", "HeatIndexC": "28", "HeatIndexF": "82", "humidity": "75", "precipMM": "0.1", "pressure": "1012", "tempC": "24", "tempF": "74", "time": "1100", "visibility": "10", "weatherCode": "119",  "weatherDesc": [ {"value": "Cloudy" } ],  "weatherIconUrl": [ {"value": "http:\/\/cdn.worldweatheronline.net\/images\/wsymbols01_png_64\/wsymbol_0003_white_cloud.png" } ], "WindChillC": "26", "WindChillF": "78", "winddir16Point": "ESE", "winddirDegree": "117", "WindGustKmph": "16", "WindGustMiles": "10", "windspeedKmph": "14", "windspeedMiles": "9" }, {"cloudcover": "77", "DewPointC": "22", "DewPointF": "71", "FeelsLikeC": "28", "FeelsLikeF": "83", "HeatIndexC": "28", "HeatIndexF": "83", "humidity": "78", "precipMM": "0.1", "pressure": "1010", "tempC": "25", "tempF": "77", "time": "1400", "visibility": "10", "weatherCode": "119",  "weatherDesc": [ {"value": "Cloudy" } ],  "weatherIconUrl": [ {"value": "http:\/\/cdn.worldweatheronline.net\/images\/wsymbols01_png_64\/wsymbol_0003_white_cloud.png" } ], "WindChillC": "26", "WindChillF": "79", "winddir16Point": "E", "winddirDegree": "98", "WindGustKmph": "13", "WindGustMiles": "8", "windspeedKmph": "12", "windspeedMiles": "7" }, {"cloudcover": "91", "DewPointC": "22", "DewPointF": "72", "FeelsLikeC": "28", "FeelsLikeF": "83", "HeatIndexC": "28", "HeatIndexF": "83", "humidity": "81", "precipMM": "0.1", "pressure": "1009", "tempC": "24", "tempF": "76", "time": "1700", "visibility": "10", "weatherCode": "122",  "weatherDesc": [ {"value": "Overcast" } ],  "weatherIconUrl": [ {"value": "http:\/\/cdn.worldweatheronline.net\/images\/wsymbols01_png_64\/wsymbol_0004_black_low_cloud.png" } ], "WindChillC": "26", "WindChillF": "78", "winddir16Point": "E", "winddirDegree": "90", "WindGustKmph": "15", "WindGustMiles": "10", "windspeedKmph": "13", "windspeedMiles": "8" }, {"cloudcover": "46", "DewPointC": "21", "DewPointF": "69", "FeelsLikeC": "25", "FeelsLikeF": "78", "HeatIndexC": "25", "HeatIndexF": "78", "humidity": "87", "precipMM": "0.0", "pressure": "1010", "tempC": "23", "tempF": "74", "time": "2000", "visibility": "10", "weatherCode": "116",  "weatherDesc": [ {"value": "Partly Cloudy" } ],  "weatherIconUrl": [ {"value": "http:\/\/cdn.worldweatheronline.net\/images\/wsymbols01_png_64\/wsymbol_0004_black_low_cloud.png" } ], "WindChillC": "23", "WindChillF": "74", "winddir16Point": "ESE", "winddirDegree": "109", "WindGustKmph": "22", "WindGustMiles": "14", "windspeedKmph": "19", "windspeedMiles": "12" }, {"cloudcover": "38", "DewPointC": "20", "DewPointF": "68", "FeelsLikeC": "25", "FeelsLikeF": "76", "HeatIndexC": "25", "HeatIndexF": "76", "humidity": "88", "precipMM": "0.0", "pressure": "1009", "tempC": "22", "tempF": "72", "time": "2300", "visibility": "10", "weatherCode": "116",  "weatherDesc": [ {"value": "Partly Cloudy" } ],  "weatherIconUrl": [ {"value": "http:\/\/cdn.worldweatheronline.net\/images\/wsymbols01_png_64\/wsymbol_0004_black_low_cloud.png" } ], "WindChillC": "22", "WindChillF": "72", "winddir16Point": "SE", "winddirDegree": "124", "WindGustKmph": "29", "WindGustMiles": "18", "windspeedKmph": "20", "windspeedMiles": "13" } ], "maxtempC": "25", "maxtempF": "77", "mintempC": "21", "mintempF": "69" } ] }}