{ "data": { "request": [ {"query": "Lat 25.13 and Lon 121.73", "type": "LatLon" } ],  "weather": [ { "astronomy": [ {"moonrise": "11:52 PM", "moonset": "10:18 AM", "sunrise": "05:18 AM", "sunset": "06:23 PM" } ], "date": "2013-05-01",  "hourly": [ {"cloudcover": "100", "DewPointC": "18", "DewPointF": "65", "FeelsLikeC": "21", "FeelsLikeF": "70", "HeatIndexC": "21", "HeatIndexF": "70", "humidity": "84", "precipMM": "0.8", "pressure": "1009", "tempC": "21", "tempF": "70", "time": "200", "visibility": "9", "weatherCode": "296",  "weatherDesc": [ {"value": "Light rain" } ],  "weatherIconUrl": [ {"value": "http:\/\/cdn.worldweatheronline.net\/images\/wsymbols01_png_64\/wsymbol_0033_cloudy_with_light_rain_night.png" } ], "WindChillC": "21", "WindChillF": "70", "winddir16Point": "NNE", "winddirDegree": "33", "WindGustKmph": "42", "WindGustMiles": "26", "windspeedKmph": "37", "windspeedMiles": "23" }, {"cloudcover": "100", "DewPointC": "16", "DewPointF": "62", "FeelsLikeC": "20", "FeelsLikeF": "68", "HeatIndexC": "20", "HeatIndexF": "68", "humidity": "81", "precipMM": "2.4", "pressure": "1009", "tempC": "20", "tempF": "68", "time": "500", "visibility": "9", "weatherCode": "296",  "weatherDesc": [ {"value": "Light rain" } ],  "weatherIconUrl": [ {"value": "http:\/\/cdn.worldweatheronline.net\/images\/wsymbols01_png_64\/wsymbol_0033_cloudy_with_light_rain_night.png" } ], "WindChillC": "20", "WindChillF": "68", "winddir16Point": "NE", "winddirDegree": "35", "WindGustKmph": "49", "WindGustMiles": "31", "windspeedKmph": "42", "windspeedMiles": "26" }, {"cloudcover": "93", "DewPointC": "16", "DewPointF": "60", "FeelsLikeC": "19", "FeelsLikeF": "65", "HeatIndexC": "19", "HeatIndexF": "65", "humidity": "82", "precipMM": "3.2", "pressure": "1011", "tempC": "18", "tempF": "64", "time": "800", "visibility": "7", "weatherCode": "302",  "weatherDesc": [ {"value": "Moderate rain" } ],  "weatherIconUrl": [ {"value": "http:\/\/cdn.worldweatheronline.net\/images\/wsymbols01_png_64\/wsymbol_0018_cloudy_with_heavy_rain.png" } ], "WindChillC": "19", "WindChillF": "65", "winddir16Point": "NE", "winddirDegree": "39", "WindGustKmph": "45", "WindGustMiles": "28", "windspeedKmph": "39", "windspeedMiles": "24" }, {"cloudcover": "73", "DewPointC": "14", "DewPointF": "58", "FeelsLikeC": "18", "FeelsLikeF": "65", "HeatIndexC": "18", "HeatIndexF": "65", "humidity": "78", "precipMM": "3.3", "pressure": "1013", "tempC": "18", "tempF": "64", "time": "1100", "visibility": "8", "weatherCode": "299",  "weatherDesc": [ {"value": "Moderate rain at times" } ],  "weatherIconUrl": [ {"value": "http:\/\/cdn.worldweatheronline.net\/images\/wsymbols01_png_64\/wsymbol_0010_heavy_rain_showers.png" } ], "WindChillC": "18", "WindChillF": "65", "winddir16Point": "NE", "winddirDegree": "37", "WindGustKmph": "38", "WindGustMiles": "24", "windspeedKmph": "33", "windspeedMiles": "21" }, {"cloudcover": "58", "DewPointC": "14", "DewPointF": "58", "FeelsLikeC": "20", "FeelsLikeF": "67", "HeatIndexC": "20", "HeatIndexF": "67", "humidity": "71", "precipMM": "1.2", "pressure": "1012", "tempC": "18", "tempF": "64", "time": "1400", "visibility": "9", "weatherCode": "293",  "weatherDesc": [ {"value": "Patchy light rain" } ],  "weatherIconUrl": [ {"value": "http:\/\/cdn.worldweatheronline.net\/images\/wsymbols01_png_64\/wsymbol_0017_cloudy_with_light_rain.png" } ], "WindChillC": "20", "WindChillF": "67", "winddir16Point": "NE", "winddirDegree": "42", "WindGustKmph": "27", "WindGustMiles": "17", "windspeedKmph": "24", "windspeedMiles": "15" }, {"cloudcover": "44", "DewPointC": "13", "DewPointF": "55", "FeelsLikeC": "21", "FeelsLikeF": "70", "HeatIndexC": "21", "HeatIndexF": "70", "humidity": "60", "precipMM": "0.0", "pressure": "1011", "tempC": "19", "tempF": "67", "time": "1700", "visibility": "10", "weatherCode": "116",  "weatherDesc": [ {"value": "Partly Cloudy" } ],  "weatherIconUrl": [ {"value": "http:\/\/cdn.worldweatheronline.net\/images\/wsymbols01_png_64\/wsymbol_0002_sunny_intervals.png" } ], "WindChillC": "21", "WindChillF": "70", "winddir16Point": "NE", "winddirDegree": "45", "WindGustKmph": "26", "WindGustMiles": "16", "windspeedKmph": "23", "windspeedMiles": "14" }, {"cloudcover": "32", "DewPointC": "12", "DewPointF": "53", "FeelsLikeC": "19", "FeelsLikeF": "67", "HeatIndexC": "19", "HeatIndexF": "67", "humidity": "62", "precipMM": "0.0", "pressure": "1012", "tempC": "19", "tempF": "67", "time": "2000", "visibility": "10", "weatherCode": "116",  "weatherDesc": [ {"value": "Partly Cloudy" } ],  "weatherIconUrl": [ {"value": "http:\/\/cdn.worldweatheronline.net\/images\/wsymbols01_png_64\/wsymbol_0004_black_low_cloud.png" } ], "WindChillC": "19", "WindChillF": "67", "winddir16Point": "NE", "winddirDegree": "51", "WindGustKmph": "31", "WindGustMiles": "19", "windspeedKmph": "24", "windspeedMiles": "15" }, {"cloudcover": "16", "DewPointC": "13", "DewPointF": "55", "FeelsLikeC": "19", "FeelsLikeF": "66", "HeatIndexC": "19", "HeatIndexF": "66", "humidity": "67", "precipMM": "0.0", "pressure": "1013", "tempC": "19", "tempF": "66", "time": "2300", "visibility": "10", "weatherCode": "113",  "weatherDesc": [ {"value": "Clear" } ],  "weatherIconUrl": [ {"value": "http:\/\/cdn.worldweatheronline.net\/images\/wsymbols01_png_64\/wsymbol_0008_clear_sky_night.png" } ], "WindChillC": "19", "WindChillF": "66", "winddir16Point": "NE", "winddirDegree": "54", "WindGustKmph": "28", "WindGustMiles": "17", "windspeedKmph": "21", "windspeedMiles": "13" } ], "maxtempC": "21", "maxtempF": "70", "mintempC": "18", "mintempF": "64" } ] }}