{ "data": { "request": [ {"query": "Lat 25.13 and Lon 121.73", "type": "LatLon" } ],  "weather": [ { "astronomy": [ {"moonrise": "06:39 AM", "moonset": "06:01 PM", "sunrise": "06:40 AM", "sunset": "05:23 PM" } ], "date": "2013-01-12",  "hourly": [ {"cloudcover": "100", "DewPointC": "17", "DewPointF": "63", "FeelsLikeC": "19", "FeelsLikeF": "66", "HeatIndexC": "19", "HeatIndexF": "66", "humidity": "89", "precipMM": "0.6", "pressure": "1020", "tempC": "19", "tempF": "66", "time": "200", "visibility": "2", "weatherCode": "266",  "weatherDesc": [ {"value": "Light drizzle" } ],  "weatherIconUrl": [ {"value": "http:\/\/cdn.worldweatheronline.net\/images\/wsymbols01_png_64\/wsymbol_0033_cloudy_with_light_rain_night.png" } ], "WindChillC": "19", "WindChillF": "66", "winddir16Point": "ENE", "winddirDegree": "71", "WindGustKmph": "23", "WindGustMiles": "14", "windspeedKmph": "18", "windspeedMiles": "11" }, {"cloudcover": "100", "DewPointC": "17", "DewPointF": "62", "FeelsLikeC": "18", "FeelsLikeF": "65", "HeatIndexC": "18", "HeatIndexF": "65", "humidity": "91", "precipMM": "1.1", "pressure": "1020", "tempC": "18", "tempF": "65", "time": "500", "visibility": "9", "weatherCode": "296",  "weatherDesc": [ {"value": "Light rain" } ],  "weatherIconUrl": [ {"value": "http:\/\/cdn.worldweatheronline.net\/images\/wsymbols01_png_64\/wsymbol_0033_cloudy_with_light_rain_night.png" } ], "WindChillC": "18", "WindChillF": "65", "winddir16Point": "ENE", "winddirDegree": "57", "WindGustKmph": "31", "WindGustMiles": "19", "windspeedKmph": "23", "windspeedMiles": "14" }, {"cloudcover": "100", "DewPointC": "18", "DewPointF": "64", "FeelsLikeC": "19", "FeelsLikeF": "67", "HeatIndexC": "19", "HeatIndexF": "67", "humidity": "90", "precipMM": "2.7", "pressure": "1020", "tempC": "19", "tempF": "66", "time": "800", "visibility": "7", "weatherCode": "302",  "weatherDesc": [ {"value": "Moderate rain" } ],  "weatherIconUrl": [ {"value": "http:\/\/cdn.worldweatheronline.net\/images\/wsymbols01_png_64\/wsymbol_0018_cloudy_with_heavy_rain.png" } ], "WindChillC": "19", "WindChillF": "67", "winddir16Point": "NE", "winddirDegree": "56", "WindGustKmph": "34", "WindGustMiles": "21", "windspeedKmph": "30", "windspeedMiles": "18" }, {"cloudcover": "100", "DewPointC": "19", "DewPointF": "67", "FeelsLikeC": "21", "FeelsLikeF": "70", "HeatIndexC": "21", "HeatIndexF": "70", "humidity": "90", "precipMM": "4.5", "pressure": "1020", "tempC": "20", "tempF": "68", "time": "1100", "visibility": "7", "weatherCode": "302",  "weatherDesc": [ {"value": "Moderate rain" } ],  "weatherIconUrl": [ {"value": "http:\/\/cdn.worldweatheronline.net\/images\/wsymbols01_png_64\/wsymbol_0018_cloudy_with_heavy_rain.png" } ], "WindChillC": "21", "WindChillF": "70", "winddir16Point": "ENE", "winddirDegree": "57", "WindGustKmph": "38", "WindGustMiles": "23", "windspeedKmph": "32", "windspeedMiles": "20" }, {"cloudcover": "100", "DewPointC": "20", "DewPointF": "68", "FeelsLikeC": "22", "FeelsLikeF": "71", "HeatIndexC": "24", "HeatIndexF": "76", "humidity": "90", "precipMM": "4.1", "pressure": "1018", "tempC": "21", "tempF": "70", "time": "1400", "visibility": "7", "weatherCode": "302",  "weatherDesc": [ {"value": "Moderate rain" } ],  "weatherIconUrl": [ {"value": "http:\/\/cdn.worldweatheronline.net\/images\/wsymbols01_png_64\/wsymbol_0018_cloudy_with_heavy_rain.png" } ], "WindChillC": "22", "WindChillF": "71", "winddir16Point": "NE", "winddirDegree": "50", "WindGustKmph": "39", "WindGustMiles": "24", "windspeedKmph": "33", "windspeedMiles": "21" }, {"cloudcover": "100", "DewPointC": "20", "DewPointF": "68", "FeelsLikeC": "22", "FeelsLikeF": "71", "HeatIndexC": "24", "HeatIndexF": "76", "humidity": "90", "precipMM": "4.6", "pressure": "1017", "tempC": "21", "tempF": "69", "time": "1700", "visibility": "7", "weatherCode": "302",  "weatherDesc": [ {"value": "Moderate rain" } ],  "weatherIconUrl": [ {"value": "http:\/\/cdn.worldweatheronline.net\/images\/wsymbols01_png_64\/wsymbol_0018_cloudy_with_heavy_rain.png" } ], "WindChillC": "22", "WindChillF": "71", "winddir16Point": "NE", "winddirDegree": "49", "WindGustKmph": "39", "WindGustMiles": "24", "windspeedKmph": "34", "windspeedMiles": "21" }, {"cloudcover": "100", "DewPointC": "18", "DewPointF": "65", "FeelsLikeC": "20", "FeelsLikeF": "68", "HeatIndexC": "20", "HeatIndexF": "68", "humidity": "90", "precipMM": "3.7", "pressure": "1017", "tempC": "20", "tempF": "68", "time": "2000", "visibility": "7", "weatherCode": "302",  "weatherDesc": [ {"value": "Moderate rain" } ],  "weatherIconUrl": [ {"value": "http:\/\/cdn.worldweatheronline.net\/images\/wsymbols01_png_64\/wsymbol_0034_cloudy_with_heavy_rain_night.png" } ], "WindChillC": "20", "WindChillF": "68", "winddir16Point": "ENE", "winddirDegree": "63", "WindGustKmph": "39", "WindGustMiles": "24", "windspeedKmph": "33", "windspeedMiles": "21" }, {"cloudcover": "100", "DewPointC": "18", "DewPointF": "64", "FeelsLikeC": "19", "FeelsLikeF": "67", "HeatIndexC": "19", "HeatIndexF": "67", "humidity": "90", "precipMM": "3.7", "pressure": "1016", "tempC": "19", "tempF": "67", "time": "2300", "visibility": "7", "weatherCode": "302",  "weatherDesc": [ {"value": "Moderate rain" } ],  "weatherIconUrl": [ {"value": "http:\/\/cdn.worldweatheronline.net\/images\/wsymbols01_png_64\/wsymbol_0034_cloudy_with_heavy_rain_night.png" } ], "WindChillC": "19", "WindChillF": "67", "winddir16Point": "ENE", "winddirDegree": "69", "WindGustKmph": "33", "WindGustMiles": "20", "windspeedKmph": "27", "windspeedMiles": "17" } ], "maxtempC": "21", "maxtempF": "70", "mintempC": "18", "mintempF": "65" } ] }}