{ "data": { "request": [ {"query": "Lat 25.13 and Lon 121.73", "type": "LatLon" } ],  "weather": [ { "astronomy": [ {"moonrise": "03:29 AM", "moonset": "02:36 PM", "sunrise": "06:33 AM", "sunset": "05:42 PM" } ], "date": "2013-02-07",  "hourly": [ {"cloudcover": "73", "DewPointC": "17", "DewPointF": "63", "FeelsLikeC": "19", "FeelsLikeF": "66", "HeatIndexC": "19", "HeatIndexF": "66", "humidity": "88", "precipMM": "0.2", "pressure": "1016", "tempC": "19", "tempF": "66", "time": "200", "visibility": "5", "weatherCode": "263",  "weatherDesc": [ {"value": "Patchy light drizzle" } ],  "weatherIconUrl": [ {"value": "http:\/\/cdn.worldweatheronline.net\/images\/wsymbols01_png_64\/wsymbol_0025_light_rain_showers_night.png" } ], "WindChillC": "19", "WindChillF": "66", "winddir16Point": "E", "winddirDegree": "82", "WindGustKmph": "23", "WindGustMiles": "14", "windspeedKmph": "20", "windspeedMiles": "12" }, {"cloudcover": "70", "DewPointC": "18", "DewPointF": "64", "FeelsLikeC": "20", "FeelsLikeF": "67", "HeatIndexC": "20", "HeatIndexF": "67", "humidity": "90", "precipMM": "0.2", "pressure": "1016", "tempC": "20", "tempF": "67", "time": "500", "visibility": "5", "weatherCode": "263",  "weatherDesc": [ {"value": "Patchy light drizzle" } ],  "weatherIconUrl": [ {"value": "http:\/\/cdn.worldweatheronline.net\/images\/wsymbols01_png_64\/wsymbol_0025_light_rain_showers_night.png" } ], "WindChillC": "20", "WindChillF": "67", "winddir16Point": "ENE", "winddirDegree": "72", "WindGustKmph": "26", "WindGustMiles": "16", "windspeedKmph": "22", "windspeedMiles": "14" }, {"cloudcover": "64", "DewPointC": "19", "DewPointF": "67", "FeelsLikeC": "22", "FeelsLikeF": "71", "HeatIndexC": "24", "HeatIndexF": "76", "humidity": "88", "precipMM": "0.1", "pressure": "1016", "tempC": "20", "tempF": "69", "time": "800", "visibility": "10", "weatherCode": "119",  "weatherDesc": [ {"value": "Cloudy" } ],  "weatherIconUrl": [ {"value": "http:\/\/cdn.worldweatheronline.net\/images\/wsymbols01_png_64\/wsymbol_0003_white_cloud.png" } ], "WindChillC": "22", "WindChillF": "71", "winddir16Point": "E", "winddirDegree": "90", "WindGustKmph": "26", "WindGustMiles": "16", "windspeedKmph": "23", "windspeedMiles": "14" }, {"cloudcover": "57", "DewPointC": "21", "DewPointF": "69", "FeelsLikeC": "26", "FeelsLikeF": "78", "HeatIndexC": "26", "HeatIndexF": "78", "humidity": "83", "precipMM": "0.2", "pressure": "1016", "tempC": "22", "tempF": "72", "time": "1100", "visibility": "5", "weatherCode": "263",  "weatherDesc": [ {"value": "Patchy light drizzle" } ],  "weatherIconUrl": [ {"value": "http:\/\/cdn.worldweatheronline.net\/images\/wsymbols01_png_64\/wsymbol_0009_light_rain_showers.png" } ], "WindChillC": "24", "WindChillF": "75", "winddir16Point": "E", "winddirDegree": "79", "WindGustKmph": "25", "WindGustMiles": "16", "windspeedKmph": "22", "windspeedMiles": "14" }, {"cloudcover": "76", "DewPointC": "21", "DewPointF": "69", "FeelsLikeC": "23", "FeelsLikeF": "73", "HeatIndexC": "25", "HeatIndexF": "77", "humidity": "87", "precipMM": "0.7", "pressure": "1015", "tempC": "21", "tempF": "71", "time": "1400", "visibility": "2", "weatherCode": "266",  "weatherDesc": [ {"value": "Light drizzle" } ],  "weatherIconUrl": [ {"value": "http:\/\/cdn.worldweatheronline.net\/images\/wsymbols01_png_64\/wsymbol_0017_cloudy_with_light_rain.png" } ], "WindChillC": "23", "WindChillF": "73", "winddir16Point": "NE", "winddirDegree": "36", "WindGustKmph": "29", "WindGustMiles": "18", "windspeedKmph": "25", "windspeedMiles": "16" }, {"cloudcover": "100", "DewPointC": "17", "DewPointF": "63", "FeelsLikeC": "19", "FeelsLikeF": "66", "HeatIndexC": "19", "HeatIndexF": "66", "humidity": "89", "precipMM": "0.9", "pressure": "1017", "tempC": "19", "tempF": "66", "time": "1700", "visibility": "9", "weatherCode": "296",  "weatherDesc": [ {"value": "Light rain" } ],  "weatherIconUrl": [ {"value": "http:\/\/cdn.worldweatheronline.net\/images\/wsymbols01_png_64\/wsymbol_0017_cloudy_with_light_rain.png" } ], "WindChillC": "19", "WindChillF": "66", "winddir16Point": "NNE", "winddirDegree": "24", "WindGustKmph": "46", "WindGustMiles": "29", "windspeedKmph": "40", "windspeedMiles": "25" }, {"cloudcover": "100", "DewPointC": "13", "DewPointF": "55", "FeelsLikeC": "15", "FeelsLikeF": "59", "HeatIndexC": "15", "HeatIndexF": "59", "humidity": "86", "precipMM": "1.8", "pressure": "1019", "tempC": "15", "tempF": "59", "time": "2000", "visibility": "9", "weatherCode": "296",  "weatherDesc": [ {"value": "Light rain" } ],  "weatherIconUrl": [ {"value": "http:\/\/cdn.worldweatheronline.net\/images\/wsymbols01_png_64\/wsymbol_0033_cloudy_with_light_rain_night.png" } ], "WindChillC": "15", "WindChillF": "59", "winddir16Point": "NNE", "winddirDegree": "32", "WindGustKmph": "56", "WindGustMiles": "35", "windspeedKmph": "44", "windspeedMiles": "28" }, {"cloudcover": "100", "DewPointC": "12", "DewPointF": "54", "FeelsLikeC": "12", "FeelsLikeF": "54", "HeatIndexC": "15", "HeatIndexF": "58", "humidity": "86", "precipMM": "1.1", "pressure": "1021", "tempC": "15", "tempF": "58", "time": "2300", "visibility": "9", "weatherCode": "296",  "weatherDesc": [ {"value": "Light rain" } ],  "weatherIconUrl": [ {"value": "http:\/\/cdn.worldweatheronline.net\/images\/wsymbols01_png_64\/wsymbol_0033_cloudy_with_light_rain_night.png" } ], "WindChillC": "12", "WindChillF": "54", "winddir16Point": "NE", "winddirDegree": "38", "WindGustKmph": "54", "WindGustMiles": "34", "windspeedKmph": "43", "windspeedMiles": "27" } ], "maxtempC": "22", "maxtempF": "72", "mintempC": "15", "mintempF": "58" } ] }}