{ "data": { "request": [ {"query": "Lat 25.13 and Lon 121.73", "type": "LatLon" } ],  "weather": [ { "astronomy": [ {"moonrise": "08:54 AM", "moonset": "09:07 PM", "sunrise": "06:40 AM", "sunset": "05:25 PM" } ], "date": "2013-01-15",  "hourly": [ {"cloudcover": "60", "DewPointC": "10", "DewPointF": "50", "FeelsLikeC": "13", "FeelsLikeF": "55", "HeatIndexC": "14", "HeatIndexF": "58", "humidity": "77", "precipMM": "0.0", "pressure": "1023", "tempC": "14", "tempF": "58", "time": "200", "visibility": "10", "weatherCode": "116",  "weatherDesc": [ {"value": "Partly Cloudy" } ],  "weatherIconUrl": [ {"value": "http:\/\/cdn.worldweatheronline.net\/images\/wsymbols01_png_64\/wsymbol_0004_black_low_cloud.png" } ], "WindChillC": "13", "WindChillF": "55", "winddir16Point": "ENE", "winddirDegree": "66", "WindGustKmph": "28", "WindGustMiles": "17", "windspeedKmph": "23", "windspeedMiles": "14" }, {"cloudcover": "68", "DewPointC": "10", "DewPointF": "50", "FeelsLikeC": "12", "FeelsLikeF": "54", "HeatIndexC": "14", "HeatIndexF": "57", "humidity": "77", "precipMM": "0.2", "pressure": "1023", "tempC": "14", "tempF": "57", "time": "500", "visibility": "10", "weatherCode": "353",  "weatherDesc": [ {"value": "Light rain shower" } ],  "weatherIconUrl": [ {"value": "http:\/\/cdn.worldweatheronline.net\/images\/wsymbols01_png_64\/wsymbol_0025_light_rain_showers_night.png" } ], "WindChillC": "12", "WindChillF": "54", "winddir16Point": "ENE", "winddirDegree": "69", "WindGustKmph": "30", "WindGustMiles": "19", "windspeedKmph": "22", "windspeedMiles": "14" }, {"cloudcover": "46", "DewPointC": "11", "DewPointF": "52", "FeelsLikeC": "16", "FeelsLikeF": "60", "HeatIndexC": "16", "HeatIndexF": "60", "humidity": "74", "precipMM": "0.2", "pressure": "1024", "tempC": "15", "tempF": "59", "time": "800", "visibility": "5", "weatherCode": "263",  "weatherDesc": [ {"value": "Patchy light drizzle" } ],  "weatherIconUrl": [ {"value": "http:\/\/cdn.worldweatheronline.net\/images\/wsymbols01_png_64\/wsymbol_0009_light_rain_showers.png" } ], "WindChillC": "16", "WindChillF": "60", "winddir16Point": "E", "winddirDegree": "80", "WindGustKmph": "24", "WindGustMiles": "15", "windspeedKmph": "21", "windspeedMiles": "13" }, {"cloudcover": "30", "DewPointC": "12", "DewPointF": "53", "FeelsLikeC": "17", "FeelsLikeF": "63", "HeatIndexC": "17", "HeatIndexF": "63", "humidity": "69", "precipMM": "0.1", "pressure": "1023", "tempC": "17", "tempF": "62", "time": "1100", "visibility": "10", "weatherCode": "116",  "weatherDesc": [ {"value": "Partly Cloudy" } ],  "weatherIconUrl": [ {"value": "http:\/\/cdn.worldweatheronline.net\/images\/wsymbols01_png_64\/wsymbol_0002_sunny_intervals.png" } ], "WindChillC": "17", "WindChillF": "63", "winddir16Point": "E", "winddirDegree": "84", "WindGustKmph": "27", "WindGustMiles": "17", "windspeedKmph": "23", "windspeedMiles": "14" }, {"cloudcover": "38", "DewPointC": "13", "DewPointF": "55", "FeelsLikeC": "19", "FeelsLikeF": "65", "HeatIndexC": "19", "HeatIndexF": "65", "humidity": "69", "precipMM": "0.0", "pressure": "1021", "tempC": "18", "tempF": "64", "time": "1400", "visibility": "10", "weatherCode": "116",  "weatherDesc": [ {"value": "Partly Cloudy" } ],  "weatherIconUrl": [ {"value": "http:\/\/cdn.worldweatheronline.net\/images\/wsymbols01_png_64\/wsymbol_0002_sunny_intervals.png" } ], "WindChillC": "19", "WindChillF": "65", "winddir16Point": "E", "winddirDegree": "98", "WindGustKmph": "26", "WindGustMiles": "16", "windspeedKmph": "22", "windspeedMiles": "14" }, {"cloudcover": "56", "DewPointC": "13", "DewPointF": "55", "FeelsLikeC": "18", "FeelsLikeF": "64", "HeatIndexC": "18", "HeatIndexF": "64", "humidity": "72", "precipMM": "0.0", "pressure": "1021", "tempC": "17", "tempF": "63", "time": "1700", "visibility": "10", "weatherCode": "116",  "weatherDesc": [ {"value": "Partly Cloudy" } ],  "weatherIconUrl": [ {"value": "http:\/\/cdn.worldweatheronline.net\/images\/wsymbols01_png_64\/wsymbol_0002_sunny_intervals.png" } ], "WindChillC": "18", "WindChillF": "64", "winddir16Point": "E", "winddirDegree": "97", "WindGustKmph": "22", "WindGustMiles": "14", "windspeedKmph": "19", "windspeedMiles": "12" }, {"cloudcover": "37", "DewPointC": "12", "DewPointF": "54", "FeelsLikeC": "16", "FeelsLikeF": "61", "HeatIndexC": "16", "HeatIndexF": "61", "humidity": "76", "precipMM": "0.0", "pressure": "1022", "tempC": "16", "tempF": "61", "time": "2000", "visibility": "10", "weatherCode": "116",  "weatherDesc": [ {"value": "Partly Cloudy" } ],  "weatherIconUrl": [ {"value": "http:\/\/cdn.worldweatheronline.net\/images\/wsymbols01_png_64\/wsymbol_0004_black_low_cloud.png" } ], "WindChillC": "16", "WindChillF": "61", "winddir16Point": "E", "winddirDegree": "100", "WindGustKmph": "22", "WindGustMiles": "14", "windspeedKmph": "15", "windspeedMiles": "10" }, {"cloudcover": "27", "DewPointC": "11", "DewPointF": "52", "FeelsLikeC": "15", "FeelsLikeF": "60", "HeatIndexC": "15", "HeatIndexF": "60", "humidity": "77", "precipMM": "0.0", "pressure": "1022", "tempC": "15", "tempF": "60", "time": "2300", "visibility": "10", "weatherCode": "116",  "weatherDesc": [ {"value": "Partly Cloudy" } ],  "weatherIconUrl": [ {"value": "http:\/\/cdn.worldweatheronline.net\/images\/wsymbols01_png_64\/wsymbol_0004_black_low_cloud.png" } ], "WindChillC": "15", "WindChillF": "60", "winddir16Point": "E", "winddirDegree": "96", "WindGustKmph": "19", "WindGustMiles": "12", "windspeedKmph": "12", "windspeedMiles": "7" } ], "maxtempC": "18", "maxtempF": "64", "mintempC": "14", "mintempF": "57" } ] }}