{ "data": { "request": [ {"query": "Lat 25.13 and Lon 121.73", "type": "LatLon" } ],  "weather": [ { "astronomy": [ {"moonrise": "01:31 PM", "moonset": "02:27 AM", "sunrise": "06:39 AM", "sunset": "05:30 PM" } ], "date": "2013-01-22",  "hourly": [ {"cloudcover": "17", "DewPointC": "14", "DewPointF": "57", "FeelsLikeC": "17", "FeelsLikeF": "62", "HeatIndexC": "17", "HeatIndexF": "62", "humidity": "84", "precipMM": "0.0", "pressure": "1020", "tempC": "17", "tempF": "62", "time": "200", "visibility": "10", "weatherCode": "113",  "weatherDesc": [ {"value": "Clear" } ],  "weatherIconUrl": [ {"value": "http:\/\/cdn.worldweatheronline.net\/images\/wsymbols01_png_64\/wsymbol_0008_clear_sky_night.png" } ], "WindChillC": "17", "WindChillF": "62", "winddir16Point": "SW", "winddirDegree": "235", "WindGustKmph": "10", "WindGustMiles": "6", "windspeedKmph": "5", "windspeedMiles": "3" }, {"cloudcover": "21", "DewPointC": "14", "DewPointF": "57", "FeelsLikeC": "16", "FeelsLikeF": "60", "HeatIndexC": "16", "HeatIndexF": "60", "humidity": "90", "precipMM": "0.0", "pressure": "1020", "tempC": "16", "tempF": "60", "time": "500", "visibility": "10", "weatherCode": "113",  "weatherDesc": [ {"value": "Clear" } ],  "weatherIconUrl": [ {"value": "http:\/\/cdn.worldweatheronline.net\/images\/wsymbols01_png_64\/wsymbol_0008_clear_sky_night.png" } ], "WindChillC": "16", "WindChillF": "60", "winddir16Point": "N", "winddirDegree": "356", "WindGustKmph": "25", "WindGustMiles": "15", "windspeedKmph": "12", "windspeedMiles": "7" }, {"cloudcover": "74", "DewPointC": "16", "DewPointF": "60", "FeelsLikeC": "17", "FeelsLikeF": "63", "HeatIndexC": "17", "HeatIndexF": "63", "humidity": "91", "precipMM": "0.1", "pressure": "1021", "tempC": "17", "tempF": "62", "time": "800", "visibility": "10", "weatherCode": "119",  "weatherDesc": [ {"value": "Cloudy" } ],  "weatherIconUrl": [ {"value": "http:\/\/cdn.worldweatheronline.net\/images\/wsymbols01_png_64\/wsymbol_0003_white_cloud.png" } ], "WindChillC": "17", "WindChillF": "63", "winddir16Point": "NNE", "winddirDegree": "24", "WindGustKmph": "33", "WindGustMiles": "21", "windspeedKmph": "21", "windspeedMiles": "13" }, {"cloudcover": "84", "DewPointC": "18", "DewPointF": "64", "FeelsLikeC": "20", "FeelsLikeF": "67", "HeatIndexC": "20", "HeatIndexF": "67", "humidity": "89", "precipMM": "0.2", "pressure": "1022", "tempC": "19", "tempF": "66", "time": "1100", "visibility": "2", "weatherCode": "266",  "weatherDesc": [ {"value": "Light drizzle" } ],  "weatherIconUrl": [ {"value": "http:\/\/cdn.worldweatheronline.net\/images\/wsymbols01_png_64\/wsymbol_0017_cloudy_with_light_rain.png" } ], "WindChillC": "20", "WindChillF": "67", "winddir16Point": "NNE", "winddirDegree": "33", "WindGustKmph": "30", "WindGustMiles": "19", "windspeedKmph": "26", "windspeedMiles": "16" }, {"cloudcover": "85", "DewPointC": "20", "DewPointF": "68", "FeelsLikeC": "22", "FeelsLikeF": "71", "HeatIndexC": "24", "HeatIndexF": "76", "humidity": "90", "precipMM": "0.5", "pressure": "1021", "tempC": "21", "tempF": "69", "time": "1400", "visibility": "2", "weatherCode": "266",  "weatherDesc": [ {"value": "Light drizzle" } ],  "weatherIconUrl": [ {"value": "http:\/\/cdn.worldweatheronline.net\/images\/wsymbols01_png_64\/wsymbol_0017_cloudy_with_light_rain.png" } ], "WindChillC": "22", "WindChillF": "71", "winddir16Point": "NNE", "winddirDegree": "29", "WindGustKmph": "33", "WindGustMiles": "21", "windspeedKmph": "29", "windspeedMiles": "18" }, {"cloudcover": "85", "DewPointC": "20", "DewPointF": "67", "FeelsLikeC": "22", "FeelsLikeF": "71", "HeatIndexC": "24", "HeatIndexF": "76", "humidity": "89", "precipMM": "0.3", "pressure": "1021", "tempC": "20", "tempF": "69", "time": "1700", "visibility": "2", "weatherCode": "266",  "weatherDesc": [ {"value": "Light drizzle" } ],  "weatherIconUrl": [ {"value": "http:\/\/cdn.worldweatheronline.net\/images\/wsymbols01_png_64\/wsymbol_0017_cloudy_with_light_rain.png" } ], "WindChillC": "22", "WindChillF": "71", "winddir16Point": "NE", "winddirDegree": "37", "WindGustKmph": "34", "WindGustMiles": "21", "windspeedKmph": "30", "windspeedMiles": "18" }, {"cloudcover": "74", "DewPointC": "17", "DewPointF": "62", "FeelsLikeC": "19", "FeelsLikeF": "66", "HeatIndexC": "19", "HeatIndexF": "66", "humidity": "88", "precipMM": "0.3", "pressure": "1022", "tempC": "19", "tempF": "66", "time": "2000", "visibility": "5", "weatherCode": "263",  "weatherDesc": [ {"value": "Patchy light drizzle" } ],  "weatherIconUrl": [ {"value": "http:\/\/cdn.worldweatheronline.net\/images\/wsymbols01_png_64\/wsymbol_0025_light_rain_showers_night.png" } ], "WindChillC": "19", "WindChillF": "66", "winddir16Point": "NE", "winddirDegree": "44", "WindGustKmph": "35", "WindGustMiles": "21", "windspeedKmph": "30", "windspeedMiles": "19" }, {"cloudcover": "83", "DewPointC": "15", "DewPointF": "60", "FeelsLikeC": "18", "FeelsLikeF": "64", "HeatIndexC": "18", "HeatIndexF": "64", "humidity": "88", "precipMM": "0.2", "pressure": "1022", "tempC": "18", "tempF": "64", "time": "2300", "visibility": "2", "weatherCode": "266",  "weatherDesc": [ {"value": "Light drizzle" } ],  "weatherIconUrl": [ {"value": "http:\/\/cdn.worldweatheronline.net\/images\/wsymbols01_png_64\/wsymbol_0033_cloudy_with_light_rain_night.png" } ], "WindChillC": "18", "WindChillF": "64", "winddir16Point": "NE", "winddirDegree": "44", "WindGustKmph": "32", "WindGustMiles": "20", "windspeedKmph": "28", "windspeedMiles": "17" } ], "maxtempC": "21", "maxtempF": "69", "mintempC": "16", "mintempF": "60" } ] }}