{ "data": { "request": [ {"query": "Lat 25.13 and Lon 121.73", "type": "LatLon" } ],  "weather": [ { "astronomy": [ {"moonrise": "08:13 AM", "moonset": "08:08 PM", "sunrise": "06:40 AM", "sunset": "05:24 PM" } ], "date": "2013-01-14",  "hourly": [ {"cloudcover": "72", "DewPointC": "10", "DewPointF": "51", "FeelsLikeC": "11", "FeelsLikeF": "51", "HeatIndexC": "13", "HeatIndexF": "56", "humidity": "82", "precipMM": "0.3", "pressure": "1017", "tempC": "13", "tempF": "56", "time": "200", "visibility": "5", "weatherCode": "263",  "weatherDesc": [ {"value": "Patchy light drizzle" } ],  "weatherIconUrl": [ {"value": "http:\/\/cdn.worldweatheronline.net\/images\/wsymbols01_png_64\/wsymbol_0025_light_rain_showers_night.png" } ], "WindChillC": "11", "WindChillF": "51", "winddir16Point": "NNW", "winddirDegree": "348", "WindGustKmph": "48", "WindGustMiles": "30", "windspeedKmph": "38", "windspeedMiles": "23" }, {"cloudcover": "79", "DewPointC": "10", "DewPointF": "49", "FeelsLikeC": "10", "FeelsLikeF": "50", "HeatIndexC": "13", "HeatIndexF": "55", "humidity": "80", "precipMM": "0.3", "pressure": "1018", "tempC": "13", "tempF": "55", "time": "500", "visibility": "2", "weatherCode": "266",  "weatherDesc": [ {"value": "Light drizzle" } ],  "weatherIconUrl": [ {"value": "http:\/\/cdn.worldweatheronline.net\/images\/wsymbols01_png_64\/wsymbol_0033_cloudy_with_light_rain_night.png" } ], "WindChillC": "10", "WindChillF": "50", "winddir16Point": "N", "winddirDegree": "352", "WindGustKmph": "51", "WindGustMiles": "32", "windspeedKmph": "38", "windspeedMiles": "24" }, {"cloudcover": "79", "DewPointC": "10", "DewPointF": "50", "FeelsLikeC": "11", "FeelsLikeF": "52", "HeatIndexC": "14", "HeatIndexF": "56", "humidity": "79", "precipMM": "0.3", "pressure": "1020", "tempC": "13", "tempF": "56", "time": "800", "visibility": "10", "weatherCode": "353",  "weatherDesc": [ {"value": "Light rain shower" } ],  "weatherIconUrl": [ {"value": "http:\/\/cdn.worldweatheronline.net\/images\/wsymbols01_png_64\/wsymbol_0009_light_rain_showers.png" } ], "WindChillC": "11", "WindChillF": "52", "winddir16Point": "N", "winddirDegree": "6", "WindGustKmph": "39", "WindGustMiles": "24", "windspeedKmph": "33", "windspeedMiles": "21" }, {"cloudcover": "69", "DewPointC": "10", "DewPointF": "50", "FeelsLikeC": "12", "FeelsLikeF": "54", "HeatIndexC": "14", "HeatIndexF": "58", "humidity": "75", "precipMM": "0.2", "pressure": "1021", "tempC": "14", "tempF": "57", "time": "1100", "visibility": "10", "weatherCode": "353",  "weatherDesc": [ {"value": "Light rain shower" } ],  "weatherIconUrl": [ {"value": "http:\/\/cdn.worldweatheronline.net\/images\/wsymbols01_png_64\/wsymbol_0009_light_rain_showers.png" } ], "WindChillC": "12", "WindChillF": "54", "winddir16Point": "NNE", "winddirDegree": "13", "WindGustKmph": "37", "WindGustMiles": "23", "windspeedKmph": "32", "windspeedMiles": "20" }, {"cloudcover": "30", "DewPointC": "10", "DewPointF": "50", "FeelsLikeC": "15", "FeelsLikeF": "60", "HeatIndexC": "15", "HeatIndexF": "60", "humidity": "71", "precipMM": "0.1", "pressure": "1021", "tempC": "14", "tempF": "58", "time": "1400", "visibility": "10", "weatherCode": "116",  "weatherDesc": [ {"value": "Partly Cloudy" } ],  "weatherIconUrl": [ {"value": "http:\/\/cdn.worldweatheronline.net\/images\/wsymbols01_png_64\/wsymbol_0002_sunny_intervals.png" } ], "WindChillC": "15", "WindChillF": "60", "winddir16Point": "NNE", "winddirDegree": "18", "WindGustKmph": "36", "WindGustMiles": "22", "windspeedKmph": "31", "windspeedMiles": "19" }, {"cloudcover": "19", "DewPointC": "10", "DewPointF": "50", "FeelsLikeC": "13", "FeelsLikeF": "55", "HeatIndexC": "15", "HeatIndexF": "58", "humidity": "73", "precipMM": "0.0", "pressure": "1022", "tempC": "14", "tempF": "58", "time": "1700", "visibility": "10", "weatherCode": "113",  "weatherDesc": [ {"value": "Sunny" } ],  "weatherIconUrl": [ {"value": "http:\/\/cdn.worldweatheronline.net\/images\/wsymbols01_png_64\/wsymbol_0001_sunny.png" } ], "WindChillC": "13", "WindChillF": "55", "winddir16Point": "NNE", "winddirDegree": "28", "WindGustKmph": "33", "WindGustMiles": "20", "windspeedKmph": "28", "windspeedMiles": "18" }, {"cloudcover": "10", "DewPointC": "10", "DewPointF": "49", "FeelsLikeC": "12", "FeelsLikeF": "53", "HeatIndexC": "14", "HeatIndexF": "57", "humidity": "75", "precipMM": "0.0", "pressure": "1023", "tempC": "14", "tempF": "57", "time": "2000", "visibility": "10", "weatherCode": "113",  "weatherDesc": [ {"value": "Clear" } ],  "weatherIconUrl": [ {"value": "http:\/\/cdn.worldweatheronline.net\/images\/wsymbols01_png_64\/wsymbol_0008_clear_sky_night.png" } ], "WindChillC": "12", "WindChillF": "53", "winddir16Point": "NE", "winddirDegree": "44", "WindGustKmph": "27", "WindGustMiles": "17", "windspeedKmph": "23", "windspeedMiles": "15" }, {"cloudcover": "27", "DewPointC": "9", "DewPointF": "49", "FeelsLikeC": "12", "FeelsLikeF": "53", "HeatIndexC": "14", "HeatIndexF": "56", "humidity": "76", "precipMM": "0.0", "pressure": "1023", "tempC": "14", "tempF": "56", "time": "2300", "visibility": "10", "weatherCode": "116",  "weatherDesc": [ {"value": "Partly Cloudy" } ],  "weatherIconUrl": [ {"value": "http:\/\/cdn.worldweatheronline.net\/images\/wsymbols01_png_64\/wsymbol_0004_black_low_cloud.png" } ], "WindChillC": "12", "WindChillF": "53", "winddir16Point": "ENE", "winddirDegree": "56", "WindGustKmph": "27", "WindGustMiles": "17", "windspeedKmph": "23", "windspeedMiles": "14" } ], "maxtempC": "14", "maxtempF": "58", "mintempC": "13", "mintempF": "55" } ] }}