{ "data": { "request": [ {"query": "Lat 25.13 and Lon 121.73", "type": "LatLon" } ],  "weather": [ { "astronomy": [ {"moonrise": "01:00 PM", "moonset": "01:58 AM", "sunrise": "06:24 AM", "sunset": "05:50 PM" } ], "date": "2013-02-20",  "hourly": [ {"cloudcover": "100", "DewPointC": "12", "DewPointF": "54", "FeelsLikeC": "12", "FeelsLikeF": "54", "HeatIndexC": "15", "HeatIndexF": "58", "humidity": "85", "precipMM": "0.6", "pressure": "1023", "tempC": "15", "tempF": "58", "time": "200", "visibility": "2", "weatherCode": "266",  "weatherDesc": [ {"value": "Light drizzle" } ],  "weatherIconUrl": [ {"value": "http:\/\/cdn.worldweatheronline.net\/images\/wsymbols01_png_64\/wsymbol_0033_cloudy_with_light_rain_night.png" } ], "WindChillC": "12", "WindChillF": "54", "winddir16Point": "NNE", "winddirDegree": "33", "WindGustKmph": "41", "WindGustMiles": "26", "windspeedKmph": "36", "windspeedMiles": "22" }, {"cloudcover": "99", "DewPointC": "12", "DewPointF": "54", "FeelsLikeC": "12", "FeelsLikeF": "54", "HeatIndexC": "15", "HeatIndexF": "58", "humidity": "85", "precipMM": "1.1", "pressure": "1022", "tempC": "15", "tempF": "58", "time": "500", "visibility": "9", "weatherCode": "296",  "weatherDesc": [ {"value": "Light rain" } ],  "weatherIconUrl": [ {"value": "http:\/\/cdn.worldweatheronline.net\/images\/wsymbols01_png_64\/wsymbol_0033_cloudy_with_light_rain_night.png" } ], "WindChillC": "12", "WindChillF": "54", "winddir16Point": "NE", "winddirDegree": "35", "WindGustKmph": "40", "WindGustMiles": "25", "windspeedKmph": "35", "windspeedMiles": "21" }, {"cloudcover": "86", "DewPointC": "13", "DewPointF": "56", "FeelsLikeC": "16", "FeelsLikeF": "61", "HeatIndexC": "16", "HeatIndexF": "61", "humidity": "84", "precipMM": "0.9", "pressure": "1023", "tempC": "15", "tempF": "59", "time": "800", "visibility": "9", "weatherCode": "296",  "weatherDesc": [ {"value": "Light rain" } ],  "weatherIconUrl": [ {"value": "http:\/\/cdn.worldweatheronline.net\/images\/wsymbols01_png_64\/wsymbol_0017_cloudy_with_light_rain.png" } ], "WindChillC": "16", "WindChillF": "61", "winddir16Point": "NE", "winddirDegree": "43", "WindGustKmph": "39", "WindGustMiles": "24", "windspeedKmph": "33", "windspeedMiles": "21" }, {"cloudcover": "94", "DewPointC": "13", "DewPointF": "56", "FeelsLikeC": "17", "FeelsLikeF": "62", "HeatIndexC": "17", "HeatIndexF": "62", "humidity": "81", "precipMM": "0.5", "pressure": "1024", "tempC": "16", "tempF": "60", "time": "1100", "visibility": "2", "weatherCode": "266",  "weatherDesc": [ {"value": "Light drizzle" } ],  "weatherIconUrl": [ {"value": "http:\/\/cdn.worldweatheronline.net\/images\/wsymbols01_png_64\/wsymbol_0017_cloudy_with_light_rain.png" } ], "WindChillC": "17", "WindChillF": "62", "winddir16Point": "NE", "winddirDegree": "48", "WindGustKmph": "38", "WindGustMiles": "24", "windspeedKmph": "33", "windspeedMiles": "20" }, {"cloudcover": "86", "DewPointC": "14", "DewPointF": "56", "FeelsLikeC": "17", "FeelsLikeF": "62", "HeatIndexC": "17", "HeatIndexF": "62", "humidity": "81", "precipMM": "0.2", "pressure": "1022", "tempC": "16", "tempF": "62", "time": "1400", "visibility": "2", "weatherCode": "266",  "weatherDesc": [ {"value": "Light drizzle" } ],  "weatherIconUrl": [ {"value": "http:\/\/cdn.worldweatheronline.net\/images\/wsymbols01_png_64\/wsymbol_0017_cloudy_with_light_rain.png" } ], "WindChillC": "17", "WindChillF": "62", "winddir16Point": "NE", "winddirDegree": "46", "WindGustKmph": "38", "WindGustMiles": "24", "windspeedKmph": "33", "windspeedMiles": "21" }, {"cloudcover": "93", "DewPointC": "14", "DewPointF": "58", "FeelsLikeC": "17", "FeelsLikeF": "63", "HeatIndexC": "17", "HeatIndexF": "63", "humidity": "83", "precipMM": "0.2", "pressure": "1022", "tempC": "16", "tempF": "61", "time": "1700", "visibility": "2", "weatherCode": "266",  "weatherDesc": [ {"value": "Light drizzle" } ],  "weatherIconUrl": [ {"value": "http:\/\/cdn.worldweatheronline.net\/images\/wsymbols01_png_64\/wsymbol_0017_cloudy_with_light_rain.png" } ], "WindChillC": "17", "WindChillF": "63", "winddir16Point": "NE", "winddirDegree": "45", "WindGustKmph": "39", "WindGustMiles": "24", "windspeedKmph": "33", "windspeedMiles": "21" }, {"cloudcover": "99", "DewPointC": "13", "DewPointF": "55", "FeelsLikeC": "16", "FeelsLikeF": "60", "HeatIndexC": "16", "HeatIndexF": "60", "humidity": "83", "precipMM": "0.2", "pressure": "1023", "tempC": "16", "tempF": "60", "time": "2000", "visibility": "2", "weatherCode": "266",  "weatherDesc": [ {"value": "Light drizzle" } ],  "weatherIconUrl": [ {"value": "http:\/\/cdn.worldweatheronline.net\/images\/wsymbols01_png_64\/wsymbol_0033_cloudy_with_light_rain_night.png" } ], "WindChillC": "16", "WindChillF": "60", "winddir16Point": "NE", "winddirDegree": "55", "WindGustKmph": "44", "WindGustMiles": "28", "windspeedKmph": "32", "windspeedMiles": "20" }, {"cloudcover": "96", "DewPointC": "12", "DewPointF": "54", "FeelsLikeC": "15", "FeelsLikeF": "59", "HeatIndexC": "15", "HeatIndexF": "59", "humidity": "83", "precipMM": "0.2", "pressure": "1024", "tempC": "15", "tempF": "59", "time": "2300", "visibility": "2", "weatherCode": "266",  "weatherDesc": [ {"value": "Light drizzle" } ],  "weatherIconUrl": [ {"value": "http:\/\/cdn.worldweatheronline.net\/images\/wsymbols01_png_64\/wsymbol_0033_cloudy_with_light_rain_night.png" } ], "WindChillC": "15", "WindChillF": "59", "winddir16Point": "ENE", "winddirDegree": "61", "WindGustKmph": "50", "WindGustMiles": "31", "windspeedKmph": "31", "windspeedMiles": "19" } ], "maxtempC": "16", "maxtempF": "62", "mintempC": "15", "mintempF": "58" } ] }}