{ "data": { "request": [ {"query": "Lat 25.13 and Lon 121.73", "type": "LatLon" } ],  "weather": [ { "astronomy": [ {"moonrise": "11:42 AM", "moonset": "12:37 AM", "sunrise": "05:57 AM", "sunset": "06:04 PM" } ], "date": "2013-03-20",  "hourly": [ {"cloudcover": "40", "DewPointC": "20", "DewPointF": "68", "FeelsLikeC": "25", "FeelsLikeF": "77", "HeatIndexC": "25", "HeatIndexF": "77", "humidity": "83", "precipMM": "0.0", "pressure": "1010", "tempC": "23", "tempF": "73", "time": "200", "visibility": "10", "weatherCode": "116",  "weatherDesc": [ {"value": "Partly Cloudy" } ],  "weatherIconUrl": [ {"value": "http:\/\/cdn.worldweatheronline.net\/images\/wsymbols01_png_64\/wsymbol_0004_black_low_cloud.png" } ], "WindChillC": "23", "WindChillF": "73", "winddir16Point": "WSW", "winddirDegree": "245", "WindGustKmph": "8", "WindGustMiles": "5", "windspeedKmph": "5", "windspeedMiles": "3" }, {"cloudcover": "45", "DewPointC": "19", "DewPointF": "67", "FeelsLikeC": "25", "FeelsLikeF": "76", "HeatIndexC": "25", "HeatIndexF": "76", "humidity": "82", "precipMM": "0.0", "pressure": "1011", "tempC": "22", "tempF": "72", "time": "500", "visibility": "10", "weatherCode": "116",  "weatherDesc": [ {"value": "Partly Cloudy" } ],  "weatherIconUrl": [ {"value": "http:\/\/cdn.worldweatheronline.net\/images\/wsymbols01_png_64\/wsymbol_0004_black_low_cloud.png" } ], "WindChillC": "22", "WindChillF": "72", "winddir16Point": "WSW", "winddirDegree": "257", "WindGustKmph": "17", "WindGustMiles": "11", "windspeedKmph": "10", "windspeedMiles": "6" }, {"cloudcover": "46", "DewPointC": "19", "DewPointF": "65", "FeelsLikeC": "26", "FeelsLikeF": "79", "HeatIndexC": "26", "HeatIndexF": "79", "humidity": "69", "precipMM": "0.1", "pressure": "1013", "tempC": "24", "tempF": "74", "time": "800", "visibility": "10", "weatherCode": "116",  "weatherDesc": [ {"value": "Partly Cloudy" } ],  "weatherIconUrl": [ {"value": "http:\/\/cdn.worldweatheronline.net\/images\/wsymbols01_png_64\/wsymbol_0002_sunny_intervals.png" } ], "WindChillC": "25", "WindChillF": "76", "winddir16Point": "SW", "winddirDegree": "235", "WindGustKmph": "23", "WindGustMiles": "15", "windspeedKmph": "18", "windspeedMiles": "11" }, {"cloudcover": "45", "DewPointC": "19", "DewPointF": "66", "FeelsLikeC": "29", "FeelsLikeF": "85", "HeatIndexC": "29", "HeatIndexF": "85", "humidity": "59", "precipMM": "0.5", "pressure": "1013", "tempC": "26", "tempF": "79", "time": "1100", "visibility": "9", "weatherCode": "176",  "weatherDesc": [ {"value": "Patchy rain nearby" } ],  "weatherIconUrl": [ {"value": "http:\/\/cdn.worldweatheronline.net\/images\/wsymbols01_png_64\/wsymbol_0009_light_rain_showers.png" } ], "WindChillC": "28", "WindChillF": "82", "winddir16Point": "SW", "winddirDegree": "232", "WindGustKmph": "19", "WindGustMiles": "12", "windspeedKmph": "15", "windspeedMiles": "10" }, {"cloudcover": "13", "DewPointC": "20", "DewPointF": "68", "FeelsLikeC": "31", "FeelsLikeF": "87", "HeatIndexC": "31", "HeatIndexF": "87", "humidity": "60", "precipMM": "0.1", "pressure": "1012", "tempC": "27", "tempF": "80", "time": "1400", "visibility": "10", "weatherCode": "113",  "weatherDesc": [ {"value": "Sunny" } ],  "weatherIconUrl": [ {"value": "http:\/\/cdn.worldweatheronline.net\/images\/wsymbols01_png_64\/wsymbol_0001_sunny.png" } ], "WindChillC": "29", "WindChillF": "83", "winddir16Point": "W", "winddirDegree": "262", "WindGustKmph": "13", "WindGustMiles": "8", "windspeedKmph": "12", "windspeedMiles": "7" }, {"cloudcover": "17", "DewPointC": "20", "DewPointF": "67", "FeelsLikeC": "28", "FeelsLikeF": "82", "HeatIndexC": "28", "HeatIndexF": "82", "humidity": "66", "precipMM": "0.0", "pressure": "1013", "tempC": "25", "tempF": "77", "time": "1700", "visibility": "10", "weatherCode": "113",  "weatherDesc": [ {"value": "Sunny" } ],  "weatherIconUrl": [ {"value": "http:\/\/cdn.worldweatheronline.net\/images\/wsymbols01_png_64\/wsymbol_0001_sunny.png" } ], "WindChillC": "26", "WindChillF": "80", "winddir16Point": "NNE", "winddirDegree": "12", "WindGustKmph": "25", "WindGustMiles": "16", "windspeedKmph": "22", "windspeedMiles": "14" }, {"cloudcover": "75", "DewPointC": "17", "DewPointF": "62", "FeelsLikeC": "19", "FeelsLikeF": "67", "HeatIndexC": "19", "HeatIndexF": "67", "humidity": "85", "precipMM": "0.3", "pressure": "1017", "tempC": "19", "tempF": "67", "time": "2000", "visibility": "5", "weatherCode": "263",  "weatherDesc": [ {"value": "Patchy light drizzle" } ],  "weatherIconUrl": [ {"value": "http:\/\/cdn.worldweatheronline.net\/images\/wsymbols01_png_64\/wsymbol_0025_light_rain_showers_night.png" } ], "WindChillC": "19", "WindChillF": "67", "winddir16Point": "NE", "winddirDegree": "37", "WindGustKmph": "41", "WindGustMiles": "26", "windspeedKmph": "36", "windspeedMiles": "22" }, {"cloudcover": "70", "DewPointC": "15", "DewPointF": "59", "FeelsLikeC": "18", "FeelsLikeF": "64", "HeatIndexC": "18", "HeatIndexF": "64", "humidity": "85", "precipMM": "0.4", "pressure": "1019", "tempC": "18", "tempF": "64", "time": "2300", "visibility": "5", "weatherCode": "263",  "weatherDesc": [ {"value": "Patchy light drizzle" } ],  "weatherIconUrl": [ {"value": "http:\/\/cdn.worldweatheronline.net\/images\/wsymbols01_png_64\/wsymbol_0025_light_rain_showers_night.png" } ], "WindChillC": "18", "WindChillF": "64", "winddir16Point": "NE", "winddirDegree": "44", "WindGustKmph": "39", "WindGustMiles": "24", "windspeedKmph": "34", "windspeedMiles": "21" } ], "maxtempC": "27", "maxtempF": "80", "mintempC": "18", "mintempF": "64" } ] }}