{ "data": { "request": [ {"query": "Lat 25.13 and Lon 121.73", "type": "LatLon" } ],  "weather": [ { "astronomy": [ {"moonrise": "12:30 AM", "moonset": "12:07 PM", "sunrise": "06:39 AM", "sunset": "05:19 PM" } ], "date": "2013-01-06",  "hourly": [ {"cloudcover": "88", "DewPointC": "16", "DewPointF": "60", "FeelsLikeC": "18", "FeelsLikeF": "64", "HeatIndexC": "18", "HeatIndexF": "64", "humidity": "88", "precipMM": "1.2", "pressure": "1018", "tempC": "18", "tempF": "64", "time": "200", "visibility": "9", "weatherCode": "296",  "weatherDesc": [ {"value": "Light rain" } ],  "weatherIconUrl": [ {"value": "http:\/\/cdn.worldweatheronline.net\/images\/wsymbols01_png_64\/wsymbol_0033_cloudy_with_light_rain_night.png" } ], "WindChillC": "18", "WindChillF": "64", "winddir16Point": "NE", "winddirDegree": "50", "WindGustKmph": "37", "WindGustMiles": "23", "windspeedKmph": "28", "windspeedMiles": "17" }, {"cloudcover": "87", "DewPointC": "15", "DewPointF": "59", "FeelsLikeC": "17", "FeelsLikeF": "63", "HeatIndexC": "17", "HeatIndexF": "63", "humidity": "88", "precipMM": "0.9", "pressure": "1018", "tempC": "17", "tempF": "63", "time": "500", "visibility": "9", "weatherCode": "296",  "weatherDesc": [ {"value": "Light rain" } ],  "weatherIconUrl": [ {"value": "http:\/\/cdn.worldweatheronline.net\/images\/wsymbols01_png_64\/wsymbol_0033_cloudy_with_light_rain_night.png" } ], "WindChillC": "17", "WindChillF": "63", "winddir16Point": "NE", "winddirDegree": "41", "WindGustKmph": "39", "WindGustMiles": "24", "windspeedKmph": "27", "windspeedMiles": "17" }, {"cloudcover": "83", "DewPointC": "16", "DewPointF": "61", "FeelsLikeC": "18", "FeelsLikeF": "65", "HeatIndexC": "18", "HeatIndexF": "65", "humidity": "88", "precipMM": "0.5", "pressure": "1019", "tempC": "18", "tempF": "64", "time": "800", "visibility": "2", "weatherCode": "266",  "weatherDesc": [ {"value": "Light drizzle" } ],  "weatherIconUrl": [ {"value": "http:\/\/cdn.worldweatheronline.net\/images\/wsymbols01_png_64\/wsymbol_0017_cloudy_with_light_rain.png" } ], "WindChillC": "18", "WindChillF": "65", "winddir16Point": "NE", "winddirDegree": "42", "WindGustKmph": "31", "WindGustMiles": "19", "windspeedKmph": "26", "windspeedMiles": "16" }, {"cloudcover": "78", "DewPointC": "17", "DewPointF": "62", "FeelsLikeC": "19", "FeelsLikeF": "66", "HeatIndexC": "19", "HeatIndexF": "66", "humidity": "87", "precipMM": "0.4", "pressure": "1020", "tempC": "18", "tempF": "65", "time": "1100", "visibility": "2", "weatherCode": "266",  "weatherDesc": [ {"value": "Light drizzle" } ],  "weatherIconUrl": [ {"value": "http:\/\/cdn.worldweatheronline.net\/images\/wsymbols01_png_64\/wsymbol_0017_cloudy_with_light_rain.png" } ], "WindChillC": "19", "WindChillF": "66", "winddir16Point": "NNE", "winddirDegree": "33", "WindGustKmph": "28", "WindGustMiles": "18", "windspeedKmph": "25", "windspeedMiles": "15" }, {"cloudcover": "80", "DewPointC": "17", "DewPointF": "63", "FeelsLikeC": "19", "FeelsLikeF": "67", "HeatIndexC": "19", "HeatIndexF": "67", "humidity": "87", "precipMM": "0.5", "pressure": "1018", "tempC": "19", "tempF": "66", "time": "1400", "visibility": "2", "weatherCode": "266",  "weatherDesc": [ {"value": "Light drizzle" } ],  "weatherIconUrl": [ {"value": "http:\/\/cdn.worldweatheronline.net\/images\/wsymbols01_png_64\/wsymbol_0017_cloudy_with_light_rain.png" } ], "WindChillC": "19", "WindChillF": "67", "winddir16Point": "NNE", "winddirDegree": "28", "WindGustKmph": "32", "WindGustMiles": "20", "windspeedKmph": "28", "windspeedMiles": "17" }, {"cloudcover": "78", "DewPointC": "18", "DewPointF": "64", "FeelsLikeC": "20", "FeelsLikeF": "67", "HeatIndexC": "20", "HeatIndexF": "67", "humidity": "87", "precipMM": "0.4", "pressure": "1018", "tempC": "19", "tempF": "66", "time": "1700", "visibility": "2", "weatherCode": "266",  "weatherDesc": [ {"value": "Light drizzle" } ],  "weatherIconUrl": [ {"value": "http:\/\/cdn.worldweatheronline.net\/images\/wsymbols01_png_64\/wsymbol_0017_cloudy_with_light_rain.png" } ], "WindChillC": "20", "WindChillF": "67", "winddir16Point": "NE", "winddirDegree": "40", "WindGustKmph": "35", "WindGustMiles": "22", "windspeedKmph": "30", "windspeedMiles": "19" }, {"cloudcover": "80", "DewPointC": "16", "DewPointF": "61", "FeelsLikeC": "18", "FeelsLikeF": "65", "HeatIndexC": "18", "HeatIndexF": "65", "humidity": "88", "precipMM": "0.5", "pressure": "1019", "tempC": "18", "tempF": "65", "time": "2000", "visibility": "2", "weatherCode": "266",  "weatherDesc": [ {"value": "Light drizzle" } ],  "weatherIconUrl": [ {"value": "http:\/\/cdn.worldweatheronline.net\/images\/wsymbols01_png_64\/wsymbol_0033_cloudy_with_light_rain_night.png" } ], "WindChillC": "18", "WindChillF": "65", "winddir16Point": "NE", "winddirDegree": "43", "WindGustKmph": "33", "WindGustMiles": "21", "windspeedKmph": "29", "windspeedMiles": "18" }, {"cloudcover": "88", "DewPointC": "16", "DewPointF": "60", "FeelsLikeC": "18", "FeelsLikeF": "64", "HeatIndexC": "18", "HeatIndexF": "64", "humidity": "88", "precipMM": "0.6", "pressure": "1019", "tempC": "18", "tempF": "64", "time": "2300", "visibility": "2", "weatherCode": "266",  "weatherDesc": [ {"value": "Light drizzle" } ],  "weatherIconUrl": [ {"value": "http:\/\/cdn.worldweatheronline.net\/images\/wsymbols01_png_64\/wsymbol_0033_cloudy_with_light_rain_night.png" } ], "WindChillC": "18", "WindChillF": "64", "winddir16Point": "NE", "winddirDegree": "49", "WindGustKmph": "36", "WindGustMiles": "23", "windspeedKmph": "28", "windspeedMiles": "18" } ], "maxtempC": "19", "maxtempF": "66", "mintempC": "17", "mintempF": "63" } ] }}