{ "data": { "request": [ {"query": "Lat 25.13 and Lon 121.73", "type": "LatLon" } ],  "weather": [ { "astronomy": [ {"moonrise": "03:41 AM", "moonset": "02:46 PM", "sunrise": "06:40 AM", "sunset": "05:21 PM" } ], "date": "2013-01-09",  "hourly": [ {"cloudcover": "100", "DewPointC": "12", "DewPointF": "53", "FeelsLikeC": "12", "FeelsLikeF": "53", "HeatIndexC": "14", "HeatIndexF": "57", "humidity": "85", "precipMM": "1.0", "pressure": "1019", "tempC": "14", "tempF": "57", "time": "200", "visibility": "9", "weatherCode": "296",  "weatherDesc": [ {"value": "Light rain" } ],  "weatherIconUrl": [ {"value": "http:\/\/cdn.worldweatheronline.net\/images\/wsymbols01_png_64\/wsymbol_0033_cloudy_with_light_rain_night.png" } ], "WindChillC": "12", "WindChillF": "53", "winddir16Point": "NNE", "winddirDegree": "24", "WindGustKmph": "46", "WindGustMiles": "28", "windspeedKmph": "30", "windspeedMiles": "19" }, {"cloudcover": "100", "DewPointC": "12", "DewPointF": "53", "FeelsLikeC": "12", "FeelsLikeF": "53", "HeatIndexC": "14", "HeatIndexF": "57", "humidity": "86", "precipMM": "1.0", "pressure": "1019", "tempC": "14", "tempF": "57", "time": "500", "visibility": "9", "weatherCode": "296",  "weatherDesc": [ {"value": "Light rain" } ],  "weatherIconUrl": [ {"value": "http:\/\/cdn.worldweatheronline.net\/images\/wsymbols01_png_64\/wsymbol_0033_cloudy_with_light_rain_night.png" } ], "WindChillC": "12", "WindChillF": "53", "winddir16Point": "NNE", "winddirDegree": "21", "WindGustKmph": "51", "WindGustMiles": "32", "windspeedKmph": "33", "windspeedMiles": "21" }, {"cloudcover": "100", "DewPointC": "12", "DewPointF": "54", "FeelsLikeC": "13", "FeelsLikeF": "55", "HeatIndexC": "15", "HeatIndexF": "59", "humidity": "85", "precipMM": "1.5", "pressure": "1020", "tempC": "14", "tempF": "58", "time": "800", "visibility": "9", "weatherCode": "296",  "weatherDesc": [ {"value": "Light rain" } ],  "weatherIconUrl": [ {"value": "http:\/\/cdn.worldweatheronline.net\/images\/wsymbols01_png_64\/wsymbol_0017_cloudy_with_light_rain.png" } ], "WindChillC": "13", "WindChillF": "55", "winddir16Point": "NNE", "winddirDegree": "23", "WindGustKmph": "44", "WindGustMiles": "27", "windspeedKmph": "37", "windspeedMiles": "23" }, {"cloudcover": "100", "DewPointC": "13", "DewPointF": "55", "FeelsLikeC": "16", "FeelsLikeF": "60", "HeatIndexC": "16", "HeatIndexF": "60", "humidity": "83", "precipMM": "1.1", "pressure": "1021", "tempC": "15", "tempF": "60", "time": "1100", "visibility": "9", "weatherCode": "296",  "weatherDesc": [ {"value": "Light rain" } ],  "weatherIconUrl": [ {"value": "http:\/\/cdn.worldweatheronline.net\/images\/wsymbols01_png_64\/wsymbol_0017_cloudy_with_light_rain.png" } ], "WindChillC": "16", "WindChillF": "60", "winddir16Point": "NNE", "winddirDegree": "24", "WindGustKmph": "42", "WindGustMiles": "26", "windspeedKmph": "37", "windspeedMiles": "23" }, {"cloudcover": "97", "DewPointC": "14", "DewPointF": "57", "FeelsLikeC": "17", "FeelsLikeF": "62", "HeatIndexC": "17", "HeatIndexF": "62", "humidity": "82", "precipMM": "0.9", "pressure": "1020", "tempC": "16", "tempF": "61", "time": "1400", "visibility": "9", "weatherCode": "296",  "weatherDesc": [ {"value": "Light rain" } ],  "weatherIconUrl": [ {"value": "http:\/\/cdn.worldweatheronline.net\/images\/wsymbols01_png_64\/wsymbol_0017_cloudy_with_light_rain.png" } ], "WindChillC": "17", "WindChillF": "62", "winddir16Point": "NNE", "winddirDegree": "25", "WindGustKmph": "44", "WindGustMiles": "28", "windspeedKmph": "39", "windspeedMiles": "24" }, {"cloudcover": "87", "DewPointC": "14", "DewPointF": "56", "FeelsLikeC": "17", "FeelsLikeF": "62", "HeatIndexC": "17", "HeatIndexF": "62", "humidity": "81", "precipMM": "0.6", "pressure": "1021", "tempC": "16", "tempF": "60", "time": "1700", "visibility": "2", "weatherCode": "266",  "weatherDesc": [ {"value": "Light drizzle" } ],  "weatherIconUrl": [ {"value": "http:\/\/cdn.worldweatheronline.net\/images\/wsymbols01_png_64\/wsymbol_0017_cloudy_with_light_rain.png" } ], "WindChillC": "17", "WindChillF": "62", "winddir16Point": "NNE", "winddirDegree": "27", "WindGustKmph": "46", "WindGustMiles": "29", "windspeedKmph": "40", "windspeedMiles": "25" }, {"cloudcover": "98", "DewPointC": "12", "DewPointF": "54", "FeelsLikeC": "15", "FeelsLikeF": "59", "HeatIndexC": "15", "HeatIndexF": "59", "humidity": "81", "precipMM": "0.8", "pressure": "1022", "tempC": "15", "tempF": "59", "time": "2000", "visibility": "9", "weatherCode": "296",  "weatherDesc": [ {"value": "Light rain" } ],  "weatherIconUrl": [ {"value": "http:\/\/cdn.worldweatheronline.net\/images\/wsymbols01_png_64\/wsymbol_0033_cloudy_with_light_rain_night.png" } ], "WindChillC": "15", "WindChillF": "59", "winddir16Point": "NNE", "winddirDegree": "29", "WindGustKmph": "46", "WindGustMiles": "29", "windspeedKmph": "40", "windspeedMiles": "25" }, {"cloudcover": "95", "DewPointC": "11", "DewPointF": "53", "FeelsLikeC": "12", "FeelsLikeF": "54", "HeatIndexC": "15", "HeatIndexF": "58", "humidity": "81", "precipMM": "0.6", "pressure": "1022", "tempC": "15", "tempF": "58", "time": "2300", "visibility": "2", "weatherCode": "266",  "weatherDesc": [ {"value": "Light drizzle" } ],  "weatherIconUrl": [ {"value": "http:\/\/cdn.worldweatheronline.net\/images\/wsymbols01_png_64\/wsymbol_0033_cloudy_with_light_rain_night.png" } ], "WindChillC": "12", "WindChillF": "54", "winddir16Point": "NNE", "winddirDegree": "30", "WindGustKmph": "44", "WindGustMiles": "27", "windspeedKmph": "38", "windspeedMiles": "23" } ], "maxtempC": "16", "maxtempF": "61", "mintempC": "14", "mintempF": "57" } ] }}