{ "data": { "request": [ {"query": "Lat 25.13 and Lon 121.73", "type": "LatLon" } ],  "weather": [ { "astronomy": [ {"moonrise": "10:16 PM", "moonset": "08:27 AM", "sunrise": "05:46 AM", "sunset": "06:09 PM" } ], "date": "2013-03-31",  "hourly": [ {"cloudcover": "83", "DewPointC": "17", "DewPointF": "63", "FeelsLikeC": "19", "FeelsLikeF": "67", "HeatIndexC": "19", "HeatIndexF": "67", "humidity": "88", "precipMM": "0.7", "pressure": "1015", "tempC": "19", "tempF": "67", "time": "200", "visibility": "6", "weatherCode": "266",  "weatherDesc": [ {"value": "Light drizzle" } ],  "weatherIconUrl": [ {"value": "http:\/\/cdn.worldweatheronline.net\/images\/wsymbols01_png_64\/wsymbol_0033_cloudy_with_light_rain_night.png" } ], "WindChillC": "19", "WindChillF": "67", "winddir16Point": "SE", "winddirDegree": "127", "WindGustKmph": "26", "WindGustMiles": "16", "windspeedKmph": "19", "windspeedMiles": "12" }, {"cloudcover": "78", "DewPointC": "16", "DewPointF": "62", "FeelsLikeC": "18", "FeelsLikeF": "65", "HeatIndexC": "18", "HeatIndexF": "65", "humidity": "88", "precipMM": "0.5", "pressure": "1015", "tempC": "18", "tempF": "65", "time": "500", "visibility": "10", "weatherCode": "116",  "weatherDesc": [ {"value": "Partly Cloudy" } ],  "weatherIconUrl": [ {"value": "http:\/\/cdn.worldweatheronline.net\/images\/wsymbols01_png_64\/wsymbol_0004_black_low_cloud.png" } ], "WindChillC": "18", "WindChillF": "65", "winddir16Point": "SE", "winddirDegree": "127", "WindGustKmph": "30", "WindGustMiles": "19", "windspeedKmph": "19", "windspeedMiles": "12" }, {"cloudcover": "84", "DewPointC": "18", "DewPointF": "64", "FeelsLikeC": "20", "FeelsLikeF": "68", "HeatIndexC": "21", "HeatIndexF": "70", "humidity": "86", "precipMM": "0.8", "pressure": "1016", "tempC": "19", "tempF": "67", "time": "800", "visibility": "7", "weatherCode": "116",  "weatherDesc": [ {"value": "Partly Cloudy" } ],  "weatherIconUrl": [ {"value": "http:\/\/cdn.worldweatheronline.net\/images\/wsymbols01_png_64\/wsymbol_0002_sunny_intervals.png" } ], "WindChillC": "20", "WindChillF": "68", "winddir16Point": "SE", "winddirDegree": "130", "WindGustKmph": "26", "WindGustMiles": "16", "windspeedKmph": "20", "windspeedMiles": "13" }, {"cloudcover": "78", "DewPointC": "19", "DewPointF": "67", "FeelsLikeC": "22", "FeelsLikeF": "72", "HeatIndexC": "24", "HeatIndexF": "75", "humidity": "83", "precipMM": "1.0", "pressure": "1017", "tempC": "21", "tempF": "70", "time": "1100", "visibility": "7", "weatherCode": "116",  "weatherDesc": [ {"value": "Partly Cloudy" } ],  "weatherIconUrl": [ {"value": "http:\/\/cdn.worldweatheronline.net\/images\/wsymbols01_png_64\/wsymbol_0002_sunny_intervals.png" } ], "WindChillC": "22", "WindChillF": "72", "winddir16Point": "NE", "winddirDegree": "53", "WindGustKmph": "26", "WindGustMiles": "16", "windspeedKmph": "23", "windspeedMiles": "14" }, {"cloudcover": "77", "DewPointC": "20", "DewPointF": "68", "FeelsLikeC": "26", "FeelsLikeF": "79", "HeatIndexC": "26", "HeatIndexF": "79", "humidity": "81", "precipMM": "0.2", "pressure": "1015", "tempC": "23", "tempF": "73", "time": "1400", "visibility": "8", "weatherCode": "116",  "weatherDesc": [ {"value": "Partly Cloudy" } ],  "weatherIconUrl": [ {"value": "http:\/\/cdn.worldweatheronline.net\/images\/wsymbols01_png_64\/wsymbol_0002_sunny_intervals.png" } ], "WindChillC": "24", "WindChillF": "75", "winddir16Point": "NE", "winddirDegree": "53", "WindGustKmph": "28", "WindGustMiles": "17", "windspeedKmph": "24", "windspeedMiles": "15" }, {"cloudcover": "75", "DewPointC": "20", "DewPointF": "69", "FeelsLikeC": "25", "FeelsLikeF": "77", "HeatIndexC": "25", "HeatIndexF": "77", "humidity": "83", "precipMM": "0.1", "pressure": "1015", "tempC": "22", "tempF": "72", "time": "1700", "visibility": "8", "weatherCode": "116",  "weatherDesc": [ {"value": "Partly Cloudy" } ],  "weatherIconUrl": [ {"value": "http:\/\/cdn.worldweatheronline.net\/images\/wsymbols01_png_64\/wsymbol_0002_sunny_intervals.png" } ], "WindChillC": "23", "WindChillF": "74", "winddir16Point": "ENE", "winddirDegree": "60", "WindGustKmph": "27", "WindGustMiles": "17", "windspeedKmph": "23", "windspeedMiles": "14" }, {"cloudcover": "69", "DewPointC": "18", "DewPointF": "65", "FeelsLikeC": "21", "FeelsLikeF": "70", "HeatIndexC": "22", "HeatIndexF": "71", "humidity": "85", "precipMM": "0.2", "pressure": "1016", "tempC": "21", "tempF": "70", "time": "2000", "visibility": "8", "weatherCode": "116",  "weatherDesc": [ {"value": "Partly Cloudy" } ],  "weatherIconUrl": [ {"value": "http:\/\/cdn.worldweatheronline.net\/images\/wsymbols01_png_64\/wsymbol_0004_black_low_cloud.png" } ], "WindChillC": "21", "WindChillF": "70", "winddir16Point": "ENE", "winddirDegree": "74", "WindGustKmph": "25", "WindGustMiles": "16", "windspeedKmph": "21", "windspeedMiles": "13" }, {"cloudcover": "55", "DewPointC": "17", "DewPointF": "63", "FeelsLikeC": "20", "FeelsLikeF": "68", "HeatIndexC": "21", "HeatIndexF": "69", "humidity": "85", "precipMM": "0.1", "pressure": "1016", "tempC": "20", "tempF": "68", "time": "2300", "visibility": "10", "weatherCode": "116",  "weatherDesc": [ {"value": "Partly Cloudy" } ],  "weatherIconUrl": [ {"value": "http:\/\/cdn.worldweatheronline.net\/images\/wsymbols01_png_64\/wsymbol_0004_black_low_cloud.png" } ], "WindChillC": "20", "WindChillF": "68", "winddir16Point": "E", "winddirDegree": "91", "WindGustKmph": "19", "WindGustMiles": "12", "windspeedKmph": "15", "windspeedMiles": "9" } ], "maxtempC": "23", "maxtempF": "73", "mintempC": "18", "mintempF": "65" } ] }}