{ "data": { "request": [ {"query": "Lat 25.13 and Lon 121.73", "type": "LatLon" } ],  "weather": [ { "astronomy": [ {"moonrise": "08:45 PM", "moonset": "08:55 AM", "sunrise": "06:38 AM", "sunset": "05:15 PM" } ], "date": "2013-01-01",  "hourly": [ {"cloudcover": "76", "DewPointC": "10", "DewPointF": "50", "FeelsLikeC": "11", "FeelsLikeF": "52", "HeatIndexC": "13", "HeatIndexF": "56", "humidity": "82", "precipMM": "0.1", "pressure": "1021", "tempC": "13", "tempF": "56", "time": "200", "visibility": "10", "weatherCode": "119",  "weatherDesc": [ {"value": "Cloudy" } ],  "weatherIconUrl": [ {"value": "http:\/\/cdn.worldweatheronline.net\/images\/wsymbols01_png_64\/wsymbol_0004_black_low_cloud.png" } ], "WindChillC": "11", "WindChillF": "52", "winddir16Point": "ENE", "winddirDegree": "61", "WindGustKmph": "30", "WindGustMiles": "18", "windspeedKmph": "26", "windspeedMiles": "16" }, {"cloudcover": "77", "DewPointC": "10", "DewPointF": "50", "FeelsLikeC": "11", "FeelsLikeF": "52", "HeatIndexC": "13", "HeatIndexF": "56", "humidity": "82", "precipMM": "0.2", "pressure": "1021", "tempC": "13", "tempF": "56", "time": "500", "visibility": "2", "weatherCode": "266",  "weatherDesc": [ {"value": "Light drizzle" } ],  "weatherIconUrl": [ {"value": "http:\/\/cdn.worldweatheronline.net\/images\/wsymbols01_png_64\/wsymbol_0033_cloudy_with_light_rain_night.png" } ], "WindChillC": "11", "WindChillF": "52", "winddir16Point": "ENE", "winddirDegree": "68", "WindGustKmph": "34", "WindGustMiles": "21", "windspeedKmph": "26", "windspeedMiles": "16" }, {"cloudcover": "88", "DewPointC": "11", "DewPointF": "52", "FeelsLikeC": "13", "FeelsLikeF": "55", "HeatIndexC": "15", "HeatIndexF": "58", "humidity": "80", "precipMM": "0.2", "pressure": "1022", "tempC": "14", "tempF": "57", "time": "800", "visibility": "10", "weatherCode": "353",  "weatherDesc": [ {"value": "Light rain shower" } ],  "weatherIconUrl": [ {"value": "http:\/\/cdn.worldweatheronline.net\/images\/wsymbols01_png_64\/wsymbol_0009_light_rain_showers.png" } ], "WindChillC": "13", "WindChillF": "55", "winddir16Point": "ENE", "winddirDegree": "75", "WindGustKmph": "29", "WindGustMiles": "18", "windspeedKmph": "25", "windspeedMiles": "16" }, {"cloudcover": "86", "DewPointC": "12", "DewPointF": "54", "FeelsLikeC": "17", "FeelsLikeF": "62", "HeatIndexC": "17", "HeatIndexF": "62", "humidity": "76", "precipMM": "0.2", "pressure": "1022", "tempC": "15", "tempF": "60", "time": "1100", "visibility": "10", "weatherCode": "353",  "weatherDesc": [ {"value": "Light rain shower" } ],  "weatherIconUrl": [ {"value": "http:\/\/cdn.worldweatheronline.net\/images\/wsymbols01_png_64\/wsymbol_0009_light_rain_showers.png" } ], "WindChillC": "17", "WindChillF": "62", "winddir16Point": "ENE", "winddirDegree": "78", "WindGustKmph": "28", "WindGustMiles": "17", "windspeedKmph": "24", "windspeedMiles": "15" }, {"cloudcover": "99", "DewPointC": "13", "DewPointF": "56", "FeelsLikeC": "17", "FeelsLikeF": "63", "HeatIndexC": "17", "HeatIndexF": "63", "humidity": "79", "precipMM": "0.5", "pressure": "1021", "tempC": "16", "tempF": "61", "time": "1400", "visibility": "2", "weatherCode": "266",  "weatherDesc": [ {"value": "Light drizzle" } ],  "weatherIconUrl": [ {"value": "http:\/\/cdn.worldweatheronline.net\/images\/wsymbols01_png_64\/wsymbol_0017_cloudy_with_light_rain.png" } ], "WindChillC": "17", "WindChillF": "63", "winddir16Point": "ENE", "winddirDegree": "72", "WindGustKmph": "28", "WindGustMiles": "17", "windspeedKmph": "24", "windspeedMiles": "15" }, {"cloudcover": "98", "DewPointC": "13", "DewPointF": "56", "FeelsLikeC": "16", "FeelsLikeF": "62", "HeatIndexC": "16", "HeatIndexF": "62", "humidity": "82", "precipMM": "1.2", "pressure": "1021", "tempC": "16", "tempF": "61", "time": "1700", "visibility": "9", "weatherCode": "296",  "weatherDesc": [ {"value": "Light rain" } ],  "weatherIconUrl": [ {"value": "http:\/\/cdn.worldweatheronline.net\/images\/wsymbols01_png_64\/wsymbol_0017_cloudy_with_light_rain.png" } ], "WindChillC": "16", "WindChillF": "62", "winddir16Point": "ENE", "winddirDegree": "70", "WindGustKmph": "28", "WindGustMiles": "17", "windspeedKmph": "24", "windspeedMiles": "15" }, {"cloudcover": "91", "DewPointC": "12", "DewPointF": "54", "FeelsLikeC": "13", "FeelsLikeF": "56", "HeatIndexC": "15", "HeatIndexF": "59", "humidity": "82", "precipMM": "1.1", "pressure": "1021", "tempC": "15", "tempF": "59", "time": "2000", "visibility": "9", "weatherCode": "296",  "weatherDesc": [ {"value": "Light rain" } ],  "weatherIconUrl": [ {"value": "http:\/\/cdn.worldweatheronline.net\/images\/wsymbols01_png_64\/wsymbol_0033_cloudy_with_light_rain_night.png" } ], "WindChillC": "13", "WindChillF": "56", "winddir16Point": "E", "winddirDegree": "86", "WindGustKmph": "38", "WindGustMiles": "23", "windspeedKmph": "25", "windspeedMiles": "15" }, {"cloudcover": "81", "DewPointC": "11", "DewPointF": "52", "FeelsLikeC": "13", "FeelsLikeF": "55", "HeatIndexC": "14", "HeatIndexF": "58", "humidity": "81", "precipMM": "0.3", "pressure": "1021", "tempC": "14", "tempF": "58", "time": "2300", "visibility": "2", "weatherCode": "266",  "weatherDesc": [ {"value": "Light drizzle" } ],  "weatherIconUrl": [ {"value": "http:\/\/cdn.worldweatheronline.net\/images\/wsymbols01_png_64\/wsymbol_0033_cloudy_with_light_rain_night.png" } ], "WindChillC": "13", "WindChillF": "55", "winddir16Point": "ESE", "winddirDegree": "102", "WindGustKmph": "48", "WindGustMiles": "30", "windspeedKmph": "24", "windspeedMiles": "15" } ], "maxtempC": "16", "maxtempF": "61", "mintempC": "13", "mintempF": "56" } ] }}