{ "data": { "request": [ {"query": "Lat 25.13 and Lon 121.73", "type": "LatLon" } ],  "weather": [ { "astronomy": [ {"moonrise": "10:20 PM", "moonset": "08:51 AM", "sunrise": "06:15 AM", "sunset": "05:56 PM" } ], "date": "2013-03-02",  "hourly": [ {"cloudcover": "98", "DewPointC": "11", "DewPointF": "51", "FeelsLikeC": "10", "FeelsLikeF": "50", "HeatIndexC": "13", "HeatIndexF": "56", "humidity": "85", "precipMM": "0.9", "pressure": "1022", "tempC": "13", "tempF": "56", "time": "200", "visibility": "9", "weatherCode": "296",  "weatherDesc": [ {"value": "Light rain" } ],  "weatherIconUrl": [ {"value": "http:\/\/cdn.worldweatheronline.net\/images\/wsymbols01_png_64\/wsymbol_0033_cloudy_with_light_rain_night.png" } ], "WindChillC": "10", "WindChillF": "50", "winddir16Point": "NNE", "winddirDegree": "27", "WindGustKmph": "55", "WindGustMiles": "34", "windspeedKmph": "40", "windspeedMiles": "25" }, {"cloudcover": "89", "DewPointC": "11", "DewPointF": "51", "FeelsLikeC": "10", "FeelsLikeF": "50", "HeatIndexC": "13", "HeatIndexF": "56", "humidity": "85", "precipMM": "0.7", "pressure": "1022", "tempC": "13", "tempF": "56", "time": "500", "visibility": "2", "weatherCode": "266",  "weatherDesc": [ {"value": "Light drizzle" } ],  "weatherIconUrl": [ {"value": "http:\/\/cdn.worldweatheronline.net\/images\/wsymbols01_png_64\/wsymbol_0033_cloudy_with_light_rain_night.png" } ], "WindChillC": "10", "WindChillF": "50", "winddir16Point": "NNE", "winddirDegree": "30", "WindGustKmph": "51", "WindGustMiles": "32", "windspeedKmph": "41", "windspeedMiles": "25" }, {"cloudcover": "96", "DewPointC": "12", "DewPointF": "53", "FeelsLikeC": "12", "FeelsLikeF": "53", "HeatIndexC": "14", "HeatIndexF": "58", "humidity": "84", "precipMM": "0.8", "pressure": "1025", "tempC": "13", "tempF": "56", "time": "800", "visibility": "9", "weatherCode": "296",  "weatherDesc": [ {"value": "Light rain" } ],  "weatherIconUrl": [ {"value": "http:\/\/cdn.worldweatheronline.net\/images\/wsymbols01_png_64\/wsymbol_0017_cloudy_with_light_rain.png" } ], "WindChillC": "12", "WindChillF": "53", "winddir16Point": "NNE", "winddirDegree": "29", "WindGustKmph": "44", "WindGustMiles": "27", "windspeedKmph": "38", "windspeedMiles": "24" }, {"cloudcover": "97", "DewPointC": "12", "DewPointF": "53", "FeelsLikeC": "12", "FeelsLikeF": "54", "HeatIndexC": "14", "HeatIndexF": "58", "humidity": "83", "precipMM": "0.6", "pressure": "1025", "tempC": "14", "tempF": "57", "time": "1100", "visibility": "2", "weatherCode": "266",  "weatherDesc": [ {"value": "Light drizzle" } ],  "weatherIconUrl": [ {"value": "http:\/\/cdn.worldweatheronline.net\/images\/wsymbols01_png_64\/wsymbol_0017_cloudy_with_light_rain.png" } ], "WindChillC": "12", "WindChillF": "54", "winddir16Point": "NNE", "winddirDegree": "30", "WindGustKmph": "43", "WindGustMiles": "27", "windspeedKmph": "37", "windspeedMiles": "23" }, {"cloudcover": "87", "DewPointC": "12", "DewPointF": "53", "FeelsLikeC": "13", "FeelsLikeF": "55", "HeatIndexC": "15", "HeatIndexF": "59", "humidity": "81", "precipMM": "0.3", "pressure": "1024", "tempC": "15", "tempF": "58", "time": "1400", "visibility": "2", "weatherCode": "266",  "weatherDesc": [ {"value": "Light drizzle" } ],  "weatherIconUrl": [ {"value": "http:\/\/cdn.worldweatheronline.net\/images\/wsymbols01_png_64\/wsymbol_0017_cloudy_with_light_rain.png" } ], "WindChillC": "13", "WindChillF": "55", "winddir16Point": "NNE", "winddirDegree": "26", "WindGustKmph": "42", "WindGustMiles": "26", "windspeedKmph": "37", "windspeedMiles": "23" }, {"cloudcover": "86", "DewPointC": "12", "DewPointF": "54", "FeelsLikeC": "15", "FeelsLikeF": "59", "HeatIndexC": "15", "HeatIndexF": "59", "humidity": "82", "precipMM": "0.3", "pressure": "1025", "tempC": "14", "tempF": "58", "time": "1700", "visibility": "2", "weatherCode": "266",  "weatherDesc": [ {"value": "Light drizzle" } ],  "weatherIconUrl": [ {"value": "http:\/\/cdn.worldweatheronline.net\/images\/wsymbols01_png_64\/wsymbol_0017_cloudy_with_light_rain.png" } ], "WindChillC": "15", "WindChillF": "59", "winddir16Point": "NNE", "winddirDegree": "26", "WindGustKmph": "40", "WindGustMiles": "25", "windspeedKmph": "35", "windspeedMiles": "22" }, {"cloudcover": "90", "DewPointC": "11", "DewPointF": "52", "FeelsLikeC": "12", "FeelsLikeF": "53", "HeatIndexC": "14", "HeatIndexF": "57", "humidity": "82", "precipMM": "0.3", "pressure": "1025", "tempC": "14", "tempF": "57", "time": "2000", "visibility": "2", "weatherCode": "266",  "weatherDesc": [ {"value": "Light drizzle" } ],  "weatherIconUrl": [ {"value": "http:\/\/cdn.worldweatheronline.net\/images\/wsymbols01_png_64\/wsymbol_0033_cloudy_with_light_rain_night.png" } ], "WindChillC": "12", "WindChillF": "53", "winddir16Point": "NNE", "winddirDegree": "28", "WindGustKmph": "39", "WindGustMiles": "24", "windspeedKmph": "34", "windspeedMiles": "21" }, {"cloudcover": "89", "DewPointC": "10", "DewPointF": "51", "FeelsLikeC": "11", "FeelsLikeF": "52", "HeatIndexC": "14", "HeatIndexF": "56", "humidity": "80", "precipMM": "0.3", "pressure": "1025", "tempC": "14", "tempF": "56", "time": "2300", "visibility": "2", "weatherCode": "266",  "weatherDesc": [ {"value": "Light drizzle" } ],  "weatherIconUrl": [ {"value": "http:\/\/cdn.worldweatheronline.net\/images\/wsymbols01_png_64\/wsymbol_0033_cloudy_with_light_rain_night.png" } ], "WindChillC": "11", "WindChillF": "52", "winddir16Point": "NNE", "winddirDegree": "26", "WindGustKmph": "37", "WindGustMiles": "23", "windspeedKmph": "32", "windspeedMiles": "20" } ], "maxtempC": "15", "maxtempF": "58", "mintempC": "13", "mintempF": "56" } ] }}