{ "data": { "request": [ {"query": "Lat 25.13 and Lon 121.73", "type": "LatLon" } ],  "weather": [ { "astronomy": [ {"moonrise": "05:44 AM", "moonset": "04:55 PM", "sunrise": "06:40 AM", "sunset": "05:22 PM" } ], "date": "2013-01-11",  "hourly": [ {"cloudcover": "95", "DewPointC": "13", "DewPointF": "55", "FeelsLikeC": "16", "FeelsLikeF": "60", "HeatIndexC": "16", "HeatIndexF": "60", "humidity": "84", "precipMM": "0.8", "pressure": "1023", "tempC": "16", "tempF": "60", "time": "200", "visibility": "9", "weatherCode": "296",  "weatherDesc": [ {"value": "Light rain" } ],  "weatherIconUrl": [ {"value": "http:\/\/cdn.worldweatheronline.net\/images\/wsymbols01_png_64\/wsymbol_0033_cloudy_with_light_rain_night.png" } ], "WindChillC": "16", "WindChillF": "60", "winddir16Point": "ENE", "winddirDegree": "57", "WindGustKmph": "39", "WindGustMiles": "24", "windspeedKmph": "34", "windspeedMiles": "21" }, {"cloudcover": "89", "DewPointC": "12", "DewPointF": "54", "FeelsLikeC": "13", "FeelsLikeF": "55", "HeatIndexC": "15", "HeatIndexF": "59", "humidity": "83", "precipMM": "0.4", "pressure": "1022", "tempC": "15", "tempF": "59", "time": "500", "visibility": "2", "weatherCode": "266",  "weatherDesc": [ {"value": "Light drizzle" } ],  "weatherIconUrl": [ {"value": "http:\/\/cdn.worldweatheronline.net\/images\/wsymbols01_png_64\/wsymbol_0033_cloudy_with_light_rain_night.png" } ], "WindChillC": "13", "WindChillF": "55", "winddir16Point": "ENE", "winddirDegree": "60", "WindGustKmph": "44", "WindGustMiles": "28", "windspeedKmph": "33", "windspeedMiles": "21" }, {"cloudcover": "81", "DewPointC": "13", "DewPointF": "55", "FeelsLikeC": "16", "FeelsLikeF": "61", "HeatIndexC": "16", "HeatIndexF": "61", "humidity": "82", "precipMM": "0.3", "pressure": "1023", "tempC": "16", "tempF": "60", "time": "800", "visibility": "2", "weatherCode": "266",  "weatherDesc": [ {"value": "Light drizzle" } ],  "weatherIconUrl": [ {"value": "http:\/\/cdn.worldweatheronline.net\/images\/wsymbols01_png_64\/wsymbol_0017_cloudy_with_light_rain.png" } ], "WindChillC": "16", "WindChillF": "61", "winddir16Point": "ENE", "winddirDegree": "64", "WindGustKmph": "38", "WindGustMiles": "24", "windspeedKmph": "31", "windspeedMiles": "19" }, {"cloudcover": "73", "DewPointC": "15", "DewPointF": "59", "FeelsLikeC": "18", "FeelsLikeF": "65", "HeatIndexC": "18", "HeatIndexF": "65", "humidity": "80", "precipMM": "0.3", "pressure": "1023", "tempC": "17", "tempF": "63", "time": "1100", "visibility": "5", "weatherCode": "263",  "weatherDesc": [ {"value": "Patchy light drizzle" } ],  "weatherIconUrl": [ {"value": "http:\/\/cdn.worldweatheronline.net\/images\/wsymbols01_png_64\/wsymbol_0009_light_rain_showers.png" } ], "WindChillC": "18", "WindChillF": "65", "winddir16Point": "ENE", "winddirDegree": "76", "WindGustKmph": "33", "WindGustMiles": "21", "windspeedKmph": "29", "windspeedMiles": "18" }, {"cloudcover": "81", "DewPointC": "16", "DewPointF": "60", "FeelsLikeC": "19", "FeelsLikeF": "66", "HeatIndexC": "19", "HeatIndexF": "66", "humidity": "81", "precipMM": "0.2", "pressure": "1020", "tempC": "18", "tempF": "65", "time": "1400", "visibility": "2", "weatherCode": "266",  "weatherDesc": [ {"value": "Light drizzle" } ],  "weatherIconUrl": [ {"value": "http:\/\/cdn.worldweatheronline.net\/images\/wsymbols01_png_64\/wsymbol_0017_cloudy_with_light_rain.png" } ], "WindChillC": "19", "WindChillF": "66", "winddir16Point": "ENE", "winddirDegree": "78", "WindGustKmph": "31", "WindGustMiles": "19", "windspeedKmph": "27", "windspeedMiles": "17" }, {"cloudcover": "95", "DewPointC": "15", "DewPointF": "60", "FeelsLikeC": "18", "FeelsLikeF": "65", "HeatIndexC": "18", "HeatIndexF": "65", "humidity": "84", "precipMM": "0.3", "pressure": "1021", "tempC": "18", "tempF": "64", "time": "1700", "visibility": "2", "weatherCode": "266",  "weatherDesc": [ {"value": "Light drizzle" } ],  "weatherIconUrl": [ {"value": "http:\/\/cdn.worldweatheronline.net\/images\/wsymbols01_png_64\/wsymbol_0017_cloudy_with_light_rain.png" } ], "WindChillC": "18", "WindChillF": "65", "winddir16Point": "ENE", "winddirDegree": "77", "WindGustKmph": "30", "WindGustMiles": "19", "windspeedKmph": "26", "windspeedMiles": "16" }, {"cloudcover": "100", "DewPointC": "15", "DewPointF": "59", "FeelsLikeC": "17", "FeelsLikeF": "63", "HeatIndexC": "17", "HeatIndexF": "63", "humidity": "87", "precipMM": "0.6", "pressure": "1021", "tempC": "17", "tempF": "63", "time": "2000", "visibility": "2", "weatherCode": "266",  "weatherDesc": [ {"value": "Light drizzle" } ],  "weatherIconUrl": [ {"value": "http:\/\/cdn.worldweatheronline.net\/images\/wsymbols01_png_64\/wsymbol_0033_cloudy_with_light_rain_night.png" } ], "WindChillC": "17", "WindChillF": "63", "winddir16Point": "ENE", "winddirDegree": "70", "WindGustKmph": "37", "WindGustMiles": "23", "windspeedKmph": "26", "windspeedMiles": "16" }, {"cloudcover": "95", "DewPointC": "14", "DewPointF": "57", "FeelsLikeC": "16", "FeelsLikeF": "61", "HeatIndexC": "16", "HeatIndexF": "61", "humidity": "87", "precipMM": "0.6", "pressure": "1021", "tempC": "16", "tempF": "61", "time": "2300", "visibility": "2", "weatherCode": "266",  "weatherDesc": [ {"value": "Light drizzle" } ],  "weatherIconUrl": [ {"value": "http:\/\/cdn.worldweatheronline.net\/images\/wsymbols01_png_64\/wsymbol_0033_cloudy_with_light_rain_night.png" } ], "WindChillC": "16", "WindChillF": "61", "winddir16Point": "ENE", "winddirDegree": "72", "WindGustKmph": "42", "WindGustMiles": "26", "windspeedKmph": "24", "windspeedMiles": "15" } ], "maxtempC": "18", "maxtempF": "65", "mintempC": "15", "mintempF": "59" } ] }}