{ "data": { "request": [ {"query": "Lat 25.13 and Lon 121.73", "type": "LatLon" } ],  "weather": [ { "astronomy": [ {"moonrise": "09:35 AM", "moonset": "11:17 PM", "sunrise": "05:30 AM", "sunset": "06:16 PM" } ], "date": "2013-04-16",  "hourly": [ {"cloudcover": "12", "DewPointC": "20", "DewPointF": "67", "FeelsLikeC": "22", "FeelsLikeF": "71", "HeatIndexC": "24", "HeatIndexF": "76", "humidity": "88", "precipMM": "0.0", "pressure": "1009", "tempC": "22", "tempF": "71", "time": "200", "visibility": "10", "weatherCode": "113",  "weatherDesc": [ {"value": "Clear" } ],  "weatherIconUrl": [ {"value": "http:\/\/cdn.worldweatheronline.net\/images\/wsymbols01_png_64\/wsymbol_0008_clear_sky_night.png" } ], "WindChillC": "22", "WindChillF": "71", "winddir16Point": "SSE", "winddirDegree": "161", "WindGustKmph": "21", "WindGustMiles": "13", "windspeedKmph": "14", "windspeedMiles": "9" }, {"cloudcover": "5", "DewPointC": "19", "DewPointF": "65", "FeelsLikeC": "21", "FeelsLikeF": "69", "HeatIndexC": "21", "HeatIndexF": "69", "humidity": "89", "precipMM": "0.0", "pressure": "1009", "tempC": "21", "tempF": "69", "time": "500", "visibility": "10", "weatherCode": "113",  "weatherDesc": [ {"value": "Clear" } ],  "weatherIconUrl": [ {"value": "http:\/\/cdn.worldweatheronline.net\/images\/wsymbols01_png_64\/wsymbol_0008_clear_sky_night.png" } ], "WindChillC": "21", "WindChillF": "69", "winddir16Point": "SSW", "winddirDegree": "194", "WindGustKmph": "16", "WindGustMiles": "10", "windspeedKmph": "9", "windspeedMiles": "6" }, {"cloudcover": "4", "DewPointC": "20", "DewPointF": "69", "FeelsLikeC": "24", "FeelsLikeF": "74", "HeatIndexC": "26", "HeatIndexF": "78", "humidity": "82", "precipMM": "0.0", "pressure": "1009", "tempC": "22", "tempF": "71", "time": "800", "visibility": "10", "weatherCode": "113",  "weatherDesc": [ {"value": "Sunny" } ],  "weatherIconUrl": [ {"value": "http:\/\/cdn.worldweatheronline.net\/images\/wsymbols01_png_64\/wsymbol_0001_sunny.png" } ], "WindChillC": "24", "WindChillF": "74", "winddir16Point": "SW", "winddirDegree": "231", "WindGustKmph": "5", "WindGustMiles": "3", "windspeedKmph": "5", "windspeedMiles": "3" }, {"cloudcover": "9", "DewPointC": "22", "DewPointF": "71", "FeelsLikeC": "29", "FeelsLikeF": "84", "HeatIndexC": "29", "HeatIndexF": "84", "humidity": "75", "precipMM": "0.0", "pressure": "1010", "tempC": "24", "tempF": "76", "time": "1100", "visibility": "10", "weatherCode": "113",  "weatherDesc": [ {"value": "Sunny" } ],  "weatherIconUrl": [ {"value": "http:\/\/cdn.worldweatheronline.net\/images\/wsymbols01_png_64\/wsymbol_0001_sunny.png" } ], "WindChillC": "26", "WindChillF": "80", "winddir16Point": "W", "winddirDegree": "264", "WindGustKmph": "3", "WindGustMiles": "2", "windspeedKmph": "2", "windspeedMiles": "1" }, {"cloudcover": "4", "DewPointC": "24", "DewPointF": "75", "FeelsLikeC": "33", "FeelsLikeF": "92", "HeatIndexC": "33", "HeatIndexF": "92", "humidity": "76", "precipMM": "0.0", "pressure": "1008", "tempC": "26", "tempF": "80", "time": "1400", "visibility": "10", "weatherCode": "113",  "weatherDesc": [ {"value": "Sunny" } ],  "weatherIconUrl": [ {"value": "http:\/\/cdn.worldweatheronline.net\/images\/wsymbols01_png_64\/wsymbol_0001_sunny.png" } ], "WindChillC": "29", "WindChillF": "83", "winddir16Point": "ENE", "winddirDegree": "59", "WindGustKmph": "4", "WindGustMiles": "2", "windspeedKmph": "3", "windspeedMiles": "2" }, {"cloudcover": "9", "DewPointC": "24", "DewPointF": "76", "FeelsLikeC": "32", "FeelsLikeF": "90", "HeatIndexC": "32", "HeatIndexF": "90", "humidity": "82", "precipMM": "0.0", "pressure": "1007", "tempC": "25", "tempF": "78", "time": "1700", "visibility": "10", "weatherCode": "113",  "weatherDesc": [ {"value": "Sunny" } ],  "weatherIconUrl": [ {"value": "http:\/\/cdn.worldweatheronline.net\/images\/wsymbols01_png_64\/wsymbol_0001_sunny.png" } ], "WindChillC": "28", "WindChillF": "82", "winddir16Point": "ESE", "winddirDegree": "112", "WindGustKmph": "11", "WindGustMiles": "7", "windspeedKmph": "9", "windspeedMiles": "6" }, {"cloudcover": "37", "DewPointC": "22", "DewPointF": "72", "FeelsLikeC": "26", "FeelsLikeF": "79", "HeatIndexC": "26", "HeatIndexF": "79", "humidity": "90", "precipMM": "0.1", "pressure": "1008", "tempC": "24", "tempF": "75", "time": "2000", "visibility": "10", "weatherCode": "116",  "weatherDesc": [ {"value": "Partly Cloudy" } ],  "weatherIconUrl": [ {"value": "http:\/\/cdn.worldweatheronline.net\/images\/wsymbols01_png_64\/wsymbol_0004_black_low_cloud.png" } ], "WindChillC": "24", "WindChillF": "75", "winddir16Point": "ESE", "winddirDegree": "120", "WindGustKmph": "9", "WindGustMiles": "6", "windspeedKmph": "7", "windspeedMiles": "4" }, {"cloudcover": "44", "DewPointC": "21", "DewPointF": "70", "FeelsLikeC": "25", "FeelsLikeF": "77", "HeatIndexC": "25", "HeatIndexF": "77", "humidity": "92", "precipMM": "0.0", "pressure": "1008", "tempC": "23", "tempF": "73", "time": "2300", "visibility": "10", "weatherCode": "116",  "weatherDesc": [ {"value": "Partly Cloudy" } ],  "weatherIconUrl": [ {"value": "http:\/\/cdn.worldweatheronline.net\/images\/wsymbols01_png_64\/wsymbol_0004_black_low_cloud.png" } ], "WindChillC": "23", "WindChillF": "73", "winddir16Point": "SE", "winddirDegree": "131", "WindGustKmph": "12", "WindGustMiles": "8", "windspeedKmph": "8", "windspeedMiles": "5" } ], "maxtempC": "26", "maxtempF": "80", "mintempC": "21", "mintempF": "69" } ] }}