{ "data": { "request": [ {"query": "Lat 25.13 and Lon 121.73", "type": "LatLon" } ],  "weather": [ { "astronomy": [ {"moonrise": "03:18 AM", "moonset": "03:24 PM", "sunrise": "05:39 AM", "sunset": "06:12 PM" } ], "date": "2013-04-07",  "hourly": [ {"cloudcover": "67", "DewPointC": "8", "DewPointF": "46", "FeelsLikeC": "12", "FeelsLikeF": "54", "HeatIndexC": "14", "HeatIndexF": "58", "humidity": "66", "precipMM": "0.1", "pressure": "1013", "tempC": "14", "tempF": "58", "time": "200", "visibility": "10", "weatherCode": "119",  "weatherDesc": [ {"value": "Cloudy" } ],  "weatherIconUrl": [ {"value": "http:\/\/cdn.worldweatheronline.net\/images\/wsymbols01_png_64\/wsymbol_0004_black_low_cloud.png" } ], "WindChillC": "12", "WindChillF": "54", "winddir16Point": "NNE", "winddirDegree": "15", "WindGustKmph": "43", "WindGustMiles": "27", "windspeedKmph": "32", "windspeedMiles": "20" }, {"cloudcover": "16", "DewPointC": "8", "DewPointF": "46", "FeelsLikeC": "12", "FeelsLikeF": "53", "HeatIndexC": "14", "HeatIndexF": "57", "humidity": "64", "precipMM": "0.0", "pressure": "1014", "tempC": "14", "tempF": "57", "time": "500", "visibility": "10", "weatherCode": "113",  "weatherDesc": [ {"value": "Clear" } ],  "weatherIconUrl": [ {"value": "http:\/\/cdn.worldweatheronline.net\/images\/wsymbols01_png_64\/wsymbol_0008_clear_sky_night.png" } ], "WindChillC": "12", "WindChillF": "53", "winddir16Point": "NNE", "winddirDegree": "23", "WindGustKmph": "39", "WindGustMiles": "24", "windspeedKmph": "31", "windspeedMiles": "19" }, {"cloudcover": "8", "DewPointC": "8", "DewPointF": "46", "FeelsLikeC": "15", "FeelsLikeF": "59", "HeatIndexC": "15", "HeatIndexF": "59", "humidity": "61", "precipMM": "0.0", "pressure": "1016", "tempC": "14", "tempF": "58", "time": "800", "visibility": "10", "weatherCode": "113",  "weatherDesc": [ {"value": "Sunny" } ],  "weatherIconUrl": [ {"value": "http:\/\/cdn.worldweatheronline.net\/images\/wsymbols01_png_64\/wsymbol_0001_sunny.png" } ], "WindChillC": "15", "WindChillF": "59", "winddir16Point": "NE", "winddirDegree": "34", "WindGustKmph": "34", "WindGustMiles": "21", "windspeedKmph": "30", "windspeedMiles": "18" }, {"cloudcover": "5", "DewPointC": "8", "DewPointF": "46", "FeelsLikeC": "16", "FeelsLikeF": "60", "HeatIndexC": "16", "HeatIndexF": "60", "humidity": "60", "precipMM": "0.0", "pressure": "1017", "tempC": "15", "tempF": "59", "time": "1100", "visibility": "10", "weatherCode": "113",  "weatherDesc": [ {"value": "Sunny" } ],  "weatherIconUrl": [ {"value": "http:\/\/cdn.worldweatheronline.net\/images\/wsymbols01_png_64\/wsymbol_0001_sunny.png" } ], "WindChillC": "16", "WindChillF": "60", "winddir16Point": "NE", "winddirDegree": "40", "WindGustKmph": "35", "WindGustMiles": "22", "windspeedKmph": "30", "windspeedMiles": "19" }, {"cloudcover": "9", "DewPointC": "9", "DewPointF": "47", "FeelsLikeC": "16", "FeelsLikeF": "61", "HeatIndexC": "16", "HeatIndexF": "61", "humidity": "61", "precipMM": "0.0", "pressure": "1016", "tempC": "15", "tempF": "59", "time": "1400", "visibility": "10", "weatherCode": "113",  "weatherDesc": [ {"value": "Sunny" } ],  "weatherIconUrl": [ {"value": "http:\/\/cdn.worldweatheronline.net\/images\/wsymbols01_png_64\/wsymbol_0001_sunny.png" } ], "WindChillC": "16", "WindChillF": "61", "winddir16Point": "NE", "winddirDegree": "48", "WindGustKmph": "33", "WindGustMiles": "21", "windspeedKmph": "29", "windspeedMiles": "18" }, {"cloudcover": "11", "DewPointC": "10", "DewPointF": "49", "FeelsLikeC": "16", "FeelsLikeF": "61", "HeatIndexC": "16", "HeatIndexF": "61", "humidity": "64", "precipMM": "0.0", "pressure": "1016", "tempC": "15", "tempF": "59", "time": "1700", "visibility": "10", "weatherCode": "113",  "weatherDesc": [ {"value": "Sunny" } ],  "weatherIconUrl": [ {"value": "http:\/\/cdn.worldweatheronline.net\/images\/wsymbols01_png_64\/wsymbol_0001_sunny.png" } ], "WindChillC": "16", "WindChillF": "61", "winddir16Point": "ENE", "winddirDegree": "65", "WindGustKmph": "31", "WindGustMiles": "19", "windspeedKmph": "27", "windspeedMiles": "17" }, {"cloudcover": "8", "DewPointC": "9", "DewPointF": "48", "FeelsLikeC": "13", "FeelsLikeF": "55", "HeatIndexC": "15", "HeatIndexF": "58", "humidity": "67", "precipMM": "0.0", "pressure": "1016", "tempC": "15", "tempF": "58", "time": "2000", "visibility": "10", "weatherCode": "113",  "weatherDesc": [ {"value": "Clear" } ],  "weatherIconUrl": [ {"value": "http:\/\/cdn.worldweatheronline.net\/images\/wsymbols01_png_64\/wsymbol_0008_clear_sky_night.png" } ], "WindChillC": "13", "WindChillF": "55", "winddir16Point": "E", "winddirDegree": "81", "WindGustKmph": "30", "WindGustMiles": "19", "windspeedKmph": "24", "windspeedMiles": "15" }, {"cloudcover": "10", "DewPointC": "9", "DewPointF": "49", "FeelsLikeC": "13", "FeelsLikeF": "55", "HeatIndexC": "15", "HeatIndexF": "58", "humidity": "71", "precipMM": "0.0", "pressure": "1016", "tempC": "15", "tempF": "58", "time": "2300", "visibility": "10", "weatherCode": "113",  "weatherDesc": [ {"value": "Clear" } ],  "weatherIconUrl": [ {"value": "http:\/\/cdn.worldweatheronline.net\/images\/wsymbols01_png_64\/wsymbol_0008_clear_sky_night.png" } ], "WindChillC": "13", "WindChillF": "55", "winddir16Point": "E", "winddirDegree": "93", "WindGustKmph": "31", "WindGustMiles": "19", "windspeedKmph": "22", "windspeedMiles": "14" } ], "maxtempC": "15", "maxtempF": "59", "mintempC": "14", "mintempF": "57" } ] }}