{ "data": { "request": [ {"query": "Lat 25.13 and Lon 121.73", "type": "LatLon" } ],  "weather": [ { "astronomy": [ {"moonrise": "07:26 AM", "moonset": "07:48 PM", "sunrise": "06:30 AM", "sunset": "05:45 PM" } ], "date": "2013-02-12",  "hourly": [ {"cloudcover": "83", "DewPointC": "15", "DewPointF": "58", "FeelsLikeC": "16", "FeelsLikeF": "61", "HeatIndexC": "16", "HeatIndexF": "61", "humidity": "91", "precipMM": "0.2", "pressure": "1019", "tempC": "16", "tempF": "61", "time": "200", "visibility": "10", "weatherCode": "353",  "weatherDesc": [ {"value": "Light rain shower" } ],  "weatherIconUrl": [ {"value": "http:\/\/cdn.worldweatheronline.net\/images\/wsymbols01_png_64\/wsymbol_0025_light_rain_showers_night.png" } ], "WindChillC": "16", "WindChillF": "61", "winddir16Point": "NNE", "winddirDegree": "26", "WindGustKmph": "35", "WindGustMiles": "22", "windspeedKmph": "17", "windspeedMiles": "10" }, {"cloudcover": "77", "DewPointC": "14", "DewPointF": "58", "FeelsLikeC": "15", "FeelsLikeF": "60", "HeatIndexC": "15", "HeatIndexF": "60", "humidity": "93", "precipMM": "0.3", "pressure": "1019", "tempC": "15", "tempF": "60", "time": "500", "visibility": "2", "weatherCode": "266",  "weatherDesc": [ {"value": "Light drizzle" } ],  "weatherIconUrl": [ {"value": "http:\/\/cdn.worldweatheronline.net\/images\/wsymbols01_png_64\/wsymbol_0033_cloudy_with_light_rain_night.png" } ], "WindChillC": "15", "WindChillF": "60", "winddir16Point": "N", "winddirDegree": "351", "WindGustKmph": "32", "WindGustMiles": "20", "windspeedKmph": "15", "windspeedMiles": "10" }, {"cloudcover": "83", "DewPointC": "16", "DewPointF": "60", "FeelsLikeC": "17", "FeelsLikeF": "63", "HeatIndexC": "17", "HeatIndexF": "63", "humidity": "91", "precipMM": "0.1", "pressure": "1020", "tempC": "16", "tempF": "61", "time": "800", "visibility": "10", "weatherCode": "119",  "weatherDesc": [ {"value": "Cloudy" } ],  "weatherIconUrl": [ {"value": "http:\/\/cdn.worldweatheronline.net\/images\/wsymbols01_png_64\/wsymbol_0003_white_cloud.png" } ], "WindChillC": "17", "WindChillF": "63", "winddir16Point": "NNW", "winddirDegree": "348", "WindGustKmph": "27", "WindGustMiles": "17", "windspeedKmph": "15", "windspeedMiles": "10" }, {"cloudcover": "75", "DewPointC": "17", "DewPointF": "63", "FeelsLikeC": "19", "FeelsLikeF": "67", "HeatIndexC": "19", "HeatIndexF": "67", "humidity": "87", "precipMM": "0.2", "pressure": "1021", "tempC": "18", "tempF": "65", "time": "1100", "visibility": "2", "weatherCode": "266",  "weatherDesc": [ {"value": "Light drizzle" } ],  "weatherIconUrl": [ {"value": "http:\/\/cdn.worldweatheronline.net\/images\/wsymbols01_png_64\/wsymbol_0017_cloudy_with_light_rain.png" } ], "WindChillC": "19", "WindChillF": "67", "winddir16Point": "N", "winddirDegree": "359", "WindGustKmph": "30", "WindGustMiles": "19", "windspeedKmph": "26", "windspeedMiles": "16" }, {"cloudcover": "75", "DewPointC": "18", "DewPointF": "65", "FeelsLikeC": "20", "FeelsLikeF": "69", "HeatIndexC": "20", "HeatIndexF": "69", "humidity": "89", "precipMM": "0.5", "pressure": "1020", "tempC": "20", "tempF": "68", "time": "1400", "visibility": "2", "weatherCode": "266",  "weatherDesc": [ {"value": "Light drizzle" } ],  "weatherIconUrl": [ {"value": "http:\/\/cdn.worldweatheronline.net\/images\/wsymbols01_png_64\/wsymbol_0017_cloudy_with_light_rain.png" } ], "WindChillC": "20", "WindChillF": "69", "winddir16Point": "N", "winddirDegree": "7", "WindGustKmph": "37", "WindGustMiles": "23", "windspeedKmph": "32", "windspeedMiles": "20" }, {"cloudcover": "86", "DewPointC": "18", "DewPointF": "65", "FeelsLikeC": "20", "FeelsLikeF": "69", "HeatIndexC": "20", "HeatIndexF": "69", "humidity": "87", "precipMM": "0.4", "pressure": "1021", "tempC": "20", "tempF": "67", "time": "1700", "visibility": "2", "weatherCode": "266",  "weatherDesc": [ {"value": "Light drizzle" } ],  "weatherIconUrl": [ {"value": "http:\/\/cdn.worldweatheronline.net\/images\/wsymbols01_png_64\/wsymbol_0017_cloudy_with_light_rain.png" } ], "WindChillC": "20", "WindChillF": "69", "winddir16Point": "NNE", "winddirDegree": "21", "WindGustKmph": "39", "WindGustMiles": "24", "windspeedKmph": "33", "windspeedMiles": "21" }, {"cloudcover": "88", "DewPointC": "16", "DewPointF": "60", "FeelsLikeC": "18", "FeelsLikeF": "65", "HeatIndexC": "18", "HeatIndexF": "65", "humidity": "87", "precipMM": "0.5", "pressure": "1023", "tempC": "18", "tempF": "65", "time": "2000", "visibility": "2", "weatherCode": "266",  "weatherDesc": [ {"value": "Light drizzle" } ],  "weatherIconUrl": [ {"value": "http:\/\/cdn.worldweatheronline.net\/images\/wsymbols01_png_64\/wsymbol_0033_cloudy_with_light_rain_night.png" } ], "WindChillC": "18", "WindChillF": "65", "winddir16Point": "NNE", "winddirDegree": "32", "WindGustKmph": "41", "WindGustMiles": "26", "windspeedKmph": "36", "windspeedMiles": "22" }, {"cloudcover": "82", "DewPointC": "15", "DewPointF": "58", "FeelsLikeC": "17", "FeelsLikeF": "63", "HeatIndexC": "17", "HeatIndexF": "63", "humidity": "86", "precipMM": "0.7", "pressure": "1023", "tempC": "17", "tempF": "63", "time": "2300", "visibility": "2", "weatherCode": "266",  "weatherDesc": [ {"value": "Light drizzle" } ],  "weatherIconUrl": [ {"value": "http:\/\/cdn.worldweatheronline.net\/images\/wsymbols01_png_64\/wsymbol_0033_cloudy_with_light_rain_night.png" } ], "WindChillC": "17", "WindChillF": "63", "winddir16Point": "NE", "winddirDegree": "36", "WindGustKmph": "42", "WindGustMiles": "26", "windspeedKmph": "37", "windspeedMiles": "23" } ], "maxtempC": "20", "maxtempF": "68", "mintempC": "15", "mintempF": "60" } ] }}