{ "data": { "request": [ {"query": "Lat 25.13 and Lon 121.73", "type": "LatLon" } ],  "weather": [ { "astronomy": [ {"moonrise": "No moonrise", "moonset": "11:25 AM", "sunrise": "06:39 AM", "sunset": "05:18 PM" } ], "date": "2013-01-05",  "hourly": [ {"cloudcover": "100", "DewPointC": "15", "DewPointF": "59", "FeelsLikeC": "17", "FeelsLikeF": "62", "HeatIndexC": "17", "HeatIndexF": "62", "humidity": "90", "precipMM": "2.0", "pressure": "1018", "tempC": "17", "tempF": "62", "time": "200", "visibility": "9", "weatherCode": "296",  "weatherDesc": [ {"value": "Light rain" } ],  "weatherIconUrl": [ {"value": "http:\/\/cdn.worldweatheronline.net\/images\/wsymbols01_png_64\/wsymbol_0033_cloudy_with_light_rain_night.png" } ], "WindChillC": "17", "WindChillF": "62", "winddir16Point": "NE", "winddirDegree": "43", "WindGustKmph": "35", "WindGustMiles": "22", "windspeedKmph": "26", "windspeedMiles": "16" }, {"cloudcover": "100", "DewPointC": "15", "DewPointF": "59", "FeelsLikeC": "17", "FeelsLikeF": "62", "HeatIndexC": "17", "HeatIndexF": "62", "humidity": "90", "precipMM": "1.2", "pressure": "1017", "tempC": "17", "tempF": "62", "time": "500", "visibility": "9", "weatherCode": "296",  "weatherDesc": [ {"value": "Light rain" } ],  "weatherIconUrl": [ {"value": "http:\/\/cdn.worldweatheronline.net\/images\/wsymbols01_png_64\/wsymbol_0033_cloudy_with_light_rain_night.png" } ], "WindChillC": "17", "WindChillF": "62", "winddir16Point": "NNE", "winddirDegree": "27", "WindGustKmph": "37", "WindGustMiles": "23", "windspeedKmph": "27", "windspeedMiles": "17" }, {"cloudcover": "100", "DewPointC": "16", "DewPointF": "61", "FeelsLikeC": "18", "FeelsLikeF": "64", "HeatIndexC": "18", "HeatIndexF": "64", "humidity": "90", "precipMM": "1.2", "pressure": "1018", "tempC": "17", "tempF": "62", "time": "800", "visibility": "9", "weatherCode": "296",  "weatherDesc": [ {"value": "Light rain" } ],  "weatherIconUrl": [ {"value": "http:\/\/cdn.worldweatheronline.net\/images\/wsymbols01_png_64\/wsymbol_0017_cloudy_with_light_rain.png" } ], "WindChillC": "18", "WindChillF": "64", "winddir16Point": "NNE", "winddirDegree": "25", "WindGustKmph": "36", "WindGustMiles": "23", "windspeedKmph": "32", "windspeedMiles": "20" }, {"cloudcover": "100", "DewPointC": "16", "DewPointF": "61", "FeelsLikeC": "18", "FeelsLikeF": "65", "HeatIndexC": "18", "HeatIndexF": "65", "humidity": "88", "precipMM": "1.1", "pressure": "1018", "tempC": "18", "tempF": "64", "time": "1100", "visibility": "9", "weatherCode": "296",  "weatherDesc": [ {"value": "Light rain" } ],  "weatherIconUrl": [ {"value": "http:\/\/cdn.worldweatheronline.net\/images\/wsymbols01_png_64\/wsymbol_0017_cloudy_with_light_rain.png" } ], "WindChillC": "18", "WindChillF": "65", "winddir16Point": "NNE", "winddirDegree": "23", "WindGustKmph": "33", "WindGustMiles": "21", "windspeedKmph": "29", "windspeedMiles": "18" }, {"cloudcover": "88", "DewPointC": "16", "DewPointF": "61", "FeelsLikeC": "18", "FeelsLikeF": "65", "HeatIndexC": "18", "HeatIndexF": "65", "humidity": "87", "precipMM": "0.4", "pressure": "1017", "tempC": "18", "tempF": "64", "time": "1400", "visibility": "2", "weatherCode": "266",  "weatherDesc": [ {"value": "Light drizzle" } ],  "weatherIconUrl": [ {"value": "http:\/\/cdn.worldweatheronline.net\/images\/wsymbols01_png_64\/wsymbol_0017_cloudy_with_light_rain.png" } ], "WindChillC": "18", "WindChillF": "65", "winddir16Point": "NNE", "winddirDegree": "25", "WindGustKmph": "36", "WindGustMiles": "22", "windspeedKmph": "31", "windspeedMiles": "19" }, {"cloudcover": "90", "DewPointC": "17", "DewPointF": "62", "FeelsLikeC": "19", "FeelsLikeF": "65", "HeatIndexC": "19", "HeatIndexF": "65", "humidity": "88", "precipMM": "0.6", "pressure": "1018", "tempC": "18", "tempF": "64", "time": "1700", "visibility": "2", "weatherCode": "266",  "weatherDesc": [ {"value": "Light drizzle" } ],  "weatherIconUrl": [ {"value": "http:\/\/cdn.worldweatheronline.net\/images\/wsymbols01_png_64\/wsymbol_0017_cloudy_with_light_rain.png" } ], "WindChillC": "19", "WindChillF": "65", "winddir16Point": "NNE", "winddirDegree": "31", "WindGustKmph": "37", "WindGustMiles": "23", "windspeedKmph": "32", "windspeedMiles": "20" }, {"cloudcover": "96", "DewPointC": "15", "DewPointF": "60", "FeelsLikeC": "17", "FeelsLikeF": "63", "HeatIndexC": "17", "HeatIndexF": "63", "humidity": "87", "precipMM": "0.6", "pressure": "1019", "tempC": "17", "tempF": "63", "time": "2000", "visibility": "2", "weatherCode": "266",  "weatherDesc": [ {"value": "Light drizzle" } ],  "weatherIconUrl": [ {"value": "http:\/\/cdn.worldweatheronline.net\/images\/wsymbols01_png_64\/wsymbol_0033_cloudy_with_light_rain_night.png" } ], "WindChillC": "17", "WindChillF": "63", "winddir16Point": "NE", "winddirDegree": "37", "WindGustKmph": "38", "WindGustMiles": "23", "windspeedKmph": "33", "windspeedMiles": "20" }, {"cloudcover": "99", "DewPointC": "15", "DewPointF": "59", "FeelsLikeC": "17", "FeelsLikeF": "63", "HeatIndexC": "17", "HeatIndexF": "63", "humidity": "87", "precipMM": "0.6", "pressure": "1019", "tempC": "17", "tempF": "63", "time": "2300", "visibility": "2", "weatherCode": "266",  "weatherDesc": [ {"value": "Light drizzle" } ],  "weatherIconUrl": [ {"value": "http:\/\/cdn.worldweatheronline.net\/images\/wsymbols01_png_64\/wsymbol_0033_cloudy_with_light_rain_night.png" } ], "WindChillC": "17", "WindChillF": "63", "winddir16Point": "NE", "winddirDegree": "44", "WindGustKmph": "35", "WindGustMiles": "22", "windspeedKmph": "30", "windspeedMiles": "19" } ], "maxtempC": "18", "maxtempF": "64", "mintempC": "17", "mintempF": "62" } ] }}