{ "data": { "request": [ {"query": "Lat 25.13 and Lon 121.73", "type": "LatLon" } ],  "weather": [ { "astronomy": [ {"moonrise": "04:52 PM", "moonset": "05:35 AM", "sunrise": "06:38 AM", "sunset": "05:33 PM" } ], "date": "2013-01-26",  "hourly": [ {"cloudcover": "71", "DewPointC": "12", "DewPointF": "53", "FeelsLikeC": "15", "FeelsLikeF": "59", "HeatIndexC": "15", "HeatIndexF": "59", "humidity": "81", "precipMM": "0.1", "pressure": "1019", "tempC": "15", "tempF": "59", "time": "200", "visibility": "10", "weatherCode": "119",  "weatherDesc": [ {"value": "Cloudy" } ],  "weatherIconUrl": [ {"value": "http:\/\/cdn.worldweatheronline.net\/images\/wsymbols01_png_64\/wsymbol_0004_black_low_cloud.png" } ], "WindChillC": "15", "WindChillF": "59", "winddir16Point": "ENE", "winddirDegree": "61", "WindGustKmph": "27", "WindGustMiles": "17", "windspeedKmph": "21", "windspeedMiles": "13" }, {"cloudcover": "70", "DewPointC": "12", "DewPointF": "53", "FeelsLikeC": "13", "FeelsLikeF": "56", "HeatIndexC": "15", "HeatIndexF": "59", "humidity": "82", "precipMM": "0.1", "pressure": "1019", "tempC": "15", "tempF": "59", "time": "500", "visibility": "10", "weatherCode": "119",  "weatherDesc": [ {"value": "Cloudy" } ],  "weatherIconUrl": [ {"value": "http:\/\/cdn.worldweatheronline.net\/images\/wsymbols01_png_64\/wsymbol_0004_black_low_cloud.png" } ], "WindChillC": "13", "WindChillF": "56", "winddir16Point": "ENE", "winddirDegree": "62", "WindGustKmph": "29", "WindGustMiles": "18", "windspeedKmph": "20", "windspeedMiles": "13" }, {"cloudcover": "62", "DewPointC": "13", "DewPointF": "55", "FeelsLikeC": "16", "FeelsLikeF": "61", "HeatIndexC": "16", "HeatIndexF": "61", "humidity": "80", "precipMM": "0.1", "pressure": "1019", "tempC": "15", "tempF": "59", "time": "800", "visibility": "10", "weatherCode": "116",  "weatherDesc": [ {"value": "Partly Cloudy" } ],  "weatherIconUrl": [ {"value": "http:\/\/cdn.worldweatheronline.net\/images\/wsymbols01_png_64\/wsymbol_0002_sunny_intervals.png" } ], "WindChillC": "16", "WindChillF": "61", "winddir16Point": "ENE", "winddirDegree": "63", "WindGustKmph": "23", "WindGustMiles": "15", "windspeedKmph": "18", "windspeedMiles": "11" }, {"cloudcover": "69", "DewPointC": "13", "DewPointF": "55", "FeelsLikeC": "17", "FeelsLikeF": "63", "HeatIndexC": "17", "HeatIndexF": "63", "humidity": "76", "precipMM": "0.1", "pressure": "1020", "tempC": "16", "tempF": "61", "time": "1100", "visibility": "10", "weatherCode": "119",  "weatherDesc": [ {"value": "Cloudy" } ],  "weatherIconUrl": [ {"value": "http:\/\/cdn.worldweatheronline.net\/images\/wsymbols01_png_64\/wsymbol_0003_white_cloud.png" } ], "WindChillC": "17", "WindChillF": "63", "winddir16Point": "NE", "winddirDegree": "41", "WindGustKmph": "22", "WindGustMiles": "13", "windspeedKmph": "19", "windspeedMiles": "12" }, {"cloudcover": "72", "DewPointC": "14", "DewPointF": "57", "FeelsLikeC": "18", "FeelsLikeF": "64", "HeatIndexC": "18", "HeatIndexF": "64", "humidity": "77", "precipMM": "0.2", "pressure": "1019", "tempC": "17", "tempF": "62", "time": "1400", "visibility": "10", "weatherCode": "353",  "weatherDesc": [ {"value": "Light rain shower" } ],  "weatherIconUrl": [ {"value": "http:\/\/cdn.worldweatheronline.net\/images\/wsymbols01_png_64\/wsymbol_0009_light_rain_showers.png" } ], "WindChillC": "18", "WindChillF": "64", "winddir16Point": "NE", "winddirDegree": "36", "WindGustKmph": "26", "WindGustMiles": "16", "windspeedKmph": "22", "windspeedMiles": "14" }, {"cloudcover": "79", "DewPointC": "14", "DewPointF": "58", "FeelsLikeC": "17", "FeelsLikeF": "63", "HeatIndexC": "17", "HeatIndexF": "63", "humidity": "82", "precipMM": "0.3", "pressure": "1019", "tempC": "17", "tempF": "62", "time": "1700", "visibility": "2", "weatherCode": "266",  "weatherDesc": [ {"value": "Light drizzle" } ],  "weatherIconUrl": [ {"value": "http:\/\/cdn.worldweatheronline.net\/images\/wsymbols01_png_64\/wsymbol_0017_cloudy_with_light_rain.png" } ], "WindChillC": "17", "WindChillF": "63", "winddir16Point": "NE", "winddirDegree": "38", "WindGustKmph": "28", "WindGustMiles": "17", "windspeedKmph": "24", "windspeedMiles": "15" }, {"cloudcover": "91", "DewPointC": "13", "DewPointF": "56", "FeelsLikeC": "16", "FeelsLikeF": "61", "HeatIndexC": "16", "HeatIndexF": "61", "humidity": "83", "precipMM": "0.4", "pressure": "1020", "tempC": "16", "tempF": "61", "time": "2000", "visibility": "2", "weatherCode": "266",  "weatherDesc": [ {"value": "Light drizzle" } ],  "weatherIconUrl": [ {"value": "http:\/\/cdn.worldweatheronline.net\/images\/wsymbols01_png_64\/wsymbol_0033_cloudy_with_light_rain_night.png" } ], "WindChillC": "16", "WindChillF": "61", "winddir16Point": "NE", "winddirDegree": "37", "WindGustKmph": "33", "WindGustMiles": "20", "windspeedKmph": "27", "windspeedMiles": "17" }, {"cloudcover": "74", "DewPointC": "12", "DewPointF": "54", "FeelsLikeC": "16", "FeelsLikeF": "60", "HeatIndexC": "16", "HeatIndexF": "60", "humidity": "81", "precipMM": "0.6", "pressure": "1021", "tempC": "16", "tempF": "60", "time": "2300", "visibility": "5", "weatherCode": "263",  "weatherDesc": [ {"value": "Patchy light drizzle" } ],  "weatherIconUrl": [ {"value": "http:\/\/cdn.worldweatheronline.net\/images\/wsymbols01_png_64\/wsymbol_0025_light_rain_showers_night.png" } ], "WindChillC": "16", "WindChillF": "60", "winddir16Point": "NE", "winddirDegree": "37", "WindGustKmph": "36", "WindGustMiles": "22", "windspeedKmph": "27", "windspeedMiles": "17" } ], "maxtempC": "17", "maxtempF": "62", "mintempC": "15", "mintempF": "59" } ] }}