{ "data": { "request": [ {"query": "Lat 25.13 and Lon 121.73", "type": "LatLon" } ],  "weather": [ { "astronomy": [ {"moonrise": "07:29 AM", "moonset": "07:06 PM", "sunrise": "06:40 AM", "sunset": "05:24 PM" } ], "date": "2013-01-13",  "hourly": [ {"cloudcover": "100", "DewPointC": "15", "DewPointF": "59", "FeelsLikeC": "16", "FeelsLikeF": "61", "HeatIndexC": "16", "HeatIndexF": "61", "humidity": "94", "precipMM": "3.3", "pressure": "1014", "tempC": "16", "tempF": "61", "time": "200", "visibility": "7", "weatherCode": "302",  "weatherDesc": [ {"value": "Moderate rain" } ],  "weatherIconUrl": [ {"value": "http:\/\/cdn.worldweatheronline.net\/images\/wsymbols01_png_64\/wsymbol_0034_cloudy_with_heavy_rain_night.png" } ], "WindChillC": "16", "WindChillF": "61", "winddir16Point": "NE", "winddirDegree": "44", "WindGustKmph": "26", "WindGustMiles": "16", "windspeedKmph": "12", "windspeedMiles": "8" }, {"cloudcover": "94", "DewPointC": "14", "DewPointF": "57", "FeelsLikeC": "14", "FeelsLikeF": "57", "HeatIndexC": "15", "HeatIndexF": "59", "humidity": "95", "precipMM": "2.1", "pressure": "1012", "tempC": "15", "tempF": "59", "time": "500", "visibility": "10", "weatherCode": "353",  "weatherDesc": [ {"value": "Light rain shower" } ],  "weatherIconUrl": [ {"value": "http:\/\/cdn.worldweatheronline.net\/images\/wsymbols01_png_64\/wsymbol_0025_light_rain_showers_night.png" } ], "WindChillC": "14", "WindChillF": "57", "winddir16Point": "NNW", "winddirDegree": "333", "WindGustKmph": "26", "WindGustMiles": "16", "windspeedKmph": "13", "windspeedMiles": "8" }, {"cloudcover": "72", "DewPointC": "16", "DewPointF": "61", "FeelsLikeC": "17", "FeelsLikeF": "63", "HeatIndexC": "17", "HeatIndexF": "63", "humidity": "93", "precipMM": "1.0", "pressure": "1012", "tempC": "16", "tempF": "61", "time": "800", "visibility": "10", "weatherCode": "353",  "weatherDesc": [ {"value": "Light rain shower" } ],  "weatherIconUrl": [ {"value": "http:\/\/cdn.worldweatheronline.net\/images\/wsymbols01_png_64\/wsymbol_0009_light_rain_showers.png" } ], "WindChillC": "17", "WindChillF": "63", "winddir16Point": "NW", "winddirDegree": "324", "WindGustKmph": "36", "WindGustMiles": "22", "windspeedKmph": "21", "windspeedMiles": "13" }, {"cloudcover": "80", "DewPointC": "17", "DewPointF": "63", "FeelsLikeC": "19", "FeelsLikeF": "66", "HeatIndexC": "19", "HeatIndexF": "66", "humidity": "89", "precipMM": "0.4", "pressure": "1012", "tempC": "19", "tempF": "65", "time": "1100", "visibility": "2", "weatherCode": "266",  "weatherDesc": [ {"value": "Light drizzle" } ],  "weatherIconUrl": [ {"value": "http:\/\/cdn.worldweatheronline.net\/images\/wsymbols01_png_64\/wsymbol_0017_cloudy_with_light_rain.png" } ], "WindChillC": "19", "WindChillF": "66", "winddir16Point": "NNW", "winddirDegree": "329", "WindGustKmph": "41", "WindGustMiles": "26", "windspeedKmph": "33", "windspeedMiles": "21" }, {"cloudcover": "75", "DewPointC": "20", "DewPointF": "67", "FeelsLikeC": "21", "FeelsLikeF": "70", "HeatIndexC": "24", "HeatIndexF": "76", "humidity": "89", "precipMM": "0.5", "pressure": "1012", "tempC": "20", "tempF": "69", "time": "1400", "visibility": "2", "weatherCode": "266",  "weatherDesc": [ {"value": "Light drizzle" } ],  "weatherIconUrl": [ {"value": "http:\/\/cdn.worldweatheronline.net\/images\/wsymbols01_png_64\/wsymbol_0017_cloudy_with_light_rain.png" } ], "WindChillC": "21", "WindChillF": "70", "winddir16Point": "NNW", "winddirDegree": "339", "WindGustKmph": "46", "WindGustMiles": "28", "windspeedKmph": "40", "windspeedMiles": "25" }, {"cloudcover": "86", "DewPointC": "19", "DewPointF": "66", "FeelsLikeC": "21", "FeelsLikeF": "69", "HeatIndexC": "21", "HeatIndexF": "69", "humidity": "90", "precipMM": "0.4", "pressure": "1013", "tempC": "20", "tempF": "68", "time": "1700", "visibility": "2", "weatherCode": "266",  "weatherDesc": [ {"value": "Light drizzle" } ],  "weatherIconUrl": [ {"value": "http:\/\/cdn.worldweatheronline.net\/images\/wsymbols01_png_64\/wsymbol_0017_cloudy_with_light_rain.png" } ], "WindChillC": "21", "WindChillF": "69", "winddir16Point": "N", "winddirDegree": "351", "WindGustKmph": "47", "WindGustMiles": "29", "windspeedKmph": "41", "windspeedMiles": "25" }, {"cloudcover": "80", "DewPointC": "16", "DewPointF": "61", "FeelsLikeC": "18", "FeelsLikeF": "65", "HeatIndexC": "18", "HeatIndexF": "65", "humidity": "88", "precipMM": "0.3", "pressure": "1015", "tempC": "18", "tempF": "65", "time": "2000", "visibility": "2", "weatherCode": "266",  "weatherDesc": [ {"value": "Light drizzle" } ],  "weatherIconUrl": [ {"value": "http:\/\/cdn.worldweatheronline.net\/images\/wsymbols01_png_64\/wsymbol_0033_cloudy_with_light_rain_night.png" } ], "WindChillC": "18", "WindChillF": "65", "winddir16Point": "N", "winddirDegree": "356", "WindGustKmph": "52", "WindGustMiles": "32", "windspeedKmph": "45", "windspeedMiles": "28" }, {"cloudcover": "77", "DewPointC": "14", "DewPointF": "58", "FeelsLikeC": "17", "FeelsLikeF": "62", "HeatIndexC": "17", "HeatIndexF": "62", "humidity": "84", "precipMM": "0.3", "pressure": "1016", "tempC": "17", "tempF": "62", "time": "2300", "visibility": "2", "weatherCode": "266",  "weatherDesc": [ {"value": "Light drizzle" } ],  "weatherIconUrl": [ {"value": "http:\/\/cdn.worldweatheronline.net\/images\/wsymbols01_png_64\/wsymbol_0033_cloudy_with_light_rain_night.png" } ], "WindChillC": "17", "WindChillF": "62", "winddir16Point": "N", "winddirDegree": "360", "WindGustKmph": "48", "WindGustMiles": "30", "windspeedKmph": "42", "windspeedMiles": "26" } ], "maxtempC": "20", "maxtempF": "69", "mintempC": "15", "mintempF": "59" } ] }}