{ "data": { "request": [ {"query": "Lat 25.13 and Lon 121.73", "type": "LatLon" } ],  "weather": [ { "astronomy": [ {"moonrise": "02:17 PM", "moonset": "03:17 AM", "sunrise": "06:39 AM", "sunset": "05:31 PM" } ], "date": "2013-01-23",  "hourly": [ {"cloudcover": "88", "DewPointC": "13", "DewPointF": "55", "FeelsLikeC": "13", "FeelsLikeF": "56", "HeatIndexC": "15", "HeatIndexF": "59", "humidity": "88", "precipMM": "0.3", "pressure": "1020", "tempC": "15", "tempF": "59", "time": "200", "visibility": "2", "weatherCode": "266",  "weatherDesc": [ {"value": "Light drizzle" } ],  "weatherIconUrl": [ {"value": "http:\/\/cdn.worldweatheronline.net\/images\/wsymbols01_png_64\/wsymbol_0033_cloudy_with_light_rain_night.png" } ], "WindChillC": "13", "WindChillF": "56", "winddir16Point": "NE", "winddirDegree": "38", "WindGustKmph": "39", "WindGustMiles": "24", "windspeedKmph": "27", "windspeedMiles": "17" }, {"cloudcover": "97", "DewPointC": "13", "DewPointF": "55", "FeelsLikeC": "13", "FeelsLikeF": "55", "HeatIndexC": "14", "HeatIndexF": "58", "humidity": "88", "precipMM": "0.4", "pressure": "1021", "tempC": "14", "tempF": "58", "time": "500", "visibility": "2", "weatherCode": "266",  "weatherDesc": [ {"value": "Light drizzle" } ],  "weatherIconUrl": [ {"value": "http:\/\/cdn.worldweatheronline.net\/images\/wsymbols01_png_64\/wsymbol_0033_cloudy_with_light_rain_night.png" } ], "WindChillC": "13", "WindChillF": "55", "winddir16Point": "NNE", "winddirDegree": "33", "WindGustKmph": "38", "WindGustMiles": "24", "windspeedKmph": "26", "windspeedMiles": "16" }, {"cloudcover": "77", "DewPointC": "14", "DewPointF": "56", "FeelsLikeC": "16", "FeelsLikeF": "60", "HeatIndexC": "16", "HeatIndexF": "60", "humidity": "88", "precipMM": "0.2", "pressure": "1022", "tempC": "15", "tempF": "59", "time": "800", "visibility": "2", "weatherCode": "266",  "weatherDesc": [ {"value": "Light drizzle" } ],  "weatherIconUrl": [ {"value": "http:\/\/cdn.worldweatheronline.net\/images\/wsymbols01_png_64\/wsymbol_0017_cloudy_with_light_rain.png" } ], "WindChillC": "16", "WindChillF": "60", "winddir16Point": "NNE", "winddirDegree": "31", "WindGustKmph": "27", "WindGustMiles": "17", "windspeedKmph": "23", "windspeedMiles": "15" }, {"cloudcover": "73", "DewPointC": "14", "DewPointF": "58", "FeelsLikeC": "17", "FeelsLikeF": "62", "HeatIndexC": "17", "HeatIndexF": "62", "humidity": "84", "precipMM": "0.1", "pressure": "1022", "tempC": "16", "tempF": "61", "time": "1100", "visibility": "10", "weatherCode": "119",  "weatherDesc": [ {"value": "Cloudy" } ],  "weatherIconUrl": [ {"value": "http:\/\/cdn.worldweatheronline.net\/images\/wsymbols01_png_64\/wsymbol_0003_white_cloud.png" } ], "WindChillC": "17", "WindChillF": "62", "winddir16Point": "NNE", "winddirDegree": "30", "WindGustKmph": "30", "WindGustMiles": "18", "windspeedKmph": "26", "windspeedMiles": "16" }, {"cloudcover": "82", "DewPointC": "15", "DewPointF": "59", "FeelsLikeC": "18", "FeelsLikeF": "64", "HeatIndexC": "18", "HeatIndexF": "64", "humidity": "84", "precipMM": "0.1", "pressure": "1021", "tempC": "17", "tempF": "62", "time": "1400", "visibility": "10", "weatherCode": "119",  "weatherDesc": [ {"value": "Cloudy" } ],  "weatherIconUrl": [ {"value": "http:\/\/cdn.worldweatheronline.net\/images\/wsymbols01_png_64\/wsymbol_0003_white_cloud.png" } ], "WindChillC": "18", "WindChillF": "64", "winddir16Point": "NNE", "winddirDegree": "29", "WindGustKmph": "30", "WindGustMiles": "18", "windspeedKmph": "26", "windspeedMiles": "16" }, {"cloudcover": "68", "DewPointC": "15", "DewPointF": "58", "FeelsLikeC": "17", "FeelsLikeF": "63", "HeatIndexC": "17", "HeatIndexF": "63", "humidity": "85", "precipMM": "0.2", "pressure": "1020", "tempC": "17", "tempF": "62", "time": "1700", "visibility": "5", "weatherCode": "263",  "weatherDesc": [ {"value": "Patchy light drizzle" } ],  "weatherIconUrl": [ {"value": "http:\/\/cdn.worldweatheronline.net\/images\/wsymbols01_png_64\/wsymbol_0009_light_rain_showers.png" } ], "WindChillC": "17", "WindChillF": "63", "winddir16Point": "NE", "winddirDegree": "34", "WindGustKmph": "29", "WindGustMiles": "18", "windspeedKmph": "25", "windspeedMiles": "16" }, {"cloudcover": "69", "DewPointC": "13", "DewPointF": "56", "FeelsLikeC": "16", "FeelsLikeF": "60", "HeatIndexC": "16", "HeatIndexF": "60", "humidity": "84", "precipMM": "0.1", "pressure": "1021", "tempC": "16", "tempF": "60", "time": "2000", "visibility": "10", "weatherCode": "119",  "weatherDesc": [ {"value": "Cloudy" } ],  "weatherIconUrl": [ {"value": "http:\/\/cdn.worldweatheronline.net\/images\/wsymbols01_png_64\/wsymbol_0004_black_low_cloud.png" } ], "WindChillC": "16", "WindChillF": "60", "winddir16Point": "NE", "winddirDegree": "52", "WindGustKmph": "27", "WindGustMiles": "17", "windspeedKmph": "23", "windspeedMiles": "15" }, {"cloudcover": "76", "DewPointC": "13", "DewPointF": "55", "FeelsLikeC": "15", "FeelsLikeF": "60", "HeatIndexC": "15", "HeatIndexF": "60", "humidity": "84", "precipMM": "0.1", "pressure": "1020", "tempC": "15", "tempF": "60", "time": "2300", "visibility": "10", "weatherCode": "119",  "weatherDesc": [ {"value": "Cloudy" } ],  "weatherIconUrl": [ {"value": "http:\/\/cdn.worldweatheronline.net\/images\/wsymbols01_png_64\/wsymbol_0004_black_low_cloud.png" } ], "WindChillC": "15", "WindChillF": "60", "winddir16Point": "ENE", "winddirDegree": "64", "WindGustKmph": "26", "WindGustMiles": "16", "windspeedKmph": "22", "windspeedMiles": "14" } ], "maxtempC": "17", "maxtempF": "62", "mintempC": "14", "mintempF": "58" } ] }}