{ "data": { "request": [ {"query": "Lat 25.13 and Lon 121.73", "type": "LatLon" } ],  "weather": [ { "astronomy": [ {"moonrise": "11:02 PM", "moonset": "09:16 AM", "sunrise": "05:18 AM", "sunset": "06:23 PM" } ], "date": "2013-04-30",  "hourly": [ {"cloudcover": "7", "DewPointC": "22", "DewPointF": "71", "FeelsLikeC": "26", "FeelsLikeF": "80", "HeatIndexC": "26", "HeatIndexF": "80", "humidity": "85", "precipMM": "0.0", "pressure": "1010", "tempC": "24", "tempF": "76", "time": "200", "visibility": "10", "weatherCode": "113",  "weatherDesc": [ {"value": "Clear" } ],  "weatherIconUrl": [ {"value": "http:\/\/cdn.worldweatheronline.net\/images\/wsymbols01_png_64\/wsymbol_0008_clear_sky_night.png" } ], "WindChillC": "24", "WindChillF": "76", "winddir16Point": "S", "winddirDegree": "174", "WindGustKmph": "24", "WindGustMiles": "15", "windspeedKmph": "16", "windspeedMiles": "10" }, {"cloudcover": "8", "DewPointC": "21", "DewPointF": "70", "FeelsLikeC": "26", "FeelsLikeF": "79", "HeatIndexC": "26", "HeatIndexF": "79", "humidity": "85", "precipMM": "0.0", "pressure": "1009", "tempC": "24", "tempF": "75", "time": "500", "visibility": "10", "weatherCode": "113",  "weatherDesc": [ {"value": "Clear" } ],  "weatherIconUrl": [ {"value": "http:\/\/cdn.worldweatheronline.net\/images\/wsymbols01_png_64\/wsymbol_0008_clear_sky_night.png" } ], "WindChillC": "24", "WindChillF": "75", "winddir16Point": "S", "winddirDegree": "182", "WindGustKmph": "19", "WindGustMiles": "12", "windspeedKmph": "12", "windspeedMiles": "8" }, {"cloudcover": "18", "DewPointC": "24", "DewPointF": "75", "FeelsLikeC": "33", "FeelsLikeF": "91", "HeatIndexC": "33", "HeatIndexF": "91", "humidity": "75", "precipMM": "0.0", "pressure": "1008", "tempC": "27", "tempF": "81", "time": "800", "visibility": "10", "weatherCode": "113",  "weatherDesc": [ {"value": "Sunny" } ],  "weatherIconUrl": [ {"value": "http:\/\/cdn.worldweatheronline.net\/images\/wsymbols01_png_64\/wsymbol_0001_sunny.png" } ], "WindChillC": "29", "WindChillF": "83", "winddir16Point": "S", "winddirDegree": "191", "WindGustKmph": "13", "WindGustMiles": "8", "windspeedKmph": "11", "windspeedMiles": "7" }, {"cloudcover": "20", "DewPointC": "25", "DewPointF": "77", "FeelsLikeC": "39", "FeelsLikeF": "103", "HeatIndexC": "39", "HeatIndexF": "103", "humidity": "66", "precipMM": "0.0", "pressure": "1009", "tempC": "30", "tempF": "86", "time": "1100", "visibility": "10", "weatherCode": "113",  "weatherDesc": [ {"value": "Sunny" } ],  "weatherIconUrl": [ {"value": "http:\/\/cdn.worldweatheronline.net\/images\/wsymbols01_png_64\/wsymbol_0001_sunny.png" } ], "WindChillC": "32", "WindChillF": "90", "winddir16Point": "SW", "winddirDegree": "224", "WindGustKmph": "11", "WindGustMiles": "7", "windspeedKmph": "9", "windspeedMiles": "6" }, {"cloudcover": "17", "DewPointC": "26", "DewPointF": "78", "FeelsLikeC": "40", "FeelsLikeF": "104", "HeatIndexC": "40", "HeatIndexF": "104", "humidity": "67", "precipMM": "0.0", "pressure": "1006", "tempC": "31", "tempF": "87", "time": "1400", "visibility": "10", "weatherCode": "113",  "weatherDesc": [ {"value": "Sunny" } ],  "weatherIconUrl": [ {"value": "http:\/\/cdn.worldweatheronline.net\/images\/wsymbols01_png_64\/wsymbol_0001_sunny.png" } ], "WindChillC": "32", "WindChillF": "90", "winddir16Point": "WSW", "winddirDegree": "249", "WindGustKmph": "14", "WindGustMiles": "9", "windspeedKmph": "12", "windspeedMiles": "7" }, {"cloudcover": "15", "DewPointC": "25", "DewPointF": "77", "FeelsLikeC": "38", "FeelsLikeF": "101", "HeatIndexC": "38", "HeatIndexF": "101", "humidity": "69", "precipMM": "0.2", "pressure": "1005", "tempC": "30", "tempF": "86", "time": "1700", "visibility": "9", "weatherCode": "176",  "weatherDesc": [ {"value": "Patchy rain nearby" } ],  "weatherIconUrl": [ {"value": "http:\/\/cdn.worldweatheronline.net\/images\/wsymbols01_png_64\/wsymbol_0009_light_rain_showers.png" } ], "WindChillC": "31", "WindChillF": "89", "winddir16Point": "WSW", "winddirDegree": "248", "WindGustKmph": "17", "WindGustMiles": "11", "windspeedKmph": "14", "windspeedMiles": "9" }, {"cloudcover": "48", "DewPointC": "23", "DewPointF": "73", "FeelsLikeC": "30", "FeelsLikeF": "85", "HeatIndexC": "30", "HeatIndexF": "85", "humidity": "78", "precipMM": "1.2", "pressure": "1007", "tempC": "27", "tempF": "80", "time": "2000", "visibility": "10", "weatherCode": "353",  "weatherDesc": [ {"value": "Light rain shower" } ],  "weatherIconUrl": [ {"value": "http:\/\/cdn.worldweatheronline.net\/images\/wsymbols01_png_64\/wsymbol_0025_light_rain_showers_night.png" } ], "WindChillC": "27", "WindChillF": "80", "winddir16Point": "N", "winddirDegree": "357", "WindGustKmph": "33", "WindGustMiles": "21", "windspeedKmph": "27", "windspeedMiles": "17" }, {"cloudcover": "100", "DewPointC": "18", "DewPointF": "64", "FeelsLikeC": "21", "FeelsLikeF": "69", "HeatIndexC": "21", "HeatIndexF": "69", "humidity": "84", "precipMM": "1.4", "pressure": "1009", "tempC": "21", "tempF": "69", "time": "2300", "visibility": "9", "weatherCode": "296",  "weatherDesc": [ {"value": "Light rain" } ],  "weatherIconUrl": [ {"value": "http:\/\/cdn.worldweatheronline.net\/images\/wsymbols01_png_64\/wsymbol_0033_cloudy_with_light_rain_night.png" } ], "WindChillC": "21", "WindChillF": "69", "winddir16Point": "NNE", "winddirDegree": "32", "WindGustKmph": "48", "WindGustMiles": "30", "windspeedKmph": "35", "windspeedMiles": "22" } ], "maxtempC": "31", "maxtempF": "87", "mintempC": "21", "mintempF": "69" } ] }}