{ "data": { "request": [ {"query": "Lat 25.13 and Lon 121.73", "type": "LatLon" } ],  "weather": [ { "astronomy": [ {"moonrise": "11:22 PM", "moonset": "09:39 AM", "sunrise": "06:14 AM", "sunset": "05:56 PM" } ], "date": "2013-03-03",  "hourly": [ {"cloudcover": "94", "DewPointC": "10", "DewPointF": "49", "FeelsLikeC": "10", "FeelsLikeF": "50", "HeatIndexC": "13", "HeatIndexF": "55", "humidity": "81", "precipMM": "0.3", "pressure": "1024", "tempC": "13", "tempF": "55", "time": "200", "visibility": "2", "weatherCode": "266",  "weatherDesc": [ {"value": "Light drizzle" } ],  "weatherIconUrl": [ {"value": "http:\/\/cdn.worldweatheronline.net\/images\/wsymbols01_png_64\/wsymbol_0033_cloudy_with_light_rain_night.png" } ], "WindChillC": "10", "WindChillF": "50", "winddir16Point": "NNE", "winddirDegree": "22", "WindGustKmph": "39", "WindGustMiles": "24", "windspeedKmph": "33", "windspeedMiles": "21" }, {"cloudcover": "84", "DewPointC": "9", "DewPointF": "49", "FeelsLikeC": "10", "FeelsLikeF": "50", "HeatIndexC": "13", "HeatIndexF": "55", "humidity": "80", "precipMM": "0.3", "pressure": "1024", "tempC": "13", "tempF": "55", "time": "500", "visibility": "2", "weatherCode": "266",  "weatherDesc": [ {"value": "Light drizzle" } ],  "weatherIconUrl": [ {"value": "http:\/\/cdn.worldweatheronline.net\/images\/wsymbols01_png_64\/wsymbol_0033_cloudy_with_light_rain_night.png" } ], "WindChillC": "10", "WindChillF": "50", "winddir16Point": "NNE", "winddirDegree": "21", "WindGustKmph": "35", "WindGustMiles": "21", "windspeedKmph": "29", "windspeedMiles": "18" }, {"cloudcover": "79", "DewPointC": "10", "DewPointF": "50", "FeelsLikeC": "11", "FeelsLikeF": "52", "HeatIndexC": "13", "HeatIndexF": "56", "humidity": "78", "precipMM": "0.2", "pressure": "1024", "tempC": "13", "tempF": "55", "time": "800", "visibility": "2", "weatherCode": "266",  "weatherDesc": [ {"value": "Light drizzle" } ],  "weatherIconUrl": [ {"value": "http:\/\/cdn.worldweatheronline.net\/images\/wsymbols01_png_64\/wsymbol_0017_cloudy_with_light_rain.png" } ], "WindChillC": "11", "WindChillF": "52", "winddir16Point": "NNE", "winddirDegree": "22", "WindGustKmph": "33", "WindGustMiles": "20", "windspeedKmph": "28", "windspeedMiles": "18" }, {"cloudcover": "72", "DewPointC": "10", "DewPointF": "50", "FeelsLikeC": "12", "FeelsLikeF": "54", "HeatIndexC": "14", "HeatIndexF": "58", "humidity": "77", "precipMM": "0.2", "pressure": "1025", "tempC": "14", "tempF": "56", "time": "1100", "visibility": "5", "weatherCode": "263",  "weatherDesc": [ {"value": "Patchy light drizzle" } ],  "weatherIconUrl": [ {"value": "http:\/\/cdn.worldweatheronline.net\/images\/wsymbols01_png_64\/wsymbol_0009_light_rain_showers.png" } ], "WindChillC": "12", "WindChillF": "54", "winddir16Point": "NNE", "winddirDegree": "21", "WindGustKmph": "33", "WindGustMiles": "21", "windspeedKmph": "29", "windspeedMiles": "18" }, {"cloudcover": "52", "DewPointC": "10", "DewPointF": "50", "FeelsLikeC": "15", "FeelsLikeF": "59", "HeatIndexC": "15", "HeatIndexF": "59", "humidity": "73", "precipMM": "0.1", "pressure": "1024", "tempC": "14", "tempF": "57", "time": "1400", "visibility": "10", "weatherCode": "116",  "weatherDesc": [ {"value": "Partly Cloudy" } ],  "weatherIconUrl": [ {"value": "http:\/\/cdn.worldweatheronline.net\/images\/wsymbols01_png_64\/wsymbol_0002_sunny_intervals.png" } ], "WindChillC": "15", "WindChillF": "59", "winddir16Point": "NNE", "winddirDegree": "22", "WindGustKmph": "33", "WindGustMiles": "21", "windspeedKmph": "29", "windspeedMiles": "18" }, {"cloudcover": "29", "DewPointC": "10", "DewPointF": "49", "FeelsLikeC": "13", "FeelsLikeF": "55", "HeatIndexC": "14", "HeatIndexF": "58", "humidity": "73", "precipMM": "0.0", "pressure": "1023", "tempC": "14", "tempF": "57", "time": "1700", "visibility": "10", "weatherCode": "116",  "weatherDesc": [ {"value": "Partly Cloudy" } ],  "weatherIconUrl": [ {"value": "http:\/\/cdn.worldweatheronline.net\/images\/wsymbols01_png_64\/wsymbol_0002_sunny_intervals.png" } ], "WindChillC": "13", "WindChillF": "55", "winddir16Point": "NNE", "winddirDegree": "22", "WindGustKmph": "31", "WindGustMiles": "19", "windspeedKmph": "27", "windspeedMiles": "17" }, {"cloudcover": "16", "DewPointC": "9", "DewPointF": "48", "FeelsLikeC": "11", "FeelsLikeF": "52", "HeatIndexC": "13", "HeatIndexF": "56", "humidity": "74", "precipMM": "0.0", "pressure": "1024", "tempC": "13", "tempF": "56", "time": "2000", "visibility": "10", "weatherCode": "113",  "weatherDesc": [ {"value": "Clear" } ],  "weatherIconUrl": [ {"value": "http:\/\/cdn.worldweatheronline.net\/images\/wsymbols01_png_64\/wsymbol_0008_clear_sky_night.png" } ], "WindChillC": "11", "WindChillF": "52", "winddir16Point": "NNE", "winddirDegree": "22", "WindGustKmph": "29", "WindGustMiles": "18", "windspeedKmph": "25", "windspeedMiles": "16" }, {"cloudcover": "6", "DewPointC": "7", "DewPointF": "45", "FeelsLikeC": "11", "FeelsLikeF": "52", "HeatIndexC": "13", "HeatIndexF": "56", "humidity": "68", "precipMM": "0.0", "pressure": "1024", "tempC": "13", "tempF": "56", "time": "2300", "visibility": "10", "weatherCode": "113",  "weatherDesc": [ {"value": "Clear" } ],  "weatherIconUrl": [ {"value": "http:\/\/cdn.worldweatheronline.net\/images\/wsymbols01_png_64\/wsymbol_0008_clear_sky_night.png" } ], "WindChillC": "11", "WindChillF": "52", "winddir16Point": "NNE", "winddirDegree": "28", "WindGustKmph": "26", "WindGustMiles": "16", "windspeedKmph": "19", "windspeedMiles": "12" } ], "maxtempC": "14", "maxtempF": "57", "mintempC": "13", "mintempF": "55" } ] }}