{ "data": { "request": [ {"query": "Lat 25.13 and Lon 121.73", "type": "LatLon" } ],  "weather": [ { "astronomy": [ {"moonrise": "05:46 PM", "moonset": "06:16 AM", "sunrise": "06:38 AM", "sunset": "05:34 PM" } ], "date": "2013-01-27",  "hourly": [ {"cloudcover": "91", "DewPointC": "11", "DewPointF": "51", "FeelsLikeC": "12", "FeelsLikeF": "54", "HeatIndexC": "14", "HeatIndexF": "58", "humidity": "79", "precipMM": "1.2", "pressure": "1021", "tempC": "14", "tempF": "58", "time": "200", "visibility": "9", "weatherCode": "296",  "weatherDesc": [ {"value": "Light rain" } ],  "weatherIconUrl": [ {"value": "http:\/\/cdn.worldweatheronline.net\/images\/wsymbols01_png_64\/wsymbol_0033_cloudy_with_light_rain_night.png" } ], "WindChillC": "12", "WindChillF": "54", "winddir16Point": "NNE", "winddirDegree": "31", "WindGustKmph": "43", "WindGustMiles": "27", "windspeedKmph": "30", "windspeedMiles": "19" }, {"cloudcover": "67", "DewPointC": "10", "DewPointF": "49", "FeelsLikeC": "12", "FeelsLikeF": "53", "HeatIndexC": "14", "HeatIndexF": "57", "humidity": "75", "precipMM": "0.5", "pressure": "1022", "tempC": "14", "tempF": "57", "time": "500", "visibility": "5", "weatherCode": "263",  "weatherDesc": [ {"value": "Patchy light drizzle" } ],  "weatherIconUrl": [ {"value": "http:\/\/cdn.worldweatheronline.net\/images\/wsymbols01_png_64\/wsymbol_0025_light_rain_showers_night.png" } ], "WindChillC": "12", "WindChillF": "53", "winddir16Point": "NNE", "winddirDegree": "29", "WindGustKmph": "41", "WindGustMiles": "26", "windspeedKmph": "30", "windspeedMiles": "19" }, {"cloudcover": "86", "DewPointC": "9", "DewPointF": "48", "FeelsLikeC": "13", "FeelsLikeF": "55", "HeatIndexC": "15", "HeatIndexF": "58", "humidity": "69", "precipMM": "0.1", "pressure": "1024", "tempC": "14", "tempF": "58", "time": "800", "visibility": "10", "weatherCode": "119",  "weatherDesc": [ {"value": "Cloudy" } ],  "weatherIconUrl": [ {"value": "http:\/\/cdn.worldweatheronline.net\/images\/wsymbols01_png_64\/wsymbol_0003_white_cloud.png" } ], "WindChillC": "13", "WindChillF": "55", "winddir16Point": "NNE", "winddirDegree": "33", "WindGustKmph": "36", "WindGustMiles": "22", "windspeedKmph": "30", "windspeedMiles": "19" }, {"cloudcover": "37", "DewPointC": "10", "DewPointF": "49", "FeelsLikeC": "16", "FeelsLikeF": "60", "HeatIndexC": "16", "HeatIndexF": "60", "humidity": "66", "precipMM": "0.0", "pressure": "1025", "tempC": "15", "tempF": "59", "time": "1100", "visibility": "10", "weatherCode": "116",  "weatherDesc": [ {"value": "Partly Cloudy" } ],  "weatherIconUrl": [ {"value": "http:\/\/cdn.worldweatheronline.net\/images\/wsymbols01_png_64\/wsymbol_0002_sunny_intervals.png" } ], "WindChillC": "16", "WindChillF": "60", "winddir16Point": "NE", "winddirDegree": "35", "WindGustKmph": "35", "WindGustMiles": "21", "windspeedKmph": "30", "windspeedMiles": "19" }, {"cloudcover": "52", "DewPointC": "10", "DewPointF": "50", "FeelsLikeC": "16", "FeelsLikeF": "60", "HeatIndexC": "16", "HeatIndexF": "60", "humidity": "67", "precipMM": "0.1", "pressure": "1024", "tempC": "15", "tempF": "60", "time": "1400", "visibility": "10", "weatherCode": "116",  "weatherDesc": [ {"value": "Partly Cloudy" } ],  "weatherIconUrl": [ {"value": "http:\/\/cdn.worldweatheronline.net\/images\/wsymbols01_png_64\/wsymbol_0002_sunny_intervals.png" } ], "WindChillC": "16", "WindChillF": "60", "winddir16Point": "NNE", "winddirDegree": "32", "WindGustKmph": "35", "WindGustMiles": "22", "windspeedKmph": "31", "windspeedMiles": "19" }, {"cloudcover": "42", "DewPointC": "11", "DewPointF": "51", "FeelsLikeC": "16", "FeelsLikeF": "61", "HeatIndexC": "16", "HeatIndexF": "61", "humidity": "70", "precipMM": "0.1", "pressure": "1025", "tempC": "15", "tempF": "59", "time": "1700", "visibility": "10", "weatherCode": "116",  "weatherDesc": [ {"value": "Partly Cloudy" } ],  "weatherIconUrl": [ {"value": "http:\/\/cdn.worldweatheronline.net\/images\/wsymbols01_png_64\/wsymbol_0002_sunny_intervals.png" } ], "WindChillC": "16", "WindChillF": "61", "winddir16Point": "NE", "winddirDegree": "36", "WindGustKmph": "35", "WindGustMiles": "22", "windspeedKmph": "31", "windspeedMiles": "19" }, {"cloudcover": "40", "DewPointC": "9", "DewPointF": "49", "FeelsLikeC": "13", "FeelsLikeF": "55", "HeatIndexC": "15", "HeatIndexF": "58", "humidity": "71", "precipMM": "0.0", "pressure": "1026", "tempC": "15", "tempF": "58", "time": "2000", "visibility": "10", "weatherCode": "116",  "weatherDesc": [ {"value": "Partly Cloudy" } ],  "weatherIconUrl": [ {"value": "http:\/\/cdn.worldweatheronline.net\/images\/wsymbols01_png_64\/wsymbol_0004_black_low_cloud.png" } ], "WindChillC": "13", "WindChillF": "55", "winddir16Point": "NE", "winddirDegree": "46", "WindGustKmph": "35", "WindGustMiles": "21", "windspeedKmph": "30", "windspeedMiles": "19" }, {"cloudcover": "41", "DewPointC": "9", "DewPointF": "49", "FeelsLikeC": "13", "FeelsLikeF": "55", "HeatIndexC": "14", "HeatIndexF": "58", "humidity": "71", "precipMM": "0.0", "pressure": "1026", "tempC": "14", "tempF": "58", "time": "2300", "visibility": "10", "weatherCode": "116",  "weatherDesc": [ {"value": "Partly Cloudy" } ],  "weatherIconUrl": [ {"value": "http:\/\/cdn.worldweatheronline.net\/images\/wsymbols01_png_64\/wsymbol_0004_black_low_cloud.png" } ], "WindChillC": "13", "WindChillF": "55", "winddir16Point": "NE", "winddirDegree": "55", "WindGustKmph": "31", "WindGustMiles": "19", "windspeedKmph": "27", "windspeedMiles": "17" } ], "maxtempC": "15", "maxtempF": "60", "mintempC": "14", "mintempF": "57" } ] }}