{ "data": { "request": [ {"query": "Lat 25.13 and Lon 121.73", "type": "LatLon" } ],  "weather": [ { "astronomy": [ {"moonrise": "11:25 PM", "moonset": "10:07 AM", "sunrise": "06:35 AM", "sunset": "05:39 PM" } ], "date": "2013-02-02",  "hourly": [ {"cloudcover": "14", "DewPointC": "18", "DewPointF": "65", "FeelsLikeC": "20", "FeelsLikeF": "68", "HeatIndexC": "20", "HeatIndexF": "68", "humidity": "91", "precipMM": "0.0", "pressure": "1021", "tempC": "20", "tempF": "68", "time": "200", "visibility": "10", "weatherCode": "113",  "weatherDesc": [ {"value": "Clear" } ],  "weatherIconUrl": [ {"value": "http:\/\/cdn.worldweatheronline.net\/images\/wsymbols01_png_64\/wsymbol_0008_clear_sky_night.png" } ], "WindChillC": "20", "WindChillF": "68", "winddir16Point": "ESE", "winddirDegree": "121", "WindGustKmph": "22", "WindGustMiles": "13", "windspeedKmph": "12", "windspeedMiles": "7" }, {"cloudcover": "26", "DewPointC": "18", "DewPointF": "65", "FeelsLikeC": "19", "FeelsLikeF": "67", "HeatIndexC": "19", "HeatIndexF": "67", "humidity": "92", "precipMM": "0.0", "pressure": "1021", "tempC": "19", "tempF": "67", "time": "500", "visibility": "10", "weatherCode": "116",  "weatherDesc": [ {"value": "Partly Cloudy" } ],  "weatherIconUrl": [ {"value": "http:\/\/cdn.worldweatheronline.net\/images\/wsymbols01_png_64\/wsymbol_0004_black_low_cloud.png" } ], "WindChillC": "19", "WindChillF": "67", "winddir16Point": "E", "winddirDegree": "91", "WindGustKmph": "22", "WindGustMiles": "14", "windspeedKmph": "12", "windspeedMiles": "8" }, {"cloudcover": "70", "DewPointC": "19", "DewPointF": "67", "FeelsLikeC": "21", "FeelsLikeF": "70", "HeatIndexC": "21", "HeatIndexF": "70", "humidity": "91", "precipMM": "0.2", "pressure": "1022", "tempC": "20", "tempF": "68", "time": "800", "visibility": "5", "weatherCode": "263",  "weatherDesc": [ {"value": "Patchy light drizzle" } ],  "weatherIconUrl": [ {"value": "http:\/\/cdn.worldweatheronline.net\/images\/wsymbols01_png_64\/wsymbol_0009_light_rain_showers.png" } ], "WindChillC": "21", "WindChillF": "70", "winddir16Point": "ENE", "winddirDegree": "66", "WindGustKmph": "24", "WindGustMiles": "15", "windspeedKmph": "18", "windspeedMiles": "11" }, {"cloudcover": "100", "DewPointC": "20", "DewPointF": "68", "FeelsLikeC": "22", "FeelsLikeF": "71", "HeatIndexC": "24", "HeatIndexF": "76", "humidity": "90", "precipMM": "0.7", "pressure": "1024", "tempC": "21", "tempF": "69", "time": "1100", "visibility": "2", "weatherCode": "266",  "weatherDesc": [ {"value": "Light drizzle" } ],  "weatherIconUrl": [ {"value": "http:\/\/cdn.worldweatheronline.net\/images\/wsymbols01_png_64\/wsymbol_0017_cloudy_with_light_rain.png" } ], "WindChillC": "22", "WindChillF": "71", "winddir16Point": "ENE", "winddirDegree": "56", "WindGustKmph": "32", "WindGustMiles": "20", "windspeedKmph": "28", "windspeedMiles": "17" }, {"cloudcover": "99", "DewPointC": "21", "DewPointF": "70", "FeelsLikeC": "22", "FeelsLikeF": "72", "HeatIndexC": "25", "HeatIndexF": "77", "humidity": "91", "precipMM": "1.3", "pressure": "1022", "tempC": "22", "tempF": "71", "time": "1400", "visibility": "9", "weatherCode": "296",  "weatherDesc": [ {"value": "Light rain" } ],  "weatherIconUrl": [ {"value": "http:\/\/cdn.worldweatheronline.net\/images\/wsymbols01_png_64\/wsymbol_0017_cloudy_with_light_rain.png" } ], "WindChillC": "22", "WindChillF": "72", "winddir16Point": "NE", "winddirDegree": "56", "WindGustKmph": "39", "WindGustMiles": "24", "windspeedKmph": "34", "windspeedMiles": "21" }, {"cloudcover": "94", "DewPointC": "20", "DewPointF": "69", "FeelsLikeC": "22", "FeelsLikeF": "71", "HeatIndexC": "24", "HeatIndexF": "76", "humidity": "91", "precipMM": "1.0", "pressure": "1022", "tempC": "21", "tempF": "70", "time": "1700", "visibility": "9", "weatherCode": "296",  "weatherDesc": [ {"value": "Light rain" } ],  "weatherIconUrl": [ {"value": "http:\/\/cdn.worldweatheronline.net\/images\/wsymbols01_png_64\/wsymbol_0017_cloudy_with_light_rain.png" } ], "WindChillC": "22", "WindChillF": "71", "winddir16Point": "ENE", "winddirDegree": "60", "WindGustKmph": "41", "WindGustMiles": "25", "windspeedKmph": "35", "windspeedMiles": "22" }, {"cloudcover": "100", "DewPointC": "19", "DewPointF": "66", "FeelsLikeC": "21", "FeelsLikeF": "69", "HeatIndexC": "21", "HeatIndexF": "69", "humidity": "91", "precipMM": "1.0", "pressure": "1023", "tempC": "21", "tempF": "69", "time": "2000", "visibility": "9", "weatherCode": "296",  "weatherDesc": [ {"value": "Light rain" } ],  "weatherIconUrl": [ {"value": "http:\/\/cdn.worldweatheronline.net\/images\/wsymbols01_png_64\/wsymbol_0033_cloudy_with_light_rain_night.png" } ], "WindChillC": "21", "WindChillF": "69", "winddir16Point": "ENE", "winddirDegree": "65", "WindGustKmph": "39", "WindGustMiles": "24", "windspeedKmph": "34", "windspeedMiles": "21" }, {"cloudcover": "100", "DewPointC": "19", "DewPointF": "66", "FeelsLikeC": "20", "FeelsLikeF": "68", "HeatIndexC": "20", "HeatIndexF": "68", "humidity": "92", "precipMM": "1.5", "pressure": "1023", "tempC": "20", "tempF": "68", "time": "2300", "visibility": "9", "weatherCode": "296",  "weatherDesc": [ {"value": "Light rain" } ],  "weatherIconUrl": [ {"value": "http:\/\/cdn.worldweatheronline.net\/images\/wsymbols01_png_64\/wsymbol_0033_cloudy_with_light_rain_night.png" } ], "WindChillC": "20", "WindChillF": "68", "winddir16Point": "ENE", "winddirDegree": "71", "WindGustKmph": "39", "WindGustMiles": "24", "windspeedKmph": "33", "windspeedMiles": "21" } ], "maxtempC": "22", "maxtempF": "71", "mintempC": "19", "mintempF": "67" } ] }}