{ "data": { "request": [ {"query": "Lat 25.13 and Lon 121.73", "type": "LatLon" } ],  "weather": [ { "astronomy": [ {"moonrise": "03:09 AM", "moonset": "02:31 PM", "sunrise": "06:09 AM", "sunset": "05:59 PM" } ], "date": "2013-03-08",  "hourly": [ {"cloudcover": "0", "DewPointC": "13", "DewPointF": "56", "FeelsLikeC": "19", "FeelsLikeF": "65", "HeatIndexC": "19", "HeatIndexF": "65", "humidity": "72", "precipMM": "0.0", "pressure": "1018", "tempC": "19", "tempF": "65", "time": "200", "visibility": "10", "weatherCode": "113",  "weatherDesc": [ {"value": "Clear" } ],  "weatherIconUrl": [ {"value": "http:\/\/cdn.worldweatheronline.net\/images\/wsymbols01_png_64\/wsymbol_0008_clear_sky_night.png" } ], "WindChillC": "19", "WindChillF": "65", "winddir16Point": "SSE", "winddirDegree": "162", "WindGustKmph": "20", "WindGustMiles": "12", "windspeedKmph": "11", "windspeedMiles": "7" }, {"cloudcover": "0", "DewPointC": "13", "DewPointF": "56", "FeelsLikeC": "18", "FeelsLikeF": "65", "HeatIndexC": "18", "HeatIndexF": "65", "humidity": "72", "precipMM": "0.0", "pressure": "1016", "tempC": "18", "tempF": "65", "time": "500", "visibility": "10", "weatherCode": "113",  "weatherDesc": [ {"value": "Clear" } ],  "weatherIconUrl": [ {"value": "http:\/\/cdn.worldweatheronline.net\/images\/wsymbols01_png_64\/wsymbol_0008_clear_sky_night.png" } ], "WindChillC": "18", "WindChillF": "65", "winddir16Point": "SSW", "winddirDegree": "192", "WindGustKmph": "19", "WindGustMiles": "12", "windspeedKmph": "10", "windspeedMiles": "6" }, {"cloudcover": "0", "DewPointC": "13", "DewPointF": "55", "FeelsLikeC": "21", "FeelsLikeF": "71", "HeatIndexC": "24", "HeatIndexF": "76", "humidity": "59", "precipMM": "0.0", "pressure": "1017", "tempC": "20", "tempF": "68", "time": "800", "visibility": "10", "weatherCode": "113",  "weatherDesc": [ {"value": "Sunny" } ],  "weatherIconUrl": [ {"value": "http:\/\/cdn.worldweatheronline.net\/images\/wsymbols01_png_64\/wsymbol_0001_sunny.png" } ], "WindChillC": "21", "WindChillF": "71", "winddir16Point": "SW", "winddirDegree": "232", "WindGustKmph": "13", "WindGustMiles": "8", "windspeedKmph": "10", "windspeedMiles": "6" }, {"cloudcover": "0", "DewPointC": "13", "DewPointF": "56", "FeelsLikeC": "26", "FeelsLikeF": "79", "HeatIndexC": "26", "HeatIndexF": "79", "humidity": "46", "precipMM": "0.0", "pressure": "1018", "tempC": "24", "tempF": "75", "time": "1100", "visibility": "10", "weatherCode": "113",  "weatherDesc": [ {"value": "Sunny" } ],  "weatherIconUrl": [ {"value": "http:\/\/cdn.worldweatheronline.net\/images\/wsymbols01_png_64\/wsymbol_0001_sunny.png" } ], "WindChillC": "26", "WindChillF": "78", "winddir16Point": "WSW", "winddirDegree": "258", "WindGustKmph": "9", "WindGustMiles": "6", "windspeedKmph": "8", "windspeedMiles": "5" }, {"cloudcover": "0", "DewPointC": "15", "DewPointF": "59", "FeelsLikeC": "27", "FeelsLikeF": "81", "HeatIndexC": "27", "HeatIndexF": "81", "humidity": "47", "precipMM": "0.0", "pressure": "1016", "tempC": "25", "tempF": "78", "time": "1400", "visibility": "10", "weatherCode": "113",  "weatherDesc": [ {"value": "Sunny" } ],  "weatherIconUrl": [ {"value": "http:\/\/cdn.worldweatheronline.net\/images\/wsymbols01_png_64\/wsymbol_0001_sunny.png" } ], "WindChillC": "27", "WindChillF": "81", "winddir16Point": "WNW", "winddirDegree": "284", "WindGustKmph": "3", "WindGustMiles": "2", "windspeedKmph": "3", "windspeedMiles": "2" }, {"cloudcover": "0", "DewPointC": "16", "DewPointF": "60", "FeelsLikeC": "26", "FeelsLikeF": "79", "HeatIndexC": "26", "HeatIndexF": "79", "humidity": "55", "precipMM": "0.0", "pressure": "1015", "tempC": "24", "tempF": "74", "time": "1700", "visibility": "10", "weatherCode": "113",  "weatherDesc": [ {"value": "Sunny" } ],  "weatherIconUrl": [ {"value": "http:\/\/cdn.worldweatheronline.net\/images\/wsymbols01_png_64\/wsymbol_0001_sunny.png" } ], "WindChillC": "25", "WindChillF": "78", "winddir16Point": "SE", "winddirDegree": "146", "WindGustKmph": "6", "WindGustMiles": "4", "windspeedKmph": "6", "windspeedMiles": "4" }, {"cloudcover": "0", "DewPointC": "16", "DewPointF": "61", "FeelsLikeC": "25", "FeelsLikeF": "76", "HeatIndexC": "25", "HeatIndexF": "76", "humidity": "69", "precipMM": "0.0", "pressure": "1016", "tempC": "22", "tempF": "72", "time": "2000", "visibility": "10", "weatherCode": "113",  "weatherDesc": [ {"value": "Clear" } ],  "weatherIconUrl": [ {"value": "http:\/\/cdn.worldweatheronline.net\/images\/wsymbols01_png_64\/wsymbol_0008_clear_sky_night.png" } ], "WindChillC": "22", "WindChillF": "72", "winddir16Point": "SSE", "winddirDegree": "155", "WindGustKmph": "16", "WindGustMiles": "10", "windspeedKmph": "12", "windspeedMiles": "8" }, {"cloudcover": "0", "DewPointC": "17", "DewPointF": "63", "FeelsLikeC": "22", "FeelsLikeF": "71", "HeatIndexC": "24", "HeatIndexF": "76", "humidity": "77", "precipMM": "0.0", "pressure": "1017", "tempC": "22", "tempF": "71", "time": "2300", "visibility": "10", "weatherCode": "113",  "weatherDesc": [ {"value": "Clear" } ],  "weatherIconUrl": [ {"value": "http:\/\/cdn.worldweatheronline.net\/images\/wsymbols01_png_64\/wsymbol_0008_clear_sky_night.png" } ], "WindChillC": "22", "WindChillF": "71", "winddir16Point": "SSE", "winddirDegree": "155", "WindGustKmph": "20", "WindGustMiles": "12", "windspeedKmph": "13", "windspeedMiles": "8" } ], "maxtempC": "25", "maxtempF": "78", "mintempC": "18", "mintempF": "65" } ] }}