{ "data": { "request": [ {"query": "Lat 25.13 and Lon 121.73", "type": "LatLon" } ],  "weather": [ { "astronomy": [ {"moonrise": "04:29 AM", "moonset": "05:52 PM", "sunrise": "05:12 AM", "sunset": "06:27 PM" } ], "date": "2013-05-09",  "hourly": [ {"cloudcover": "91", "DewPointC": "22", "DewPointF": "72", "FeelsLikeC": "28", "FeelsLikeF": "82", "HeatIndexC": "28", "HeatIndexF": "82", "humidity": "84", "precipMM": "0.1", "pressure": "1012", "tempC": "25", "tempF": "77", "time": "200", "visibility": "10", "weatherCode": "122",  "weatherDesc": [ {"value": "Overcast" } ],  "weatherIconUrl": [ {"value": "http:\/\/cdn.worldweatheronline.net\/images\/wsymbols01_png_64\/wsymbol_0004_black_low_cloud.png" } ], "WindChillC": "25", "WindChillF": "77", "winddir16Point": "SSE", "winddirDegree": "151", "WindGustKmph": "24", "WindGustMiles": "15", "windspeedKmph": "21", "windspeedMiles": "13" }, {"cloudcover": "60", "DewPointC": "22", "DewPointF": "71", "FeelsLikeC": "27", "FeelsLikeF": "80", "HeatIndexC": "27", "HeatIndexF": "80", "humidity": "86", "precipMM": "0.1", "pressure": "1011", "tempC": "24", "tempF": "76", "time": "500", "visibility": "10", "weatherCode": "116",  "weatherDesc": [ {"value": "Partly Cloudy" } ],  "weatherIconUrl": [ {"value": "http:\/\/cdn.worldweatheronline.net\/images\/wsymbols01_png_64\/wsymbol_0004_black_low_cloud.png" } ], "WindChillC": "24", "WindChillF": "76", "winddir16Point": "SSE", "winddirDegree": "156", "WindGustKmph": "27", "WindGustMiles": "17", "windspeedKmph": "19", "windspeedMiles": "12" }, {"cloudcover": "56", "DewPointC": "25", "DewPointF": "76", "FeelsLikeC": "32", "FeelsLikeF": "89", "HeatIndexC": "32", "HeatIndexF": "89", "humidity": "83", "precipMM": "0.1", "pressure": "1012", "tempC": "25", "tempF": "78", "time": "800", "visibility": "10", "weatherCode": "116",  "weatherDesc": [ {"value": "Partly Cloudy" } ],  "weatherIconUrl": [ {"value": "http:\/\/cdn.worldweatheronline.net\/images\/wsymbols01_png_64\/wsymbol_0002_sunny_intervals.png" } ], "WindChillC": "28", "WindChillF": "82", "winddir16Point": "SSE", "winddirDegree": "162", "WindGustKmph": "21", "WindGustMiles": "13", "windspeedKmph": "18", "windspeedMiles": "11" }, {"cloudcover": "21", "DewPointC": "24", "DewPointF": "75", "FeelsLikeC": "33", "FeelsLikeF": "92", "HeatIndexC": "33", "HeatIndexF": "92", "humidity": "74", "precipMM": "0.0", "pressure": "1012", "tempC": "27", "tempF": "81", "time": "1100", "visibility": "10", "weatherCode": "113",  "weatherDesc": [ {"value": "Sunny" } ],  "weatherIconUrl": [ {"value": "http:\/\/cdn.worldweatheronline.net\/images\/wsymbols01_png_64\/wsymbol_0001_sunny.png" } ], "WindChillC": "29", "WindChillF": "84", "winddir16Point": "SSE", "winddirDegree": "166", "WindGustKmph": "16", "WindGustMiles": "10", "windspeedKmph": "14", "windspeedMiles": "9" }, {"cloudcover": "18", "DewPointC": "26", "DewPointF": "78", "FeelsLikeC": "38", "FeelsLikeF": "100", "HeatIndexC": "38", "HeatIndexF": "100", "humidity": "75", "precipMM": "0.0", "pressure": "1010", "tempC": "29", "tempF": "83", "time": "1400", "visibility": "10", "weatherCode": "113",  "weatherDesc": [ {"value": "Sunny" } ],  "weatherIconUrl": [ {"value": "http:\/\/cdn.worldweatheronline.net\/images\/wsymbols01_png_64\/wsymbol_0001_sunny.png" } ], "WindChillC": "31", "WindChillF": "87", "winddir16Point": "SSE", "winddirDegree": "164", "WindGustKmph": "13", "WindGustMiles": "8", "windspeedKmph": "11", "windspeedMiles": "7" }, {"cloudcover": "39", "DewPointC": "26", "DewPointF": "79", "FeelsLikeC": "37", "FeelsLikeF": "98", "HeatIndexC": "37", "HeatIndexF": "98", "humidity": "80", "precipMM": "0.0", "pressure": "1009", "tempC": "28", "tempF": "83", "time": "1700", "visibility": "10", "weatherCode": "116",  "weatherDesc": [ {"value": "Partly Cloudy" } ],  "weatherIconUrl": [ {"value": "http:\/\/cdn.worldweatheronline.net\/images\/wsymbols01_png_64\/wsymbol_0002_sunny_intervals.png" } ], "WindChillC": "30", "WindChillF": "86", "winddir16Point": "SSE", "winddirDegree": "154", "WindGustKmph": "16", "WindGustMiles": "10", "windspeedKmph": "14", "windspeedMiles": "9" }, {"cloudcover": "26", "DewPointC": "24", "DewPointF": "76", "FeelsLikeC": "31", "FeelsLikeF": "87", "HeatIndexC": "31", "HeatIndexF": "87", "humidity": "85", "precipMM": "0.0", "pressure": "1010", "tempC": "27", "tempF": "80", "time": "2000", "visibility": "10", "weatherCode": "116",  "weatherDesc": [ {"value": "Partly Cloudy" } ],  "weatherIconUrl": [ {"value": "http:\/\/cdn.worldweatheronline.net\/images\/wsymbols01_png_64\/wsymbol_0004_black_low_cloud.png" } ], "WindChillC": "27", "WindChillF": "80", "winddir16Point": "SSE", "winddirDegree": "157", "WindGustKmph": "19", "WindGustMiles": "12", "windspeedKmph": "17", "windspeedMiles": "11" }, {"cloudcover": "17", "DewPointC": "24", "DewPointF": "74", "FeelsLikeC": "29", "FeelsLikeF": "84", "HeatIndexC": "29", "HeatIndexF": "84", "humidity": "86", "precipMM": "0.0", "pressure": "1010", "tempC": "26", "tempF": "79", "time": "2300", "visibility": "10", "weatherCode": "113",  "weatherDesc": [ {"value": "Clear" } ],  "weatherIconUrl": [ {"value": "http:\/\/cdn.worldweatheronline.net\/images\/wsymbols01_png_64\/wsymbol_0008_clear_sky_night.png" } ], "WindChillC": "26", "WindChillF": "79", "winddir16Point": "S", "winddirDegree": "170", "WindGustKmph": "19", "WindGustMiles": "12", "windspeedKmph": "16", "windspeedMiles": "10" } ], "maxtempC": "29", "maxtempF": "83", "mintempC": "24", "mintempF": "76" } ] }}