{ "data": { "request": [ {"query": "Lat 25.13 and Lon 121.73", "type": "LatLon" } ],  "weather": [ { "astronomy": [ {"moonrise": "12:13 AM", "moonset": "11:24 AM", "sunrise": "05:43 AM", "sunset": "06:10 PM" } ], "date": "2013-04-03",  "hourly": [ {"cloudcover": "88", "DewPointC": "13", "DewPointF": "56", "FeelsLikeC": "18", "FeelsLikeF": "65", "HeatIndexC": "18", "HeatIndexF": "65", "humidity": "73", "precipMM": "0.2", "pressure": "1017", "tempC": "18", "tempF": "65", "time": "200", "visibility": "2", "weatherCode": "266",  "weatherDesc": [ {"value": "Light drizzle" } ],  "weatherIconUrl": [ {"value": "http:\/\/cdn.worldweatheronline.net\/images\/wsymbols01_png_64\/wsymbol_0033_cloudy_with_light_rain_night.png" } ], "WindChillC": "18", "WindChillF": "65", "winddir16Point": "ENE", "winddirDegree": "69", "WindGustKmph": "22", "WindGustMiles": "13", "windspeedKmph": "19", "windspeedMiles": "12" }, {"cloudcover": "46", "DewPointC": "13", "DewPointF": "56", "FeelsLikeC": "17", "FeelsLikeF": "63", "HeatIndexC": "17", "HeatIndexF": "63", "humidity": "77", "precipMM": "0.9", "pressure": "1016", "tempC": "17", "tempF": "63", "time": "500", "visibility": "9", "weatherCode": "293",  "weatherDesc": [ {"value": "Patchy light rain" } ],  "weatherIconUrl": [ {"value": "http:\/\/cdn.worldweatheronline.net\/images\/wsymbols01_png_64\/wsymbol_0033_cloudy_with_light_rain_night.png" } ], "WindChillC": "17", "WindChillF": "63", "winddir16Point": "ENE", "winddirDegree": "76", "WindGustKmph": "26", "WindGustMiles": "16", "windspeedKmph": "21", "windspeedMiles": "13" }, {"cloudcover": "55", "DewPointC": "15", "DewPointF": "59", "FeelsLikeC": "20", "FeelsLikeF": "68", "HeatIndexC": "20", "HeatIndexF": "68", "humidity": "73", "precipMM": "0.1", "pressure": "1016", "tempC": "18", "tempF": "65", "time": "800", "visibility": "10", "weatherCode": "116",  "weatherDesc": [ {"value": "Partly Cloudy" } ],  "weatherIconUrl": [ {"value": "http:\/\/cdn.worldweatheronline.net\/images\/wsymbols01_png_64\/wsymbol_0002_sunny_intervals.png" } ], "WindChillC": "20", "WindChillF": "68", "winddir16Point": "E", "winddirDegree": "83", "WindGustKmph": "27", "WindGustMiles": "17", "windspeedKmph": "23", "windspeedMiles": "15" }, {"cloudcover": "54", "DewPointC": "17", "DewPointF": "62", "FeelsLikeC": "22", "FeelsLikeF": "71", "HeatIndexC": "25", "HeatIndexF": "76", "humidity": "72", "precipMM": "0.1", "pressure": "1016", "tempC": "21", "tempF": "69", "time": "1100", "visibility": "10", "weatherCode": "116",  "weatherDesc": [ {"value": "Partly Cloudy" } ],  "weatherIconUrl": [ {"value": "http:\/\/cdn.worldweatheronline.net\/images\/wsymbols01_png_64\/wsymbol_0002_sunny_intervals.png" } ], "WindChillC": "22", "WindChillF": "71", "winddir16Point": "E", "winddirDegree": "89", "WindGustKmph": "30", "WindGustMiles": "18", "windspeedKmph": "26", "windspeedMiles": "16" }, {"cloudcover": "48", "DewPointC": "18", "DewPointF": "64", "FeelsLikeC": "25", "FeelsLikeF": "78", "HeatIndexC": "25", "HeatIndexF": "78", "humidity": "72", "precipMM": "0.0", "pressure": "1014", "tempC": "23", "tempF": "73", "time": "1400", "visibility": "10", "weatherCode": "116",  "weatherDesc": [ {"value": "Partly Cloudy" } ],  "weatherIconUrl": [ {"value": "http:\/\/cdn.worldweatheronline.net\/images\/wsymbols01_png_64\/wsymbol_0002_sunny_intervals.png" } ], "WindChillC": "23", "WindChillF": "74", "winddir16Point": "E", "winddirDegree": "97", "WindGustKmph": "28", "WindGustMiles": "18", "windspeedKmph": "25", "windspeedMiles": "15" }, {"cloudcover": "60", "DewPointC": "19", "DewPointF": "65", "FeelsLikeC": "25", "FeelsLikeF": "78", "HeatIndexC": "25", "HeatIndexF": "78", "humidity": "74", "precipMM": "0.0", "pressure": "1013", "tempC": "22", "tempF": "72", "time": "1700", "visibility": "10", "weatherCode": "116",  "weatherDesc": [ {"value": "Partly Cloudy" } ],  "weatherIconUrl": [ {"value": "http:\/\/cdn.worldweatheronline.net\/images\/wsymbols01_png_64\/wsymbol_0002_sunny_intervals.png" } ], "WindChillC": "23", "WindChillF": "74", "winddir16Point": "ESE", "winddirDegree": "105", "WindGustKmph": "29", "WindGustMiles": "18", "windspeedKmph": "25", "windspeedMiles": "16" }, {"cloudcover": "49", "DewPointC": "16", "DewPointF": "61", "FeelsLikeC": "20", "FeelsLikeF": "69", "HeatIndexC": "20", "HeatIndexF": "69", "humidity": "77", "precipMM": "0.0", "pressure": "1014", "tempC": "20", "tempF": "69", "time": "2000", "visibility": "10", "weatherCode": "116",  "weatherDesc": [ {"value": "Partly Cloudy" } ],  "weatherIconUrl": [ {"value": "http:\/\/cdn.worldweatheronline.net\/images\/wsymbols01_png_64\/wsymbol_0004_black_low_cloud.png" } ], "WindChillC": "20", "WindChillF": "69", "winddir16Point": "ESE", "winddirDegree": "118", "WindGustKmph": "32", "WindGustMiles": "20", "windspeedKmph": "25", "windspeedMiles": "16" }, {"cloudcover": "20", "DewPointC": "16", "DewPointF": "60", "FeelsLikeC": "19", "FeelsLikeF": "67", "HeatIndexC": "19", "HeatIndexF": "67", "humidity": "79", "precipMM": "0.0", "pressure": "1013", "tempC": "19", "tempF": "67", "time": "2300", "visibility": "10", "weatherCode": "113",  "weatherDesc": [ {"value": "Clear" } ],  "weatherIconUrl": [ {"value": "http:\/\/cdn.worldweatheronline.net\/images\/wsymbols01_png_64\/wsymbol_0008_clear_sky_night.png" } ], "WindChillC": "19", "WindChillF": "67", "winddir16Point": "SE", "winddirDegree": "135", "WindGustKmph": "45", "WindGustMiles": "28", "windspeedKmph": "26", "windspeedMiles": "16" } ], "maxtempC": "23", "maxtempF": "73", "mintempC": "17", "mintempF": "63" } ] }}