{ "data": { "request": [ {"query": "Lat 25.13 and Lon 121.73", "type": "LatLon" } ],  "weather": [ { "astronomy": [ {"moonrise": "11:25 AM", "moonset": "No moonset", "sunrise": "06:40 AM", "sunset": "05:28 PM" } ], "date": "2013-01-19",  "hourly": [ {"cloudcover": "70", "DewPointC": "11", "DewPointF": "52", "FeelsLikeC": "13", "FeelsLikeF": "56", "HeatIndexC": "15", "HeatIndexF": "59", "humidity": "77", "precipMM": "0.2", "pressure": "1026", "tempC": "15", "tempF": "59", "time": "200", "visibility": "10", "weatherCode": "353",  "weatherDesc": [ {"value": "Light rain shower" } ],  "weatherIconUrl": [ {"value": "http:\/\/cdn.worldweatheronline.net\/images\/wsymbols01_png_64\/wsymbol_0025_light_rain_showers_night.png" } ], "WindChillC": "13", "WindChillF": "56", "winddir16Point": "ENE", "winddirDegree": "72", "WindGustKmph": "30", "WindGustMiles": "19", "windspeedKmph": "26", "windspeedMiles": "16" }, {"cloudcover": "74", "DewPointC": "10", "DewPointF": "50", "FeelsLikeC": "12", "FeelsLikeF": "54", "HeatIndexC": "14", "HeatIndexF": "57", "humidity": "77", "precipMM": "0.1", "pressure": "1025", "tempC": "14", "tempF": "57", "time": "500", "visibility": "10", "weatherCode": "119",  "weatherDesc": [ {"value": "Cloudy" } ],  "weatherIconUrl": [ {"value": "http:\/\/cdn.worldweatheronline.net\/images\/wsymbols01_png_64\/wsymbol_0004_black_low_cloud.png" } ], "WindChillC": "12", "WindChillF": "54", "winddir16Point": "E", "winddirDegree": "83", "WindGustKmph": "37", "WindGustMiles": "23", "windspeedKmph": "25", "windspeedMiles": "16" }, {"cloudcover": "64", "DewPointC": "12", "DewPointF": "53", "FeelsLikeC": "16", "FeelsLikeF": "61", "HeatIndexC": "16", "HeatIndexF": "61", "humidity": "75", "precipMM": "0.1", "pressure": "1025", "tempC": "15", "tempF": "59", "time": "800", "visibility": "10", "weatherCode": "119",  "weatherDesc": [ {"value": "Cloudy" } ],  "weatherIconUrl": [ {"value": "http:\/\/cdn.worldweatheronline.net\/images\/wsymbols01_png_64\/wsymbol_0003_white_cloud.png" } ], "WindChillC": "16", "WindChillF": "61", "winddir16Point": "E", "winddirDegree": "97", "WindGustKmph": "30", "WindGustMiles": "18", "windspeedKmph": "26", "windspeedMiles": "16" }, {"cloudcover": "54", "DewPointC": "13", "DewPointF": "55", "FeelsLikeC": "18", "FeelsLikeF": "65", "HeatIndexC": "18", "HeatIndexF": "65", "humidity": "70", "precipMM": "0.1", "pressure": "1026", "tempC": "17", "tempF": "63", "time": "1100", "visibility": "10", "weatherCode": "116",  "weatherDesc": [ {"value": "Partly Cloudy" } ],  "weatherIconUrl": [ {"value": "http:\/\/cdn.worldweatheronline.net\/images\/wsymbols01_png_64\/wsymbol_0002_sunny_intervals.png" } ], "WindChillC": "18", "WindChillF": "65", "winddir16Point": "ESE", "winddirDegree": "107", "WindGustKmph": "32", "WindGustMiles": "20", "windspeedKmph": "28", "windspeedMiles": "17" }, {"cloudcover": "47", "DewPointC": "14", "DewPointF": "56", "FeelsLikeC": "20", "FeelsLikeF": "67", "HeatIndexC": "20", "HeatIndexF": "67", "humidity": "68", "precipMM": "0.0", "pressure": "1023", "tempC": "19", "tempF": "66", "time": "1400", "visibility": "10", "weatherCode": "116",  "weatherDesc": [ {"value": "Partly Cloudy" } ],  "weatherIconUrl": [ {"value": "http:\/\/cdn.worldweatheronline.net\/images\/wsymbols01_png_64\/wsymbol_0002_sunny_intervals.png" } ], "WindChillC": "20", "WindChillF": "67", "winddir16Point": "ESE", "winddirDegree": "116", "WindGustKmph": "35", "WindGustMiles": "22", "windspeedKmph": "30", "windspeedMiles": "19" }, {"cloudcover": "34", "DewPointC": "14", "DewPointF": "58", "FeelsLikeC": "20", "FeelsLikeF": "67", "HeatIndexC": "20", "HeatIndexF": "67", "humidity": "71", "precipMM": "0.0", "pressure": "1022", "tempC": "18", "tempF": "65", "time": "1700", "visibility": "10", "weatherCode": "116",  "weatherDesc": [ {"value": "Partly Cloudy" } ],  "weatherIconUrl": [ {"value": "http:\/\/cdn.worldweatheronline.net\/images\/wsymbols01_png_64\/wsymbol_0002_sunny_intervals.png" } ], "WindChillC": "20", "WindChillF": "67", "winddir16Point": "ESE", "winddirDegree": "123", "WindGustKmph": "34", "WindGustMiles": "21", "windspeedKmph": "30", "windspeedMiles": "18" }, {"cloudcover": "14", "DewPointC": "13", "DewPointF": "55", "FeelsLikeC": "17", "FeelsLikeF": "62", "HeatIndexC": "17", "HeatIndexF": "62", "humidity": "75", "precipMM": "0.1", "pressure": "1023", "tempC": "17", "tempF": "62", "time": "2000", "visibility": "10", "weatherCode": "113",  "weatherDesc": [ {"value": "Clear" } ],  "weatherIconUrl": [ {"value": "http:\/\/cdn.worldweatheronline.net\/images\/wsymbols01_png_64\/wsymbol_0008_clear_sky_night.png" } ], "WindChillC": "17", "WindChillF": "62", "winddir16Point": "SE", "winddirDegree": "124", "WindGustKmph": "45", "WindGustMiles": "28", "windspeedKmph": "28", "windspeedMiles": "17" }, {"cloudcover": "4", "DewPointC": "12", "DewPointF": "53", "FeelsLikeC": "16", "FeelsLikeF": "60", "HeatIndexC": "16", "HeatIndexF": "60", "humidity": "75", "precipMM": "0.0", "pressure": "1023", "tempC": "16", "tempF": "60", "time": "2300", "visibility": "10", "weatherCode": "113",  "weatherDesc": [ {"value": "Clear" } ],  "weatherIconUrl": [ {"value": "http:\/\/cdn.worldweatheronline.net\/images\/wsymbols01_png_64\/wsymbol_0008_clear_sky_night.png" } ], "WindChillC": "16", "WindChillF": "60", "winddir16Point": "SE", "winddirDegree": "133", "WindGustKmph": "56", "WindGustMiles": "35", "windspeedKmph": "28", "windspeedMiles": "18" } ], "maxtempC": "19", "maxtempF": "66", "mintempC": "14", "mintempF": "57" } ] }}